{
  "user_id": "U0004",
  "start_date": "2025-01-24",
  "start_weekday": "금",
  "duration_days": 1,
  "budget": 700000,
  "num_clusters": 1,
  "clustering_method": "greedy_score_based_with_store_hours",
  "seed_strategy": "highest_score_only",
  "max_cluster_radius_km": 6,
  "min_places_per_category": 7,
  "places_per_category": 15,
  "Accommodation": null,
  "clusters": [
    {
      "cluster_id": 0,
      "date": "2025-01-24",
      "weekday": "금",
      "seed_category": "Restaurant",
      "seed_place": {
        "id": 1323935877,
        "name": "푸짐이왕족발보쌈본점",
        "final_score": 0.535
      },
      "center_lat": 37.764918,
      "center_lng": 128.879761,
      "categories": {
        "Cafe": [
          {
            "id": 1263529731,
            "name": "인비토",
            "final_score": 0.2747,
            "distance_from_center": 0.15
          },
          {
            "id": 79408101,
            "name": "이디야커피 강릉교동택지점",
            "final_score": 0.1136,
            "distance_from_center": 0.17
          },
          {
            "id": 1459760339,
            "name": "스타벅스 강릉교동광장점",
            "final_score": 0.1171,
            "distance_from_center": 0.24
          },
          {
            "id": 1867724165,
            "name": "사루",
            "final_score": 0.2319,
            "distance_from_center": 0.25
          },
          {
            "id": 1526759655,
            "name": "텐퍼센트커피 강릉교동택지점",
            "final_score": 0.2585,
            "distance_from_center": 0.26
          },
          {
            "id": 1215792352,
            "name": "던킨 강릉교동점",
            "final_score": 0.3192,
            "distance_from_center": 0.29
          },
          {
            "id": 1352455905,
            "name": "화이트리에 강릉점",
            "final_score": 0.2055,
            "distance_from_center": 0.29
          },
          {
            "id": 1784470266,
            "name": "메가MGC커피 강릉교동솔올점",
            "final_score": 0.0008,
            "distance_from_center": 0.31
          },
          {
            "id": 36767042,
            "name": "크리스피크림도넛 강릉교동점",
            "final_score": 0.0867,
            "distance_from_center": 0.32
          },
          {
            "id": 1843451871,
            "name": "투썸플레이스 강릉교동택지점",
            "final_score": 0.1964,
            "distance_from_center": 0.35
          },
          {
            "id": 21095658,
            "name": "베이커리 가루",
            "final_score": 0.3058,
            "distance_from_center": 0.35
          },
          {
            "id": 38482509,
            "name": "52블럭",
            "final_score": 0.1632,
            "distance_from_center": 0.42
          },
          {
            "id": 1662017638,
            "name": "쎄라비",
            "final_score": 0.043,
            "distance_from_center": 0.44
          },
          {
            "id": 1662017638,
            "name": "쎄라비",
            "final_score": 0.043,
            "distance_from_center": 0.44
          },
          {
            "id": 1133303813,
            "name": "커피아워",
            "final_score": 0.2156,
            "distance_from_center": 0.47
          }
        ],
        "Restaurant": [
          {
            "id": 1323935877,
            "name": "푸짐이왕족발보쌈본점",
            "final_score": 0.535,
            "distance_from_center": 0.0
          },
          {
            "id": 1525974431,
            "name": "열정국밥 강릉교동점",
            "final_score": 0.4002,
            "distance_from_center": 0.01
          },
          {
            "id": 37917721,
            "name": "장군시오야끼 교동직영점",
            "final_score": 0.3914,
            "distance_from_center": 0.02
          },
          {
            "id": 15380143,
            "name": "춘천택지닭갈비",
            "final_score": 0.3029,
            "distance_from_center": 0.05
          },
          {
            "id": 1093428366,
            "name": "연길양꼬치",
            "final_score": 0.2381,
            "distance_from_center": 0.05
          },
          {
            "id": 36195920,
            "name": "꼼지락",
            "final_score": 0.3158,
            "distance_from_center": 0.05
          },
          {
            "id": 35363966,
            "name": "선풍",
            "final_score": 0.3656,
            "distance_from_center": 0.06
          },
          {
            "id": 1100692439,
            "name": "국밥생각 강릉교동점",
            "final_score": 0.4835,
            "distance_from_center": 0.08
          },
          {
            "id": 1901843013,
            "name": "봉화산설렁탕 교동점",
            "final_score": 0.2815,
            "distance_from_center": 0.11
          },
          {
            "id": 1126917861,
            "name": "본도시락 강릉교동점",
            "final_score": 0.2911,
            "distance_from_center": 0.11
          },
          {
            "id": 1270547426,
            "name": "여왕숯불갈비",
            "final_score": 0.4179,
            "distance_from_center": 0.11
          },
          {
            "id": 33886859,
            "name": "이미정의걸작교동점",
            "final_score": 0.2115,
            "distance_from_center": 0.13
          },
          {
            "id": 21445327,
            "name": "국수나무 강릉교동점",
            "final_score": 0.3858,
            "distance_from_center": 0.13
          },
          {
            "id": 20956496,
            "name": "보영이네해물칼국수 강릉점",
            "final_score": 0.3607,
            "distance_from_center": 0.13
          },
          {
            "id": 15378004,
            "name": "관동닭갈비",
            "final_score": 0.3744,
            "distance_from_center": 0.18
          }
        ],
        "Attraction": [
          {
            "id": 1775014582,
            "name": "리고엠",
            "final_score": 0.1406,
            "distance_from_center": 0.26
          },
          {
            "id": 2062786512,
            "name": "강릉시립미술관 솔올",
            "final_score": 0.1337,
            "distance_from_center": 0.67
          },
          {
            "id": 11535675,
            "name": "강릉문화원",
            "final_score": 0.0703,
            "distance_from_center": 0.86
          },
          {
            "id": 21824426,
            "name": "강릉원주대학교 박물관",
            "final_score": 0.0986,
            "distance_from_center": 1.07
          },
          {
            "id": 12762639,
            "name": "강릉시립미술관 교동",
            "final_score": 0.1237,
            "distance_from_center": 1.09
          },
          {
            "id": 11663849,
            "name": "강릉향교",
            "final_score": 0.0896,
            "distance_from_center": 1.37
          },
          {
            "id": 19832807,
            "name": "강릉자수박물관",
            "final_score": 0.0004,
            "distance_from_center": 1.45
          },
          {
            "id": 13345877,
            "name": "강릉 서부시장",
            "final_score": 0.0542,
            "distance_from_center": 1.46
          },
          {
            "id": 1550291849,
            "name": "강릉아트센터",
            "final_score": 0.1044,
            "distance_from_center": 1.57
          },
          {
            "id": 11620702,
            "name": "강릉 오죽헌·시립박물관",
            "final_score": 0.1381,
            "distance_from_center": 1.59
          },
          {
            "id": 1346656418,
            "name": "경포생태저류지",
            "final_score": 0.0194,
            "distance_from_center": 1.68
          },
          {
            "id": 749351147,
            "name": "강릉 임영관 삼문",
            "final_score": 0.0665,
            "distance_from_center": 1.68
          },
          {
            "id": 15685783,
            "name": "강릉 대도호부 관아",
            "final_score": 0.1517,
            "distance_from_center": 1.69
          },
          {
            "id": 1357865119,
            "name": "고래책방",
            "final_score": 0.177,
            "distance_from_center": 1.7
          },
          {
            "id": 1287320440,
            "name": "강릉 월화거리",
            "final_score": 0.0458,
            "distance_from_center": 1.85
          }
        ]
      }
    }
  ]
}