{
  "user_id": "U0006",
  "start_date": "2025-04-21",
  "start_weekday": "월",
  "duration_days": 2,
  "budget": 1000000,
  "num_clusters": 2,
  "clustering_method": "greedy_score_based_with_store_hours",
  "seed_strategy": "highest_score_only",
  "max_cluster_radius_km": 6,
  "min_places_per_category": 7,
  "places_per_category": 15,
  "Accommodation": 10048410,
  "clusters": [
    {
      "cluster_id": 0,
      "date": "2025-04-21",
      "weekday": "월",
      "seed_category": "Restaurant",
      "seed_place": {
        "id": 1368387404,
        "name": "시나미왕갈비탕",
        "final_score": 0.4215
      },
      "center_lat": 37.751026,
      "center_lng": 128.89641,
      "categories": {
        "Cafe": [
          {
            "id": 38345396,
            "name": "지베이스",
            "final_score": 0.1655,
            "distance_from_center": 0.2
          },
          {
            "id": 35256483,
            "name": "설빙 강릉대학로점",
            "final_score": 0.2057,
            "distance_from_center": 0.26
          },
          {
            "id": 2094977764,
            "name": "장인더 강릉",
            "final_score": 0.1237,
            "distance_from_center": 0.27
          },
          {
            "id": 30959782,
            "name": "투썸플레이스 강릉중앙점",
            "final_score": 0.093,
            "distance_from_center": 0.27
          },
          {
            "id": 1325516945,
            "name": "카페 오뉴월",
            "final_score": 0.0796,
            "distance_from_center": 0.28
          },
          {
            "id": 1086491623,
            "name": "파충류카페 강릉점",
            "final_score": 0.2293,
            "distance_from_center": 0.28
          },
          {
            "id": 1426647455,
            "name": "파인파인 강릉점",
            "final_score": 0.2779,
            "distance_from_center": 0.29
          },
          {
            "id": 2031533892,
            "name": "글루크",
            "final_score": 0.144,
            "distance_from_center": 0.29
          },
          {
            "id": 1758181058,
            "name": "김성수제빵소 강릉점",
            "final_score": 0.0966,
            "distance_from_center": 0.31
          },
          {
            "id": 1683765421,
            "name": "타임슬립",
            "final_score": 0.1423,
            "distance_from_center": 0.31
          },
          {
            "id": 13320528,
            "name": "명주배롱",
            "final_score": 0.0623,
            "distance_from_center": 0.31
          },
          {
            "id": 1669842519,
            "name": "오버웨잇 강릉본점",
            "final_score": 0.0169,
            "distance_from_center": 0.33
          },
          {
            "id": 1921017062,
            "name": "카페시로울",
            "final_score": 0.0814,
            "distance_from_center": 0.35
          },
          {
            "id": 2013389102,
            "name": "크레마코스타 중앙시장점",
            "final_score": 0.1921,
            "distance_from_center": 0.38
          },
          {
            "id": 1318617687,
            "name": "강릉이래요",
            "final_score": 0.1029,
            "distance_from_center": 0.38
          }
        ],
        "Restaurant": [
          {
            "id": 1368387404,
            "name": "시나미왕갈비탕",
            "final_score": 0.4215,
            "distance_from_center": 0.0
          },
          {
            "id": 1961675235,
            "name": "곱창미지수",
            "final_score": 0.2514,
            "distance_from_center": 0.0
          },
          {
            "id": 32443745,
            "name": "불향쭈꾸미볶음",
            "final_score": 0.1229,
            "distance_from_center": 0.05
          },
          {
            "id": 1085464055,
            "name": "강릉길감자",
            "final_score": 0.0007,
            "distance_from_center": 0.08
          },
          {
            "id": 1560658401,
            "name": "솔옥",
            "final_score": 0.2695,
            "distance_from_center": 0.08
          },
          {
            "id": 12052285,
            "name": "부부보쌈",
            "final_score": 0.1357,
            "distance_from_center": 0.09
          },
          {
            "id": 1603154990,
            "name": "성남대운식당",
            "final_score": 0.016,
            "distance_from_center": 0.09
          },
          {
            "id": 1495644418,
            "name": "다이닝원 강릉점",
            "final_score": 0.1409,
            "distance_from_center": 0.11
          },
          {
            "id": 1405926737,
            "name": "강릉모카번",
            "final_score": 0.2172,
            "distance_from_center": 0.15
          },
          {
            "id": 15299161,
            "name": "삼삼해물찜",
            "final_score": 0.0636,
            "distance_from_center": 0.17
          },
          {
            "id": 20264800,
            "name": "곽가네시오야끼",
            "final_score": 0.2614,
            "distance_from_center": 0.21
          },
          {
            "id": 15294097,
            "name": "춘천마신는닭갈비",
            "final_score": 0.1656,
            "distance_from_center": 0.22
          },
          {
            "id": 20601583,
            "name": "여고시절 카레떡볶이",
            "final_score": 0.0008,
            "distance_from_center": 0.23
          },
          {
            "id": 15299914,
            "name": "감자바우 장칼국수",
            "final_score": 0.0756,
            "distance_from_center": 0.23
          },
          {
            "id": 32037906,
            "name": "정윤이네먹거리",
            "final_score": 0.1767,
            "distance_from_center": 0.25
          }
        ],
        "Attraction": [
          {
            "id": 1249952785,
            "name": "강릉 명주동 거리",
            "final_score": 0.1339,
            "distance_from_center": 0.32
          },
          {
            "id": 12955259,
            "name": "단오타운전시관",
            "final_score": 0.2792,
            "distance_from_center": 0.33
          },
          {
            "id": 13345873,
            "name": "강릉 중앙시장",
            "final_score": 0.0781,
            "distance_from_center": 0.38
          },
          {
            "id": 15693581,
            "name": "강릉 남산공원",
            "final_score": 0.0784,
            "distance_from_center": 0.42
          },
          {
            "id": 15685783,
            "name": "강릉 대도호부 관아",
            "final_score": 0.0763,
            "distance_from_center": 0.45
          },
          {
            "id": 749351147,
            "name": "강릉 임영관 삼문",
            "final_score": 0.0579,
            "distance_from_center": 0.47
          },
          {
            "id": 38623679,
            "name": "명주예술마당",
            "final_score": 0.0007,
            "distance_from_center": 0.54
          },
          {
            "id": 1287320440,
            "name": "강릉 월화거리",
            "final_score": 0.0827,
            "distance_from_center": 0.55
          },
          {
            "id": 11592129,
            "name": "강릉교육문화관",
            "final_score": 0.233,
            "distance_from_center": 0.63
          },
          {
            "id": 13345877,
            "name": "강릉 서부시장",
            "final_score": 0.1048,
            "distance_from_center": 0.67
          },
          {
            "id": 35188457,
            "name": "애니멀스토리",
            "final_score": 0.047,
            "distance_from_center": 0.79
          },
          {
            "id": 1357865119,
            "name": "고래책방",
            "final_score": 0.1658,
            "distance_from_center": 0.81
          },
          {
            "id": 13345874,
            "name": "강릉 동부시장",
            "final_score": 0.0,
            "distance_from_center": 1.05
          },
          {
            "id": 37090227,
            "name": "버드나무 브루어리",
            "final_score": 0.1098,
            "distance_from_center": 1.09
          },
          {
            "id": 12762639,
            "name": "강릉시립미술관 교동",
            "final_score": 0.0879,
            "distance_from_center": 1.17
          }
        ]
      }
    },
    {
      "cluster_id": 1,
      "date": "2025-04-22",
      "weekday": "화",
      "seed_category": "Restaurant",
      "seed_place": {
        "id": 1053416085,
        "name": "본래순대 교동택지점",
        "final_score": 0.3855
      },
      "center_lat": 37.769089,
      "center_lng": 128.877882,
      "categories": {
        "Cafe": [
          {
            "id": 1623800311,
            "name": "멜로우밀",
            "final_score": 0.2244,
            "distance_from_center": 0.13
          },
          {
            "id": 1625914520,
            "name": "사월의 모노웜",
            "final_score": 0.1486,
            "distance_from_center": 0.15
          },
          {
            "id": 1843451871,
            "name": "투썸플레이스 강릉교동택지점",
            "final_score": 0.059,
            "distance_from_center": 0.16
          },
          {
            "id": 38274668,
            "name": "플레지르",
            "final_score": 0.2516,
            "distance_from_center": 0.17
          },
          {
            "id": 1784470266,
            "name": "메가MGC커피 강릉교동솔올점",
            "final_score": 0.0008,
            "distance_from_center": 0.18
          },
          {
            "id": 1133303813,
            "name": "커피아워",
            "final_score": 0.1291,
            "distance_from_center": 0.22
          },
          {
            "id": 1867724165,
            "name": "사루",
            "final_score": 0.2074,
            "distance_from_center": 0.26
          },
          {
            "id": 1662017638,
            "name": "쎄라비",
            "final_score": 0.0608,
            "distance_from_center": 0.27
          },
          {
            "id": 1662017638,
            "name": "쎄라비",
            "final_score": 0.0608,
            "distance_from_center": 0.27
          },
          {
            "id": 1683569661,
            "name": "디핑 초콜릿카페",
            "final_score": 0.1027,
            "distance_from_center": 0.32
          },
          {
            "id": 1292591709,
            "name": "헝키도리커피바",
            "final_score": 0.2052,
            "distance_from_center": 0.38
          },
          {
            "id": 79408101,
            "name": "이디야커피 강릉교동택지점",
            "final_score": 0.101,
            "distance_from_center": 0.39
          },
          {
            "id": 1215792352,
            "name": "던킨 강릉교동점",
            "final_score": 0.245,
            "distance_from_center": 0.46
          },
          {
            "id": 1352455905,
            "name": "화이트리에 강릉점",
            "final_score": 0.0447,
            "distance_from_center": 0.46
          },
          {
            "id": 1459760339,
            "name": "스타벅스 강릉교동광장점",
            "final_score": 0.1093,
            "distance_from_center": 0.53
          }
        ],
        "Restaurant": [
          {
            "id": 1053416085,
            "name": "본래순대 교동택지점",
            "final_score": 0.3855,
            "distance_from_center": 0.0
          },
          {
            "id": 12042486,
            "name": "밤마차 교동점",
            "final_score": 0.0518,
            "distance_from_center": 0.01
          },
          {
            "id": 15310589,
            "name": "솔올부대찌개",
            "final_score": 0.1466,
            "distance_from_center": 0.03
          },
          {
            "id": 11550609,
            "name": "굴사랑 교동택지점",
            "final_score": 0.2361,
            "distance_from_center": 0.03
          },
          {
            "id": 15380022,
            "name": "국수와파전",
            "final_score": 0.1261,
            "distance_from_center": 0.04
          },
          {
            "id": 1862735111,
            "name": "차차동",
            "final_score": 0.1291,
            "distance_from_center": 0.04
          },
          {
            "id": 15376068,
            "name": "산마을",
            "final_score": 0.2621,
            "distance_from_center": 0.04
          },
          {
            "id": 1458958864,
            "name": "회포차1박2일",
            "final_score": 0.2365,
            "distance_from_center": 0.04
          },
          {
            "id": 15311728,
            "name": "수미골",
            "final_score": 0.1106,
            "distance_from_center": 0.05
          },
          {
            "id": 15380566,
            "name": "주문진순이네",
            "final_score": 0.2085,
            "distance_from_center": 0.06
          },
          {
            "id": 12926106,
            "name": "병천황토방순대 교동점",
            "final_score": 0.1227,
            "distance_from_center": 0.07
          },
          {
            "id": 1739432424,
            "name": "생바지락칼제비",
            "final_score": 0.1361,
            "distance_from_center": 0.08
          },
          {
            "id": 19782934,
            "name": "회빈장",
            "final_score": 0.0366,
            "distance_from_center": 0.08
          },
          {
            "id": 32038666,
            "name": "황소실비",
            "final_score": 0.3508,
            "distance_from_center": 0.09
          },
          {
            "id": 1847740796,
            "name": "오봉집 강릉점",
            "final_score": 0.1565,
            "distance_from_center": 0.11
          }
        ],
        "Attraction": [
          {
            "id": 1775014582,
            "name": "리고엠",
            "final_score": 0.0933,
            "distance_from_center": 0.55
          },
          {
            "id": 21824426,
            "name": "강릉원주대학교 박물관",
            "final_score": 0.1445,
            "distance_from_center": 0.71
          },
          {
            "id": 19832807,
            "name": "강릉자수박물관",
            "final_score": 0.0004,
            "distance_from_center": 1.01
          },
          {
            "id": 11620702,
            "name": "강릉 오죽헌·시립박물관",
            "final_score": 0.094,
            "distance_from_center": 1.13
          },
          {
            "id": 2062786512,
            "name": "강릉시립미술관 솔올",
            "final_score": 0.1914,
            "distance_from_center": 1.14
          },
          {
            "id": 11535675,
            "name": "강릉문화원",
            "final_score": 0.0153,
            "distance_from_center": 1.2
          },
          {
            "id": 1346656418,
            "name": "경포생태저류지",
            "final_score": 0.0452,
            "distance_from_center": 1.26
          },
          {
            "id": 1550291849,
            "name": "강릉아트센터",
            "final_score": 0.0343,
            "distance_from_center": 1.57
          },
          {
            "id": 11663849,
            "name": "강릉향교",
            "final_score": 0.0199,
            "distance_from_center": 1.65
          },
          {
            "id": 1211834959,
            "name": "강릉올림픽뮤지엄",
            "final_score": 0.0004,
            "distance_from_center": 2.04
          },
          {
            "id": 11687693,
            "name": "강릉 선교장",
            "final_score": 0.0041,
            "distance_from_center": 2.04
          },
          {
            "id": 20066249,
            "name": "강릉 수리골 고택",
            "final_score": 0.2208,
            "distance_from_center": 2.23
          },
          {
            "id": 1300520912,
            "name": "르꼬따쥬",
            "final_score": 0.0911,
            "distance_from_center": 2.38
          },
          {
            "id": 32777223,
            "name": "자연아놀자 체험학습박물관",
            "final_score": 0.0526,
            "distance_from_center": 2.91
          },
          {
            "id": 31044854,
            "name": "경포가시연습지",
            "final_score": 0.0013,
            "distance_from_center": 2.91
          }
        ]
      }
    }
  ]
}