{
  "user_id": "U0011",
  "start_date": "2025-08-28",
  "start_weekday": "목",
  "duration_days": 2,
  "budget": 400000,
  "num_clusters": 2,
  "clustering_method": "greedy_score_based_with_store_hours",
  "seed_strategy": "highest_score_only",
  "max_cluster_radius_km": 6,
  "min_places_per_category": 7,
  "places_per_category": 15,
  "Accommodation": 1000108328,
  "clusters": [
    {
      "cluster_id": 0,
      "date": "2025-08-28",
      "weekday": "목",
      "seed_category": "Cafe",
      "seed_place": {
        "id": 1426989487,
        "name": "안다미로",
        "final_score": 0.5128
      },
      "center_lat": 37.746309,
      "center_lng": 128.898678,
      "categories": {
        "Cafe": [
          {
            "id": 1426989487,
            "name": "안다미로",
            "final_score": 0.5128,
            "distance_from_center": 0.0
          },
          {
            "id": 1682187275,
            "name": "카페 정화",
            "final_score": 0.3992,
            "distance_from_center": 0.34
          },
          {
            "id": 1325516945,
            "name": "카페 오뉴월",
            "final_score": 0.3252,
            "distance_from_center": 0.67
          },
          {
            "id": 2031533892,
            "name": "글루크",
            "final_score": 0.374,
            "distance_from_center": 0.68
          },
          {
            "id": 1426647455,
            "name": "파인파인 강릉점",
            "final_score": 0.446,
            "distance_from_center": 0.7
          },
          {
            "id": 13320528,
            "name": "명주배롱",
            "final_score": 0.4193,
            "distance_from_center": 0.72
          },
          {
            "id": 38345396,
            "name": "지베이스",
            "final_score": 0.3615,
            "distance_from_center": 0.75
          },
          {
            "id": 1669842519,
            "name": "오버웨잇 강릉본점",
            "final_score": 0.1876,
            "distance_from_center": 0.76
          },
          {
            "id": 1275789425,
            "name": "봄",
            "final_score": 0.4439,
            "distance_from_center": 0.78
          },
          {
            "id": 1246478918,
            "name": "중화짬뽕빵",
            "final_score": 0.2407,
            "distance_from_center": 0.79
          },
          {
            "id": 1683765421,
            "name": "타임슬립",
            "final_score": 0.3907,
            "distance_from_center": 0.79
          },
          {
            "id": 1104085754,
            "name": "aie",
            "final_score": 0.2864,
            "distance_from_center": 0.8
          },
          {
            "id": 35256483,
            "name": "설빙 강릉대학로점",
            "final_score": 0.393,
            "distance_from_center": 0.8
          },
          {
            "id": 1355852682,
            "name": "젤라또마켓 순두부젤라또",
            "final_score": 0.3285,
            "distance_from_center": 0.8
          },
          {
            "id": 1026225860,
            "name": "새바람이오는그늘",
            "final_score": 0.4806,
            "distance_from_center": 0.82
          }
        ],
        "Restaurant": [
          {
            "id": 21734984,
            "name": "어야네",
            "final_score": 0.1483,
            "distance_from_center": 0.17
          },
          {
            "id": 1679108075,
            "name": "만나옹심이손칼국수",
            "final_score": 0.4298,
            "distance_from_center": 0.18
          },
          {
            "id": 15337939,
            "name": "안땔골식당",
            "final_score": 0.0708,
            "distance_from_center": 0.18
          },
          {
            "id": 15338842,
            "name": "빙고주막",
            "final_score": 0.3624,
            "distance_from_center": 0.18
          },
          {
            "id": 1642640928,
            "name": "질가집",
            "final_score": 0.4324,
            "distance_from_center": 0.22
          },
          {
            "id": 1261902989,
            "name": "달구지막창 강릉1호점",
            "final_score": 0.4542,
            "distance_from_center": 0.25
          },
          {
            "id": 37370900,
            "name": "가보자땡초족발보쌈 강릉점",
            "final_score": 0.4577,
            "distance_from_center": 0.27
          },
          {
            "id": 32380505,
            "name": "강남칼국수",
            "final_score": 0.0812,
            "distance_from_center": 0.28
          },
          {
            "id": 15338997,
            "name": "보배골",
            "final_score": 0.4545,
            "distance_from_center": 0.31
          },
          {
            "id": 801470123,
            "name": "바른치킨 강릉단오점",
            "final_score": 0.4616,
            "distance_from_center": 0.32
          },
          {
            "id": 15338377,
            "name": "반상먹거리",
            "final_score": 0.3684,
            "distance_from_center": 0.33
          },
          {
            "id": 32185195,
            "name": "성원닭내장",
            "final_score": 0.1905,
            "distance_from_center": 0.35
          },
          {
            "id": 1698706278,
            "name": "미래먹거리",
            "final_score": 0.2325,
            "distance_from_center": 0.37
          },
          {
            "id": 1236919265,
            "name": "고깃집",
            "final_score": 0.4473,
            "distance_from_center": 0.38
          },
          {
            "id": 37927755,
            "name": "강릉꼬막비빔밥 풍호맛뜨락",
            "final_score": 0.3471,
            "distance_from_center": 0.38
          }
        ],
        "Attraction": [
          {
            "id": 11592129,
            "name": "강릉교육문화관",
            "final_score": 0.2986,
            "distance_from_center": 0.11
          },
          {
            "id": 35188457,
            "name": "애니멀스토리",
            "final_score": 0.2143,
            "distance_from_center": 0.23
          },
          {
            "id": 12955259,
            "name": "단오타운전시관",
            "final_score": 0.194,
            "distance_from_center": 0.38
          },
          {
            "id": 15693581,
            "name": "강릉 남산공원",
            "final_score": 0.2403,
            "distance_from_center": 0.5
          },
          {
            "id": 1249952785,
            "name": "강릉 명주동 거리",
            "final_score": 0.3848,
            "distance_from_center": 0.75
          },
          {
            "id": 13345873,
            "name": "강릉 중앙시장",
            "final_score": 0.2901,
            "distance_from_center": 0.86
          },
          {
            "id": 38623679,
            "name": "명주예술마당",
            "final_score": 0.1688,
            "distance_from_center": 0.87
          },
          {
            "id": 15685783,
            "name": "강릉 대도호부 관아",
            "final_score": 0.252,
            "distance_from_center": 0.97
          },
          {
            "id": 749351147,
            "name": "강릉 임영관 삼문",
            "final_score": 0.1335,
            "distance_from_center": 0.97
          },
          {
            "id": 1287320440,
            "name": "강릉 월화거리",
            "final_score": 0.2856,
            "distance_from_center": 1.07
          },
          {
            "id": 13345877,
            "name": "강릉 서부시장",
            "final_score": 0.2458,
            "distance_from_center": 1.2
          },
          {
            "id": 37090227,
            "name": "버드나무 브루어리",
            "final_score": 0.367,
            "distance_from_center": 1.27
          },
          {
            "id": 1357865119,
            "name": "고래책방",
            "final_score": 0.4629,
            "distance_from_center": 1.34
          },
          {
            "id": 13345874,
            "name": "강릉 동부시장",
            "final_score": 0.0,
            "distance_from_center": 1.52
          },
          {
            "id": 12762639,
            "name": "강릉시립미술관 교동",
            "final_score": 0.292,
            "distance_from_center": 1.73
          }
        ]
      }
    },
    {
      "cluster_id": 1,
      "date": "2025-08-29",
      "weekday": "금",
      "seed_category": "Cafe",
      "seed_place": {
        "id": 1209837360,
        "name": "초당고래로스팅카페",
        "final_score": 0.5075
      },
      "center_lat": 37.78854,
      "center_lng": 128.913525,
      "categories": {
        "Cafe": [
          {
            "id": 1209837360,
            "name": "초당고래로스팅카페",
            "final_score": 0.5075,
            "distance_from_center": 0.0
          },
          {
            "id": 1621771668,
            "name": "카페 초당순 강릉본점",
            "final_score": 0.35,
            "distance_from_center": 0.07
          },
          {
            "id": 1974801379,
            "name": "카페콥스",
            "final_score": 0.2579,
            "distance_from_center": 0.09
          },
          {
            "id": 1834719170,
            "name": "초당소금빵",
            "final_score": 0.2377,
            "distance_from_center": 0.12
          },
          {
            "id": 1405929814,
            "name": "초당커피정미소 본점",
            "final_score": 0.3141,
            "distance_from_center": 0.15
          },
          {
            "id": 1959930841,
            "name": "강릉 미어지게",
            "final_score": 0.292,
            "distance_from_center": 0.16
          },
          {
            "id": 1794472949,
            "name": "에브리모먼트커피",
            "final_score": 0.2296,
            "distance_from_center": 0.22
          },
          {
            "id": 1037671264,
            "name": "카페동화",
            "final_score": 0.226,
            "distance_from_center": 0.31
          },
          {
            "id": 1195768568,
            "name": "플레이스 플러스",
            "final_score": 0.4176,
            "distance_from_center": 0.33
          },
          {
            "id": 1995634579,
            "name": "강릉 초당찰떡",
            "final_score": 0.3202,
            "distance_from_center": 0.34
          },
          {
            "id": 1046848158,
            "name": "초당커피",
            "final_score": 0.4023,
            "distance_from_center": 0.34
          },
          {
            "id": 1994587010,
            "name": "말차로",
            "final_score": 0.366,
            "distance_from_center": 0.34
          },
          {
            "id": 1492455872,
            "name": "카페기와",
            "final_score": 0.4188,
            "distance_from_center": 0.38
          },
          {
            "id": 1087262116,
            "name": "강원옥 찹쌀떡",
            "final_score": 0.5043,
            "distance_from_center": 0.4
          },
          {
            "id": 2038520626,
            "name": "시만차 포그",
            "final_score": 0.3811,
            "distance_from_center": 0.41
          }
        ],
        "Restaurant": [
          {
            "id": 33152153,
            "name": "초당토박이할머니순두부",
            "final_score": 0.1924,
            "distance_from_center": 0.04
          },
          {
            "id": 35828643,
            "name": "초당송도불향쭈꾸미 본점",
            "final_score": 0.3971,
            "distance_from_center": 0.05
          },
          {
            "id": 1265044520,
            "name": "그옛날초당순두부",
            "final_score": 0.2859,
            "distance_from_center": 0.08
          },
          {
            "id": 2094272054,
            "name": "강릉짬뽕순두부마법사",
            "final_score": 0.276,
            "distance_from_center": 0.09
          },
          {
            "id": 1632217656,
            "name": "메시56",
            "final_score": 0.3298,
            "distance_from_center": 0.1
          },
          {
            "id": 1653763172,
            "name": "뉴솔향초당순두부",
            "final_score": 0.2709,
            "distance_from_center": 0.17
          },
          {
            "id": 1453209507,
            "name": "산마루황태촌 초당직영점",
            "final_score": 0.391,
            "distance_from_center": 0.18
          },
          {
            "id": 1292073957,
            "name": "초당명가 짬뽕순두부",
            "final_score": 0.4955,
            "distance_from_center": 0.19
          },
          {
            "id": 631054551,
            "name": "강릉 낭만게장&백숙",
            "final_score": 0.308,
            "distance_from_center": 0.2
          },
          {
            "id": 1359335955,
            "name": "초당민들레",
            "final_score": 0.2967,
            "distance_from_center": 0.21
          },
          {
            "id": 37698425,
            "name": "메밀향기",
            "final_score": 0.2497,
            "distance_from_center": 0.23
          },
          {
            "id": 1951460203,
            "name": "은대봉",
            "final_score": 0.3207,
            "distance_from_center": 0.25
          },
          {
            "id": 13052149,
            "name": "정은숙초당순두부",
            "final_score": 0.3691,
            "distance_from_center": 0.28
          },
          {
            "id": 32039146,
            "name": "부일손칼국수",
            "final_score": 0.2151,
            "distance_from_center": 0.3
          },
          {
            "id": 11859878,
            "name": "강릉짬뽕순두부 동화가든 본점",
            "final_score": 0.3568,
            "distance_from_center": 0.31
          }
        ],
        "Attraction": [
          {
            "id": 1130774967,
            "name": "허균·허난설헌 기념공원",
            "final_score": 0.2393,
            "distance_from_center": 0.49
          },
          {
            "id": 20066218,
            "name": "허난설헌 생가터",
            "final_score": 0.1653,
            "distance_from_center": 0.51
          },
          {
            "id": 37434460,
            "name": "경포 아쿠아리움",
            "final_score": 0.1975,
            "distance_from_center": 0.52
          },
          {
            "id": 1090555407,
            "name": "아르떼뮤지엄 강릉",
            "final_score": 0.2339,
            "distance_from_center": 0.52
          },
          {
            "id": 1542622512,
            "name": "원더스카이",
            "final_score": 0.1401,
            "distance_from_center": 0.62
          },
          {
            "id": 1881857549,
            "name": "강릉 메타버스 체험관",
            "final_score": 0.0649,
            "distance_from_center": 0.62
          },
          {
            "id": 31506191,
            "name": "초당순두부마을",
            "final_score": 0.2907,
            "distance_from_center": 0.69
          },
          {
            "id": 1112785467,
            "name": "런닝맨 강릉점",
            "final_score": 0.2792,
            "distance_from_center": 0.76
          },
          {
            "id": 13491183,
            "name": "강문해변",
            "final_score": 0.2632,
            "distance_from_center": 0.85
          },
          {
            "id": 32777223,
            "name": "자연아놀자 체험학습박물관",
            "final_score": 0.1769,
            "distance_from_center": 0.93
          },
          {
            "id": 472414455,
            "name": "경포호수광장",
            "final_score": 0.1814,
            "distance_from_center": 1.09
          },
          {
            "id": 1940124735,
            "name": "강문솟대다리",
            "final_score": 0.3096,
            "distance_from_center": 1.12
          },
          {
            "id": 1063021154,
            "name": "경포플라워가든",
            "final_score": 0.1374,
            "distance_from_center": 1.13
          },
          {
            "id": 31044854,
            "name": "경포가시연습지",
            "final_score": 0.1793,
            "distance_from_center": 1.31
          },
          {
            "id": 13300191,
            "name": "경포도립공원",
            "final_score": 0.2162,
            "distance_from_center": 1.61
          }
        ]
      }
    }
  ]
}