{
  "user_id": "U0021",
  "start_date": "2025-07-29",
  "start_weekday": "화",
  "duration_days": 1,
  "budget": 200000,
  "num_clusters": 1,
  "clustering_method": "greedy_score_based_with_store_hours",
  "seed_strategy": "highest_score_only",
  "max_cluster_radius_km": 6,
  "min_places_per_category": 7,
  "places_per_category": 15,
  "Accommodation": null,
  "clusters": [
    {
      "cluster_id": 0,
      "date": "2025-07-29",
      "weekday": "화",
      "seed_category": "Restaurant",
      "seed_place": {
        "id": 1103963861,
        "name": "삼척집",
        "final_score": 0.6214
      },
      "center_lat": 37.754395,
      "center_lng": 128.900331,
      "categories": {
        "Cafe": [
          {
            "id": 1517734190,
            "name": "강원옥찹쌀떡 중앙시장점",
            "final_score": 0.3861,
            "distance_from_center": 0.06
          },
          {
            "id": 2078030409,
            "name": "강릉베이글",
            "final_score": 0.4546,
            "distance_from_center": 0.06
          },
          {
            "id": 1202298255,
            "name": "팡파미유 중앙시장점",
            "final_score": 0.1992,
            "distance_from_center": 0.09
          },
          {
            "id": 1689574654,
            "name": "굴리아케이크",
            "final_score": 0.2889,
            "distance_from_center": 0.1
          },
          {
            "id": 1697573959,
            "name": "강릉커피콩빵 강릉당 중앙시장점",
            "final_score": 0.257,
            "distance_from_center": 0.11
          },
          {
            "id": 1355852682,
            "name": "젤라또마켓 순두부젤라또",
            "final_score": 0.2937,
            "distance_from_center": 0.11
          },
          {
            "id": 2017317134,
            "name": "상록당",
            "final_score": 0.3065,
            "distance_from_center": 0.12
          },
          {
            "id": 1019654977,
            "name": "희게",
            "final_score": 0.5346,
            "distance_from_center": 0.12
          },
          {
            "id": 1246478918,
            "name": "중화짬뽕빵",
            "final_score": 0.2073,
            "distance_from_center": 0.12
          },
          {
            "id": 1526049518,
            "name": "커피러버스",
            "final_score": 0.1979,
            "distance_from_center": 0.12
          },
          {
            "id": 1659347323,
            "name": "강릉샌드",
            "final_score": 0.4187,
            "distance_from_center": 0.16
          },
          {
            "id": 1318617687,
            "name": "강릉이래요",
            "final_score": 0.1812,
            "distance_from_center": 0.16
          },
          {
            "id": 1669842519,
            "name": "오버웨잇 강릉본점",
            "final_score": 0.3254,
            "distance_from_center": 0.18
          },
          {
            "id": 1683765421,
            "name": "타임슬립",
            "final_score": 0.353,
            "distance_from_center": 0.21
          },
          {
            "id": 1758181058,
            "name": "김성수제빵소 강릉점",
            "final_score": 0.4049,
            "distance_from_center": 0.28
          }
        ],
        "Restaurant": [
          {
            "id": 1103963861,
            "name": "삼척집",
            "final_score": 0.6214,
            "distance_from_center": 0.0
          },
          {
            "id": 15297087,
            "name": "곱창집",
            "final_score": 0.423,
            "distance_from_center": 0.04
          },
          {
            "id": 1712038558,
            "name": "옥시기농장",
            "final_score": 0.4694,
            "distance_from_center": 0.06
          },
          {
            "id": 1587875423,
            "name": "부자대게",
            "final_score": 0.4452,
            "distance_from_center": 0.09
          },
          {
            "id": 1249259296,
            "name": "아름이네 부침",
            "final_score": 0.2526,
            "distance_from_center": 0.09
          },
          {
            "id": 13318163,
            "name": "아줌마순메밀부치기",
            "final_score": 0.5404,
            "distance_from_center": 0.09
          },
          {
            "id": 1946538455,
            "name": "강릉사임당오징어순대",
            "final_score": 0.1603,
            "distance_from_center": 0.09
          },
          {
            "id": 1316667577,
            "name": "별빛포차",
            "final_score": 0.4405,
            "distance_from_center": 0.1
          },
          {
            "id": 1377680421,
            "name": "명성오징어순대",
            "final_score": 0.4531,
            "distance_from_center": 0.11
          },
          {
            "id": 37716635,
            "name": "놀랄호떡",
            "final_score": 0.1845,
            "distance_from_center": 0.11
          },
          {
            "id": 1485501035,
            "name": "티각태각대게고로케",
            "final_score": 0.3588,
            "distance_from_center": 0.11
          },
          {
            "id": 37270644,
            "name": "곰돌이왕만두",
            "final_score": 0.2391,
            "distance_from_center": 0.11
          },
          {
            "id": 1508958502,
            "name": "달떡볶이 강릉중앙점",
            "final_score": 0.2839,
            "distance_from_center": 0.12
          },
          {
            "id": 1681518999,
            "name": "초당순두부당",
            "final_score": 0.5261,
            "distance_from_center": 0.12
          },
          {
            "id": 1448729546,
            "name": "명성부침",
            "final_score": 0.227,
            "distance_from_center": 0.12
          }
        ],
        "Attraction": [
          {
            "id": 13345873,
            "name": "강릉 중앙시장",
            "final_score": 0.4954,
            "distance_from_center": 0.16
          },
          {
            "id": 1287320440,
            "name": "강릉 월화거리",
            "final_score": 0.3058,
            "distance_from_center": 0.3
          },
          {
            "id": 1357865119,
            "name": "고래책방",
            "final_score": 0.4856,
            "distance_from_center": 0.51
          },
          {
            "id": 13345874,
            "name": "강릉 동부시장",
            "final_score": 0.0,
            "distance_from_center": 0.61
          },
          {
            "id": 15685783,
            "name": "강릉 대도호부 관아",
            "final_score": 0.3699,
            "distance_from_center": 0.73
          },
          {
            "id": 1249952785,
            "name": "강릉 명주동 거리",
            "final_score": 0.4254,
            "distance_from_center": 0.76
          },
          {
            "id": 749351147,
            "name": "강릉 임영관 삼문",
            "final_score": 0.1455,
            "distance_from_center": 0.77
          },
          {
            "id": 12955259,
            "name": "단오타운전시관",
            "final_score": 0.2615,
            "distance_from_center": 0.82
          },
          {
            "id": 13345877,
            "name": "강릉 서부시장",
            "final_score": 0.4341,
            "distance_from_center": 0.84
          },
          {
            "id": 11592129,
            "name": "강릉교육문화관",
            "final_score": 0.3947,
            "distance_from_center": 0.93
          },
          {
            "id": 15693581,
            "name": "강릉 남산공원",
            "final_score": 0.2877,
            "distance_from_center": 0.93
          },
          {
            "id": 38623679,
            "name": "명주예술마당",
            "final_score": 0.1935,
            "distance_from_center": 0.98
          },
          {
            "id": 12762639,
            "name": "강릉시립미술관 교동",
            "final_score": 0.3896,
            "distance_from_center": 1.08
          },
          {
            "id": 11663849,
            "name": "강릉향교",
            "final_score": 0.1953,
            "distance_from_center": 1.11
          },
          {
            "id": 35188457,
            "name": "애니멀스토리",
            "final_score": 0.3964,
            "distance_from_center": 1.14
          }
        ]
      }
    }
  ]
}