{
  "user_id": "U0027",
  "start_date": "2025-12-29",
  "start_weekday": "월",
  "duration_days": 3,
  "budget": 700000,
  "num_clusters": 3,
  "clustering_method": "greedy_score_based_with_store_hours",
  "seed_strategy": "highest_score_only",
  "max_cluster_radius_km": 6,
  "min_places_per_category": 7,
  "places_per_category": 15,
  "Accommodation": 1000108328,
  "clusters": [
    {
      "cluster_id": 0,
      "date": "2025-12-29",
      "weekday": "월",
      "seed_category": "Restaurant",
      "seed_place": {
        "id": 15345030,
        "name": "24시기가막힌감자탕",
        "final_score": 0.6247
      },
      "center_lat": 37.759002,
      "center_lng": 128.920431,
      "categories": {
        "Cafe": [
          {
            "id": 1838131828,
            "name": "강릉카페 체크이스트",
            "final_score": 0.4426,
            "distance_from_center": 1.04
          },
          {
            "id": 66343890,
            "name": "강릉빵다방",
            "final_score": 0.4568,
            "distance_from_center": 1.13
          },
          {
            "id": 15318913,
            "name": "돔베이커리",
            "final_score": 0.4569,
            "distance_from_center": 1.34
          },
          {
            "id": 1391511090,
            "name": "삼척오란다 강릉점",
            "final_score": 0.4507,
            "distance_from_center": 1.44
          },
          {
            "id": 1830452681,
            "name": "스타벅스 강릉송정DT점",
            "final_score": 0.3152,
            "distance_from_center": 1.45
          },
          {
            "id": 1891894301,
            "name": "플레이스 플러스",
            "final_score": 0.3365,
            "distance_from_center": 1.47
          },
          {
            "id": 2089930981,
            "name": "머뭄카페",
            "final_score": 0.445,
            "distance_from_center": 1.5
          },
          {
            "id": 1457952472,
            "name": "월선화",
            "final_score": 0.4393,
            "distance_from_center": 1.52
          },
          {
            "id": 1033478410,
            "name": "그다이마잇",
            "final_score": 0.4406,
            "distance_from_center": 1.53
          },
          {
            "id": 1569323095,
            "name": "비사이드그라운드",
            "final_score": 0.4175,
            "distance_from_center": 1.55
          },
          {
            "id": 1756159133,
            "name": "카페디드",
            "final_score": 0.3566,
            "distance_from_center": 1.57
          },
          {
            "id": 1995194178,
            "name": "수줍은과자점",
            "final_score": 0.3706,
            "distance_from_center": 1.68
          },
          {
            "id": 1752487744,
            "name": "월량화",
            "final_score": 0.3793,
            "distance_from_center": 1.73
          },
          {
            "id": 1488770728,
            "name": "도넛인사이드도넛 강릉점",
            "final_score": 0.3892,
            "distance_from_center": 1.77
          },
          {
            "id": 1737820343,
            "name": "고메코나베이커리",
            "final_score": 0.3907,
            "distance_from_center": 1.82
          }
        ],
        "Restaurant": [
          {
            "id": 15345030,
            "name": "24시기가막힌감자탕",
            "final_score": 0.6247,
            "distance_from_center": 0.0
          },
          {
            "id": 1441879525,
            "name": "꼬김꼬김",
            "final_score": 0.4226,
            "distance_from_center": 0.16
          },
          {
            "id": 15345849,
            "name": "산전수전",
            "final_score": 0.5524,
            "distance_from_center": 0.17
          },
          {
            "id": 1254874929,
            "name": "양마니명동찌개마을 입암점",
            "final_score": 0.5192,
            "distance_from_center": 0.2
          },
          {
            "id": 15344738,
            "name": "주희네의정부부대찌개",
            "final_score": 0.5367,
            "distance_from_center": 0.24
          },
          {
            "id": 15344509,
            "name": "춘천명동닭갈비",
            "final_score": 0.3962,
            "distance_from_center": 0.24
          },
          {
            "id": 36258263,
            "name": "요로코비",
            "final_score": 0.4976,
            "distance_from_center": 0.25
          },
          {
            "id": 1104583803,
            "name": "오산조은참치 강릉입암점",
            "final_score": 0.4682,
            "distance_from_center": 0.3
          },
          {
            "id": 1762091362,
            "name": "스텔라떡볶이 강원강릉입암점",
            "final_score": 0.5869,
            "distance_from_center": 0.32
          },
          {
            "id": 1310944050,
            "name": "샤브향 강릉입암점",
            "final_score": 0.5913,
            "distance_from_center": 0.32
          },
          {
            "id": 1972829280,
            "name": "근덕이삼척꽈배기 강릉입암점",
            "final_score": 0.4695,
            "distance_from_center": 0.36
          },
          {
            "id": 72020434,
            "name": "김명자낙지마당 강릉점",
            "final_score": 0.416,
            "distance_from_center": 0.41
          },
          {
            "id": 1584886451,
            "name": "BHC치킨 성덕점",
            "final_score": 0.4958,
            "distance_from_center": 0.44
          },
          {
            "id": 1274361921,
            "name": "본죽&비빔밥cafe 강릉입암점",
            "final_score": 0.548,
            "distance_from_center": 0.44
          },
          {
            "id": 15349585,
            "name": "성산면옥",
            "final_score": 0.459,
            "distance_from_center": 0.48
          }
        ],
        "Attraction": [
          {
            "id": 13345874,
            "name": "강릉 동부시장",
            "final_score": 0.0,
            "distance_from_center": 1.75
          },
          {
            "id": 1243747688,
            "name": "병산 옹심이마을",
            "final_score": 0.2118,
            "distance_from_center": 1.87
          },
          {
            "id": 13345873,
            "name": "강릉 중앙시장",
            "final_score": 0.3205,
            "distance_from_center": 2.0
          },
          {
            "id": 1357865119,
            "name": "고래책방",
            "final_score": 0.3666,
            "distance_from_center": 2.04
          },
          {
            "id": 1287320440,
            "name": "강릉 월화거리",
            "final_score": 0.1965,
            "distance_from_center": 2.05
          },
          {
            "id": 11663849,
            "name": "강릉향교",
            "final_score": 0.148,
            "distance_from_center": 2.27
          },
          {
            "id": 11592129,
            "name": "강릉교육문화관",
            "final_score": 0.2955,
            "distance_from_center": 2.31
          },
          {
            "id": 35188457,
            "name": "애니멀스토리",
            "final_score": 0.2393,
            "distance_from_center": 2.51
          },
          {
            "id": 12955259,
            "name": "단오타운전시관",
            "final_score": 0.1075,
            "distance_from_center": 2.53
          },
          {
            "id": 15685783,
            "name": "강릉 대도호부 관아",
            "final_score": 0.2916,
            "distance_from_center": 2.57
          },
          {
            "id": 1249952785,
            "name": "강릉 명주동 거리",
            "final_score": 0.4553,
            "distance_from_center": 2.59
          },
          {
            "id": 749351147,
            "name": "강릉 임영관 삼문",
            "final_score": 0.1477,
            "distance_from_center": 2.6
          },
          {
            "id": 12762639,
            "name": "강릉시립미술관 교동",
            "final_score": 0.2702,
            "distance_from_center": 2.61
          },
          {
            "id": 1550291849,
            "name": "강릉아트센터",
            "final_score": 0.2023,
            "distance_from_center": 2.61
          },
          {
            "id": 13345877,
            "name": "강릉 서부시장",
            "final_score": 0.246,
            "distance_from_center": 2.64
          }
        ]
      }
    },
    {
      "cluster_id": 1,
      "date": "2025-12-30",
      "weekday": "화",
      "seed_category": "Restaurant",
      "seed_place": {
        "id": 1971811879,
        "name": "찌개세끼",
        "final_score": 0.6123
      },
      "center_lat": 37.770758,
      "center_lng": 128.912599,
      "categories": {
        "Cafe": [
          {
            "id": 1588834856,
            "name": "르블레도르",
            "final_score": 0.2998,
            "distance_from_center": 0.47
          },
          {
            "id": 1612034459,
            "name": "어머야라",
            "final_score": 0.4386,
            "distance_from_center": 1.04
          },
          {
            "id": 1763916720,
            "name": "강릉커피콩빵 강릉당 강릉역점",
            "final_score": 0.2959,
            "distance_from_center": 1.33
          },
          {
            "id": 1656009767,
            "name": "메가MGC커피 강릉역점",
            "final_score": 0.3852,
            "distance_from_center": 1.35
          },
          {
            "id": 1671795817,
            "name": "알뜨",
            "final_score": 0.4238,
            "distance_from_center": 1.4
          },
          {
            "id": 1331157860,
            "name": "이스트 베이커리",
            "final_score": 0.4932,
            "distance_from_center": 1.41
          },
          {
            "id": 1182677835,
            "name": "라스텔리나",
            "final_score": 0.4164,
            "distance_from_center": 1.47
          },
          {
            "id": 1824086717,
            "name": "디오슬로",
            "final_score": 0.4556,
            "distance_from_center": 1.54
          },
          {
            "id": 1265990790,
            "name": "애프터 이미지",
            "final_score": 0.3641,
            "distance_from_center": 1.61
          },
          {
            "id": 1994587010,
            "name": "말차로",
            "final_score": 0.2906,
            "distance_from_center": 1.68
          },
          {
            "id": 1492455872,
            "name": "카페기와",
            "final_score": 0.3431,
            "distance_from_center": 1.73
          },
          {
            "id": 1879279368,
            "name": "스타벅스 강릉율곡DT점",
            "final_score": 0.3729,
            "distance_from_center": 1.8
          },
          {
            "id": 1959930841,
            "name": "강릉 미어지게",
            "final_score": 0.2844,
            "distance_from_center": 1.83
          },
          {
            "id": 2003320621,
            "name": "차전자",
            "final_score": 0.41,
            "distance_from_center": 1.83
          },
          {
            "id": 1405929814,
            "name": "초당커피정미소 본점",
            "final_score": 0.2968,
            "distance_from_center": 1.83
          }
        ],
        "Restaurant": [
          {
            "id": 1971811879,
            "name": "찌개세끼",
            "final_score": 0.6123,
            "distance_from_center": 0.0
          },
          {
            "id": 37360894,
            "name": "강릉 본가족발",
            "final_score": 0.4472,
            "distance_from_center": 0.11
          },
          {
            "id": 1517085264,
            "name": "소문난밥상",
            "final_score": 0.4859,
            "distance_from_center": 0.12
          },
          {
            "id": 1242231665,
            "name": "이정희차돌박이김치두루치기",
            "final_score": 0.4683,
            "distance_from_center": 0.14
          },
          {
            "id": 31799277,
            "name": "병산닭발과부침개",
            "final_score": 0.4184,
            "distance_from_center": 0.15
          },
          {
            "id": 15315713,
            "name": "솔이네쌈밥집",
            "final_score": 0.5657,
            "distance_from_center": 0.15
          },
          {
            "id": 1528730078,
            "name": "청화대뚝배기동태탕",
            "final_score": 0.453,
            "distance_from_center": 0.17
          },
          {
            "id": 1096114647,
            "name": "24시전주콩향기콩나물국밥",
            "final_score": 0.3746,
            "distance_from_center": 0.17
          },
          {
            "id": 1471649400,
            "name": "우미아이",
            "final_score": 0.3164,
            "distance_from_center": 0.17
          },
          {
            "id": 21679370,
            "name": "마포주먹고기",
            "final_score": 0.5203,
            "distance_from_center": 0.17
          },
          {
            "id": 1920437123,
            "name": "그고깃집",
            "final_score": 0.4566,
            "distance_from_center": 0.17
          },
          {
            "id": 1846817040,
            "name": "국밥가",
            "final_score": 0.5227,
            "distance_from_center": 0.18
          },
          {
            "id": 1839279712,
            "name": "강릉꽈배기&핫도그",
            "final_score": 0.0,
            "distance_from_center": 0.18
          },
          {
            "id": 1192593290,
            "name": "납돌추어탕",
            "final_score": 0.3811,
            "distance_from_center": 0.19
          },
          {
            "id": 15385027,
            "name": "청송장칼국수",
            "final_score": 0.411,
            "distance_from_center": 0.22
          }
        ],
        "Attraction": [
          {
            "id": 1211834959,
            "name": "강릉올림픽뮤지엄",
            "final_score": 0.1316,
            "distance_from_center": 1.66
          },
          {
            "id": 32777223,
            "name": "자연아놀자 체험학습박물관",
            "final_score": 0.0469,
            "distance_from_center": 1.79
          },
          {
            "id": 1881857549,
            "name": "강릉 메타버스 체험관",
            "final_score": 0.1255,
            "distance_from_center": 1.99
          },
          {
            "id": 1090555407,
            "name": "아르떼뮤지엄 강릉",
            "final_score": 0.1944,
            "distance_from_center": 2.19
          },
          {
            "id": 37434460,
            "name": "경포 아쿠아리움",
            "final_score": 0.0797,
            "distance_from_center": 2.19
          },
          {
            "id": 1130774967,
            "name": "허균·허난설헌 기념공원",
            "final_score": 0.2534,
            "distance_from_center": 2.35
          },
          {
            "id": 20066218,
            "name": "허난설헌 생가터",
            "final_score": 0.1875,
            "distance_from_center": 2.37
          },
          {
            "id": 20065935,
            "name": "송정해변",
            "final_score": 0.1727,
            "distance_from_center": 2.4
          },
          {
            "id": 1112785467,
            "name": "런닝맨 강릉점",
            "final_score": 0.1737,
            "distance_from_center": 2.4
          },
          {
            "id": 31044854,
            "name": "경포가시연습지",
            "final_score": 0.1291,
            "distance_from_center": 2.41
          },
          {
            "id": 20066249,
            "name": "강릉 수리골 고택",
            "final_score": 0.4017,
            "distance_from_center": 2.55
          },
          {
            "id": 1542622512,
            "name": "원더스카이",
            "final_score": 0.0895,
            "distance_from_center": 2.58
          },
          {
            "id": 31506191,
            "name": "초당순두부마을",
            "final_score": 0.3922,
            "distance_from_center": 2.66
          },
          {
            "id": 32268465,
            "name": "환희컵박물관",
            "final_score": 0.1802,
            "distance_from_center": 2.72
          },
          {
            "id": 13491183,
            "name": "강문해변",
            "final_score": 0.2125,
            "distance_from_center": 2.74
          }
        ]
      }
    },
    {
      "cluster_id": 2,
      "date": "2025-12-31",
      "weekday": "수",
      "seed_category": "Restaurant",
      "seed_place": {
        "id": 1312042209,
        "name": "윤이네순대국밥",
        "final_score": 0.6092
      },
      "center_lat": 37.771284,
      "center_lng": 128.899497,
      "categories": {
        "Cafe": [
          {
            "id": 31529835,
            "name": "커피내리는 버스정류장",
            "final_score": 0.3829,
            "distance_from_center": 1.0
          },
          {
            "id": 2051244903,
            "name": "강릉샌드 본점",
            "final_score": 0.5121,
            "distance_from_center": 1.08
          },
          {
            "id": 38275526,
            "name": "보헤미안 커피 경포점",
            "final_score": 0.3521,
            "distance_from_center": 1.11
          },
          {
            "id": 1575948320,
            "name": "크림블랑",
            "final_score": 0.1376,
            "distance_from_center": 1.19
          },
          {
            "id": 1547896837,
            "name": "솔방울제과점",
            "final_score": 0.22,
            "distance_from_center": 1.22
          },
          {
            "id": 1962975056,
            "name": "마카모예 베이글바",
            "final_score": 0.3804,
            "distance_from_center": 1.3
          },
          {
            "id": 15294021,
            "name": "플레이스 플러스",
            "final_score": 0.3504,
            "distance_from_center": 1.52
          },
          {
            "id": 1506869074,
            "name": "카페 코버트",
            "final_score": 0.2213,
            "distance_from_center": 1.56
          },
          {
            "id": 1578033962,
            "name": "이로이로스모모",
            "final_score": 0.3382,
            "distance_from_center": 1.56
          },
          {
            "id": 2029152357,
            "name": "러빈레드",
            "final_score": 0.3363,
            "distance_from_center": 1.57
          },
          {
            "id": 1270153623,
            "name": "두딩",
            "final_score": 0.4538,
            "distance_from_center": 1.6
          },
          {
            "id": 1292591709,
            "name": "헝키도리커피바",
            "final_score": 0.3997,
            "distance_from_center": 1.6
          },
          {
            "id": 1504291324,
            "name": "백금당 강릉점",
            "final_score": 0.3544,
            "distance_from_center": 1.61
          },
          {
            "id": 1647063521,
            "name": "그라우브",
            "final_score": 0.4863,
            "distance_from_center": 1.61
          },
          {
            "id": 1024642914,
            "name": "오브더모먼트",
            "final_score": 0.3927,
            "distance_from_center": 1.61
          }
        ],
        "Restaurant": [
          {
            "id": 1312042209,
            "name": "윤이네순대국밥",
            "final_score": 0.6092,
            "distance_from_center": 0.0
          },
          {
            "id": 15387289,
            "name": "가마솥인삼곰탕집",
            "final_score": 0.5249,
            "distance_from_center": 0.21
          },
          {
            "id": 19949637,
            "name": "반구정참숯민물장어",
            "final_score": 0.3835,
            "distance_from_center": 0.27
          },
          {
            "id": 37112546,
            "name": "명가찜",
            "final_score": 0.5084,
            "distance_from_center": 0.3
          },
          {
            "id": 15318769,
            "name": "별미정",
            "final_score": 0.5512,
            "distance_from_center": 0.41
          },
          {
            "id": 21378059,
            "name": "해동막국수",
            "final_score": 0.3905,
            "distance_from_center": 0.48
          },
          {
            "id": 1720293609,
            "name": "등촌샤브칼국수 포남점",
            "final_score": 0.5749,
            "distance_from_center": 0.52
          },
          {
            "id": 11578368,
            "name": "가작다리 가든",
            "final_score": 0.3035,
            "distance_from_center": 0.55
          },
          {
            "id": 15315322,
            "name": "까치칼국수 강릉역",
            "final_score": 0.5153,
            "distance_from_center": 0.58
          },
          {
            "id": 19325932,
            "name": "메밀능이촌 강릉역본점",
            "final_score": 0.4733,
            "distance_from_center": 0.6
          },
          {
            "id": 1604061144,
            "name": "고메당 양갈비",
            "final_score": 0.4072,
            "distance_from_center": 0.63
          },
          {
            "id": 15318802,
            "name": "미향이네삼수갑산",
            "final_score": 0.5357,
            "distance_from_center": 0.67
          },
          {
            "id": 1896195486,
            "name": "강릉순두부장칼국수",
            "final_score": 0.4483,
            "distance_from_center": 0.68
          },
          {
            "id": 1678255482,
            "name": "금화식당",
            "final_score": 0.4428,
            "distance_from_center": 0.69
          },
          {
            "id": 1525748684,
            "name": "가자골식당",
            "final_score": 0.5148,
            "distance_from_center": 0.69
          }
        ],
        "Attraction": [
          {
            "id": 1346656418,
            "name": "경포생태저류지",
            "final_score": 0.04,
            "distance_from_center": 1.78
          },
          {
            "id": 19832807,
            "name": "강릉자수박물관",
            "final_score": 0.0004,
            "distance_from_center": 1.84
          },
          {
            "id": 11620702,
            "name": "강릉 오죽헌·시립박물관",
            "final_score": 0.2757,
            "distance_from_center": 1.95
          },
          {
            "id": 11687693,
            "name": "강릉 선교장",
            "final_score": 0.1702,
            "distance_from_center": 2.12
          },
          {
            "id": 1775014582,
            "name": "리고엠",
            "final_score": 0.303,
            "distance_from_center": 2.13
          },
          {
            "id": 2062786512,
            "name": "강릉시립미술관 솔올",
            "final_score": 0.1917,
            "distance_from_center": 2.22
          },
          {
            "id": 38623679,
            "name": "명주예술마당",
            "final_score": 0.1165,
            "distance_from_center": 2.45
          },
          {
            "id": 21824426,
            "name": "강릉원주대학교 박물관",
            "final_score": 0.2511,
            "distance_from_center": 2.59
          },
          {
            "id": 15693581,
            "name": "강릉 남산공원",
            "final_score": 0.1962,
            "distance_from_center": 2.64
          },
          {
            "id": 11535675,
            "name": "강릉문화원",
            "final_score": 0.2136,
            "distance_from_center": 2.65
          },
          {
            "id": 1675156043,
            "name": "강릉 경포대",
            "final_score": 0.2727,
            "distance_from_center": 2.71
          },
          {
            "id": 13491109,
            "name": "경포호",
            "final_score": 0.0961,
            "distance_from_center": 2.72
          },
          {
            "id": 37090227,
            "name": "버드나무 브루어리",
            "final_score": 0.3301,
            "distance_from_center": 2.88
          },
          {
            "id": 12409858,
            "name": "참소리에디슨손성목영화박물관",
            "final_score": 0.0852,
            "distance_from_center": 2.95
          },
          {
            "id": 472414455,
            "name": "경포호수광장",
            "final_score": 0.1638,
            "distance_from_center": 3.08
          }
        ]
      }
    }
  ]
}