{
  "user_id": "U0035",
  "start_date": "2025-06-25",
  "start_weekday": "수",
  "duration_days": 2,
  "budget": 1800000,
  "num_clusters": 2,
  "clustering_method": "greedy_score_based_with_store_hours",
  "seed_strategy": "highest_score_only",
  "max_cluster_radius_km": 6,
  "min_places_per_category": 7,
  "places_per_category": 15,
  "Accommodation": 10058072,
  "clusters": [
    {
      "cluster_id": 0,
      "date": "2025-06-25",
      "weekday": "수",
      "seed_category": "Cafe",
      "seed_place": {
        "id": 33021650,
        "name": "스타벅스 강릉안목해변점",
        "final_score": 0.5678
      },
      "center_lat": 37.771379,
      "center_lng": 128.948736,
      "categories": {
        "Cafe": [
          {
            "id": 33021650,
            "name": "스타벅스 강릉안목해변점",
            "final_score": 0.5678,
            "distance_from_center": 0.0
          },
          {
            "id": 1267158607,
            "name": "성수미술관 강릉안목점",
            "final_score": 0.3052,
            "distance_from_center": 0.02
          },
          {
            "id": 15692078,
            "name": "카페알베로",
            "final_score": 0.3331,
            "distance_from_center": 0.03
          },
          {
            "id": 1557387521,
            "name": "할리스 강릉안목해변점",
            "final_score": 0.3602,
            "distance_from_center": 0.05
          },
          {
            "id": 38520417,
            "name": "커피 아메리카 강릉점",
            "final_score": 0.3402,
            "distance_from_center": 0.07
          },
          {
            "id": 36399670,
            "name": "키크러스 강릉점",
            "final_score": 0.3863,
            "distance_from_center": 0.07
          },
          {
            "id": 20585367,
            "name": "카페베네 안목점",
            "final_score": 0.2394,
            "distance_from_center": 0.11
          },
          {
            "id": 1894965701,
            "name": "로지커피",
            "final_score": 0.4117,
            "distance_from_center": 0.13
          },
          {
            "id": 19823055,
            "name": "산토리니커피",
            "final_score": 0.1937,
            "distance_from_center": 0.14
          },
          {
            "id": 34203501,
            "name": "에이엠브레드앤커피",
            "final_score": 0.399,
            "distance_from_center": 0.15
          },
          {
            "id": 1220981140,
            "name": "정남미명과 강릉본점",
            "final_score": 0.2258,
            "distance_from_center": 0.16
          },
          {
            "id": 1933690279,
            "name": "미르마르",
            "final_score": 0.3359,
            "distance_from_center": 0.18
          },
          {
            "id": 11887822,
            "name": "커피커퍼 안목점",
            "final_score": 0.3304,
            "distance_from_center": 0.19
          },
          {
            "id": 499938650,
            "name": "카페 뤼미에르",
            "final_score": 0.1874,
            "distance_from_center": 0.21
          },
          {
            "id": 1019503112,
            "name": "강릉샌드 안목해변점",
            "final_score": 0.3343,
            "distance_from_center": 0.26
          }
        ],
        "Restaurant": [
          {
            "id": 1182217392,
            "name": "페리페리버거 강릉안목해변점",
            "final_score": 0.2772,
            "distance_from_center": 0.02
          },
          {
            "id": 1084805019,
            "name": "미역국 전문점 안목애",
            "final_score": 0.1076,
            "distance_from_center": 0.06
          },
          {
            "id": 1165823672,
            "name": "안목해변 술집 문문",
            "final_score": 0.2946,
            "distance_from_center": 0.14
          },
          {
            "id": 1613946855,
            "name": "명문",
            "final_score": 0.4244,
            "distance_from_center": 0.25
          },
          {
            "id": 1991602969,
            "name": "솔향",
            "final_score": 0.4104,
            "distance_from_center": 0.25
          },
          {
            "id": 38268032,
            "name": "버거웍스",
            "final_score": 0.2538,
            "distance_from_center": 0.27
          },
          {
            "id": 12912326,
            "name": "형제매운양푼갈비",
            "final_score": 0.2045,
            "distance_from_center": 0.34
          },
          {
            "id": 1261122567,
            "name": "안목항물회",
            "final_score": 0.2747,
            "distance_from_center": 0.37
          },
          {
            "id": 1929924200,
            "name": "강릉역옹막 안목점",
            "final_score": 0.3459,
            "distance_from_center": 0.42
          },
          {
            "id": 1582249955,
            "name": "브라보칼국수 강릉본점",
            "final_score": 0.3522,
            "distance_from_center": 0.5
          },
          {
            "id": 15349681,
            "name": "남항진어촌식당",
            "final_score": 0.3545,
            "distance_from_center": 0.54
          },
          {
            "id": 20948060,
            "name": "남항진순대국밥",
            "final_score": 0.3042,
            "distance_from_center": 0.76
          },
          {
            "id": 15349625,
            "name": "아라담횟집",
            "final_score": 0.4377,
            "distance_from_center": 0.79
          },
          {
            "id": 1690518281,
            "name": "평진냉면",
            "final_score": 0.3004,
            "distance_from_center": 0.85
          },
          {
            "id": 1770360235,
            "name": "찐전집",
            "final_score": 0.1445,
            "distance_from_center": 0.87
          }
        ],
        "Attraction": [
          {
            "id": 13491906,
            "name": "안목해변",
            "final_score": 0.3519,
            "distance_from_center": 0.19
          },
          {
            "id": 20947876,
            "name": "강릉커피거리",
            "final_score": 0.244,
            "distance_from_center": 0.19
          },
          {
            "id": 15692195,
            "name": "강릉항",
            "final_score": 0.1218,
            "distance_from_center": 0.26
          },
          {
            "id": 939463951,
            "name": "강릉 안목해맞이공원",
            "final_score": 0.3831,
            "distance_from_center": 0.46
          },
          {
            "id": 32268465,
            "name": "환희컵박물관",
            "final_score": 0.2346,
            "distance_from_center": 0.6
          },
          {
            "id": 13491444,
            "name": "남항진해변",
            "final_score": 0.2083,
            "distance_from_center": 0.95
          },
          {
            "id": 1243747688,
            "name": "병산 옹심이마을",
            "final_score": 0.2035,
            "distance_from_center": 1.15
          },
          {
            "id": 20065935,
            "name": "송정해변",
            "final_score": 0.2887,
            "distance_from_center": 1.41
          },
          {
            "id": 1112785467,
            "name": "런닝맨 강릉점",
            "final_score": 0.1357,
            "distance_from_center": 3.25
          },
          {
            "id": 13126966,
            "name": "풍호마을",
            "final_score": 0.1619,
            "distance_from_center": 3.68
          },
          {
            "id": 13491183,
            "name": "강문해변",
            "final_score": 0.2392,
            "distance_from_center": 3.69
          },
          {
            "id": 1542622512,
            "name": "원더스카이",
            "final_score": 0.0778,
            "distance_from_center": 3.86
          },
          {
            "id": 31506191,
            "name": "초당순두부마을",
            "final_score": 0.1131,
            "distance_from_center": 3.89
          },
          {
            "id": 1130774967,
            "name": "허균·허난설헌 기념공원",
            "final_score": 0.3022,
            "distance_from_center": 4.11
          },
          {
            "id": 20066218,
            "name": "허난설헌 생가터",
            "final_score": 0.2113,
            "distance_from_center": 4.12
          }
        ]
      }
    },
    {
      "cluster_id": 1,
      "date": "2025-06-26",
      "weekday": "목",
      "seed_category": "Restaurant",
      "seed_place": {
        "id": 33133925,
        "name": "해랑대게횟집",
        "final_score": 0.4956
      },
      "center_lat": 37.879553,
      "center_lng": 128.833557,
      "categories": {
        "Cafe": [
          {
            "id": 1147229173,
            "name": "도깨비젤라또",
            "final_score": 0.2559,
            "distance_from_center": 0.02
          },
          {
            "id": 1249217189,
            "name": "오드커피",
            "final_score": 0.2793,
            "distance_from_center": 0.1
          },
          {
            "id": 1169844332,
            "name": "스타벅스 강릉주문진점",
            "final_score": 0.3004,
            "distance_from_center": 0.26
          },
          {
            "id": 1876301121,
            "name": "포르토포레스트하우스",
            "final_score": 0.347,
            "distance_from_center": 1.19
          },
          {
            "id": 1009179914,
            "name": "갈매기다방",
            "final_score": 0.4125,
            "distance_from_center": 1.32
          },
          {
            "id": 1839133695,
            "name": "빵을쇼핑하다빵명가치아바타CIABATTA",
            "final_score": 0.333,
            "distance_from_center": 1.54
          },
          {
            "id": 1266299794,
            "name": "해옫 강릉",
            "final_score": 0.4035,
            "distance_from_center": 1.58
          },
          {
            "id": 1543529590,
            "name": "카페제니엘 주문진점",
            "final_score": 0.4002,
            "distance_from_center": 1.65
          },
          {
            "id": 1543529590,
            "name": "카페제니엘 주문진점",
            "final_score": 0.4002,
            "distance_from_center": 1.65
          },
          {
            "id": 15373350,
            "name": "브라질",
            "final_score": 0.2726,
            "distance_from_center": 1.68
          },
          {
            "id": 1900553385,
            "name": "바우카페",
            "final_score": 0.3063,
            "distance_from_center": 1.7
          },
          {
            "id": 2017141901,
            "name": "에브리데이크",
            "final_score": 0.3035,
            "distance_from_center": 1.75
          },
          {
            "id": 11682971,
            "name": "보헤미안박이추커피본점",
            "final_score": 0.1874,
            "distance_from_center": 1.84
          },
          {
            "id": 1396977535,
            "name": "소돌엔 등대점",
            "final_score": 0.2021,
            "distance_from_center": 2.03
          },
          {
            "id": 1019347699,
            "name": "플레이스 플러스",
            "final_score": 0.3122,
            "distance_from_center": 2.64
          }
        ],
        "Restaurant": [
          {
            "id": 33133925,
            "name": "해랑대게횟집",
            "final_score": 0.4956,
            "distance_from_center": 0.0
          },
          {
            "id": 318625076,
            "name": "주문진 상희네횟집 홍게무한리필",
            "final_score": 0.3196,
            "distance_from_center": 0.06
          },
          {
            "id": 1151531006,
            "name": "강냉이소쿠리",
            "final_score": 0.2196,
            "distance_from_center": 0.26
          },
          {
            "id": 15360393,
            "name": "현자네해물촌",
            "final_score": 0.2728,
            "distance_from_center": 0.48
          },
          {
            "id": 1805805554,
            "name": "오구피자 주문진점",
            "final_score": 0.1046,
            "distance_from_center": 0.55
          },
          {
            "id": 1947436708,
            "name": "얌샘김밥 주문진점",
            "final_score": 0.2024,
            "distance_from_center": 0.57
          },
          {
            "id": 1947256113,
            "name": "맛드렁 집밥",
            "final_score": 0.3059,
            "distance_from_center": 0.57
          },
          {
            "id": 11799922,
            "name": "페리카나 도립대점",
            "final_score": 0.28,
            "distance_from_center": 0.57
          },
          {
            "id": 12951301,
            "name": "교항면옥",
            "final_score": 0.2872,
            "distance_from_center": 0.58
          },
          {
            "id": 20264808,
            "name": "주문진가마솥설렁탕",
            "final_score": 0.1539,
            "distance_from_center": 0.6
          },
          {
            "id": 1138422210,
            "name": "도야족발 주문진점",
            "final_score": 0.1832,
            "distance_from_center": 0.61
          },
          {
            "id": 1051463715,
            "name": "산마루쌈밥",
            "final_score": 0.3168,
            "distance_from_center": 0.65
          },
          {
            "id": 1059361236,
            "name": "곱창백화점 주문진점",
            "final_score": 0.2773,
            "distance_from_center": 0.66
          },
          {
            "id": 1345031898,
            "name": "87닭강정 주문진점",
            "final_score": 0.2803,
            "distance_from_center": 0.7
          },
          {
            "id": 1395972978,
            "name": "산마루황태촌",
            "final_score": 0.2241,
            "distance_from_center": 0.8
          }
        ],
        "Attraction": [
          {
            "id": 13490946,
            "name": "주문진항",
            "final_score": 0.474,
            "distance_from_center": 0.96
          },
          {
            "id": 1600054868,
            "name": "해피아워크루즈",
            "final_score": 0.2535,
            "distance_from_center": 1.19
          },
          {
            "id": 34818378,
            "name": "주문진해양박물관",
            "final_score": 0.2333,
            "distance_from_center": 1.36
          },
          {
            "id": 20059236,
            "name": "주문리마을",
            "final_score": 0.273,
            "distance_from_center": 1.59
          },
          {
            "id": 13491150,
            "name": "영진해변",
            "final_score": 0.3162,
            "distance_from_center": 1.61
          },
          {
            "id": 20054445,
            "name": "영진항",
            "final_score": 0.2256,
            "distance_from_center": 1.83
          },
          {
            "id": 20054507,
            "name": "주문진 등대",
            "final_score": 0.2632,
            "distance_from_center": 2.01
          },
          {
            "id": 13444336,
            "name": "연곡해변",
            "final_score": 0.4301,
            "distance_from_center": 2.72
          },
          {
            "id": 19501415,
            "name": "소돌아들바위공원",
            "final_score": 0.1683,
            "distance_from_center": 2.95
          },
          {
            "id": 13491657,
            "name": "소돌해수욕장",
            "final_score": 0.2647,
            "distance_from_center": 3.02
          },
          {
            "id": 13491005,
            "name": "주문진해수욕장",
            "final_score": 0.3805,
            "distance_from_center": 3.69
          },
          {
            "id": 15698326,
            "name": "향호해변",
            "final_score": 0.1925,
            "distance_from_center": 3.8
          },
          {
            "id": 1154013651,
            "name": "주문진bts",
            "final_score": 0.0705,
            "distance_from_center": 3.94
          },
          {
            "id": 1848252796,
            "name": "강릉아기동물농장",
            "final_score": 0.2035,
            "distance_from_center": 4.42
          },
          {
            "id": 1261782152,
            "name": "호린파크(경포대허브농장)",
            "final_score": 0.2127,
            "distance_from_center": 4.81
          }
        ]
      }
    }
  ]
}