{
  "user_id": "U0036",
  "start_date": "2025-08-25",
  "start_weekday": "월",
  "duration_days": 2,
  "budget": 1600000,
  "num_clusters": 2,
  "clustering_method": "greedy_score_based_with_store_hours",
  "seed_strategy": "highest_score_only",
  "max_cluster_radius_km": 6,
  "min_places_per_category": 7,
  "places_per_category": 15,
  "Accommodation": 10058072,
  "clusters": [
    {
      "cluster_id": 0,
      "date": "2025-08-25",
      "weekday": "월",
      "seed_category": "Cafe",
      "seed_place": {
        "id": 33021650,
        "name": "스타벅스 강릉안목해변점",
        "final_score": 0.4075
      },
      "center_lat": 37.771379,
      "center_lng": 128.948736,
      "categories": {
        "Cafe": [
          {
            "id": 33021650,
            "name": "스타벅스 강릉안목해변점",
            "final_score": 0.4075,
            "distance_from_center": 0.0
          },
          {
            "id": 1267158607,
            "name": "성수미술관 강릉안목점",
            "final_score": 0.1594,
            "distance_from_center": 0.02
          },
          {
            "id": 15692078,
            "name": "카페알베로",
            "final_score": 0.1336,
            "distance_from_center": 0.03
          },
          {
            "id": 1557387521,
            "name": "할리스 강릉안목해변점",
            "final_score": 0.189,
            "distance_from_center": 0.05
          },
          {
            "id": 36399670,
            "name": "키크러스 강릉점",
            "final_score": 0.3026,
            "distance_from_center": 0.07
          },
          {
            "id": 38520417,
            "name": "커피 아메리카 강릉점",
            "final_score": 0.1014,
            "distance_from_center": 0.07
          },
          {
            "id": 20585367,
            "name": "카페베네 안목점",
            "final_score": 0.1853,
            "distance_from_center": 0.11
          },
          {
            "id": 1894965701,
            "name": "로지커피",
            "final_score": 0.325,
            "distance_from_center": 0.13
          },
          {
            "id": 19823055,
            "name": "산토리니커피",
            "final_score": 0.0848,
            "distance_from_center": 0.14
          },
          {
            "id": 34203501,
            "name": "에이엠브레드앤커피",
            "final_score": 0.2766,
            "distance_from_center": 0.15
          },
          {
            "id": 1220981140,
            "name": "정남미명과 강릉본점",
            "final_score": 0.0972,
            "distance_from_center": 0.16
          },
          {
            "id": 1933690279,
            "name": "미르마르",
            "final_score": 0.3033,
            "distance_from_center": 0.18
          },
          {
            "id": 11887822,
            "name": "커피커퍼 안목점",
            "final_score": 0.1731,
            "distance_from_center": 0.19
          },
          {
            "id": 499938650,
            "name": "카페 뤼미에르",
            "final_score": 0.1485,
            "distance_from_center": 0.21
          },
          {
            "id": 1019503112,
            "name": "강릉샌드 안목해변점",
            "final_score": 0.1554,
            "distance_from_center": 0.26
          }
        ],
        "Restaurant": [
          {
            "id": 1182217392,
            "name": "페리페리버거 강릉안목해변점",
            "final_score": 0.077,
            "distance_from_center": 0.02
          },
          {
            "id": 1084805019,
            "name": "미역국 전문점 안목애",
            "final_score": 0.0378,
            "distance_from_center": 0.06
          },
          {
            "id": 1165823672,
            "name": "안목해변 술집 문문",
            "final_score": 0.1183,
            "distance_from_center": 0.14
          },
          {
            "id": 1991602969,
            "name": "솔향",
            "final_score": 0.3349,
            "distance_from_center": 0.25
          },
          {
            "id": 1613946855,
            "name": "명문",
            "final_score": 0.3084,
            "distance_from_center": 0.25
          },
          {
            "id": 38268032,
            "name": "버거웍스",
            "final_score": 0.0821,
            "distance_from_center": 0.27
          },
          {
            "id": 12912326,
            "name": "형제매운양푼갈비",
            "final_score": 0.0575,
            "distance_from_center": 0.34
          },
          {
            "id": 1261122567,
            "name": "안목항물회",
            "final_score": 0.2063,
            "distance_from_center": 0.37
          },
          {
            "id": 1929924200,
            "name": "강릉역옹막 안목점",
            "final_score": 0.129,
            "distance_from_center": 0.42
          },
          {
            "id": 1582249955,
            "name": "브라보칼국수 강릉본점",
            "final_score": 0.1707,
            "distance_from_center": 0.5
          },
          {
            "id": 15349681,
            "name": "남항진어촌식당",
            "final_score": 0.144,
            "distance_from_center": 0.54
          },
          {
            "id": 20948060,
            "name": "남항진순대국밥",
            "final_score": 0.0609,
            "distance_from_center": 0.76
          },
          {
            "id": 15349625,
            "name": "아라담횟집",
            "final_score": 0.3477,
            "distance_from_center": 0.79
          },
          {
            "id": 1690518281,
            "name": "평진냉면",
            "final_score": 0.2059,
            "distance_from_center": 0.85
          },
          {
            "id": 1770360235,
            "name": "찐전집",
            "final_score": 0.1328,
            "distance_from_center": 0.87
          }
        ],
        "Attraction": [
          {
            "id": 13491906,
            "name": "안목해변",
            "final_score": 0.3144,
            "distance_from_center": 0.19
          },
          {
            "id": 20947876,
            "name": "강릉커피거리",
            "final_score": 0.1783,
            "distance_from_center": 0.19
          },
          {
            "id": 15692195,
            "name": "강릉항",
            "final_score": 0.2467,
            "distance_from_center": 0.26
          },
          {
            "id": 939463951,
            "name": "강릉 안목해맞이공원",
            "final_score": 0.3077,
            "distance_from_center": 0.46
          },
          {
            "id": 32268465,
            "name": "환희컵박물관",
            "final_score": 0.1835,
            "distance_from_center": 0.6
          },
          {
            "id": 13491444,
            "name": "남항진해변",
            "final_score": 0.096,
            "distance_from_center": 0.95
          },
          {
            "id": 1243747688,
            "name": "병산 옹심이마을",
            "final_score": 0.2363,
            "distance_from_center": 1.15
          },
          {
            "id": 20065935,
            "name": "송정해변",
            "final_score": 0.1211,
            "distance_from_center": 1.41
          },
          {
            "id": 1112785467,
            "name": "런닝맨 강릉점",
            "final_score": 0.111,
            "distance_from_center": 3.25
          },
          {
            "id": 13126966,
            "name": "풍호마을",
            "final_score": 0.1139,
            "distance_from_center": 3.68
          },
          {
            "id": 13491183,
            "name": "강문해변",
            "final_score": 0.1228,
            "distance_from_center": 3.69
          },
          {
            "id": 1542622512,
            "name": "원더스카이",
            "final_score": 0.0082,
            "distance_from_center": 3.86
          },
          {
            "id": 31506191,
            "name": "초당순두부마을",
            "final_score": 0.0413,
            "distance_from_center": 3.89
          },
          {
            "id": 1130774967,
            "name": "허균·허난설헌 기념공원",
            "final_score": 0.2486,
            "distance_from_center": 4.11
          },
          {
            "id": 20066218,
            "name": "허난설헌 생가터",
            "final_score": 0.1655,
            "distance_from_center": 4.12
          }
        ]
      }
    },
    {
      "cluster_id": 1,
      "date": "2025-08-26",
      "weekday": "화",
      "seed_category": "Restaurant",
      "seed_place": {
        "id": 1949567929,
        "name": "화니조개구이",
        "final_score": 0.3945
      },
      "center_lat": 37.801788,
      "center_lng": 128.910973,
      "categories": {
        "Cafe": [
          {
            "id": 1176434004,
            "name": "AURA Cafe&Lounge",
            "final_score": 0.1383,
            "distance_from_center": 0.38
          },
          {
            "id": 1083326838,
            "name": "씨엠디컴퍼니",
            "final_score": 0.1063,
            "distance_from_center": 0.64
          },
          {
            "id": 189619233,
            "name": "강릉커피빵 본점",
            "final_score": 0.1384,
            "distance_from_center": 0.79
          },
          {
            "id": 1497289783,
            "name": "꾸옥 GGUOK",
            "final_score": 0.0953,
            "distance_from_center": 0.79
          },
          {
            "id": 1763738753,
            "name": "마더커피 강문점",
            "final_score": 0.1641,
            "distance_from_center": 0.88
          },
          {
            "id": 1212033877,
            "name": "강릉샌드 초당점",
            "final_score": 0.1831,
            "distance_from_center": 0.88
          },
          {
            "id": 1103533977,
            "name": "허스크밀",
            "final_score": 0.0635,
            "distance_from_center": 0.88
          },
          {
            "id": 1709924447,
            "name": "롱블랙",
            "final_score": 0.2339,
            "distance_from_center": 0.91
          },
          {
            "id": 1869523471,
            "name": "강릉 조개빵 강릉본점",
            "final_score": 0.2446,
            "distance_from_center": 0.92
          },
          {
            "id": 1591483811,
            "name": "카페밀",
            "final_score": 0.119,
            "distance_from_center": 0.97
          },
          {
            "id": 1625751111,
            "name": "커피커퍼박물관",
            "final_score": 0.0928,
            "distance_from_center": 0.97
          },
          {
            "id": 1639218638,
            "name": "덴켄",
            "final_score": 0.1504,
            "distance_from_center": 1.01
          },
          {
            "id": 2067971861,
            "name": "안초당",
            "final_score": 0.2432,
            "distance_from_center": 1.02
          },
          {
            "id": 1926085994,
            "name": "스타벅스 강릉강문해변점",
            "final_score": 0.2409,
            "distance_from_center": 1.03
          },
          {
            "id": 1899236965,
            "name": "삼송빵집 강릉경포점",
            "final_score": 0.119,
            "distance_from_center": 1.04
          }
        ],
        "Restaurant": [
          {
            "id": 1949567929,
            "name": "화니조개구이",
            "final_score": 0.3945,
            "distance_from_center": 0.0
          },
          {
            "id": 1815335754,
            "name": "오봉이해물칼국수 강릉본점",
            "final_score": 0.3722,
            "distance_from_center": 0.0
          },
          {
            "id": 1635365791,
            "name": "팔도숯불조개구이",
            "final_score": 0.0752,
            "distance_from_center": 0.0
          },
          {
            "id": 2096131729,
            "name": "바담냉면 강릉본점",
            "final_score": 0.2323,
            "distance_from_center": 0.06
          },
          {
            "id": 2098103072,
            "name": "만야수산 경포대본점",
            "final_score": 0.2401,
            "distance_from_center": 0.06
          },
          {
            "id": 1717795976,
            "name": "강릉칼제비 강릉본점",
            "final_score": 0.1272,
            "distance_from_center": 0.06
          },
          {
            "id": 15328404,
            "name": "빛고을식당",
            "final_score": 0.0403,
            "distance_from_center": 0.12
          },
          {
            "id": 1391626004,
            "name": "설렘덩크",
            "final_score": 0.068,
            "distance_from_center": 0.39
          },
          {
            "id": 1450217253,
            "name": "피비피샌드위치",
            "final_score": 0.1387,
            "distance_from_center": 0.39
          },
          {
            "id": 1491441649,
            "name": "BHC치킨 스카이베이경포호텔점",
            "final_score": 0.1569,
            "distance_from_center": 0.39
          },
          {
            "id": 1489310166,
            "name": "짬뽕 순두부 초당애",
            "final_score": 0.0016,
            "distance_from_center": 0.56
          },
          {
            "id": 19338559,
            "name": "경포전주식당",
            "final_score": 0.0144,
            "distance_from_center": 0.6
          },
          {
            "id": 1605560000,
            "name": "맛가득",
            "final_score": 0.0666,
            "distance_from_center": 0.6
          },
          {
            "id": 15352518,
            "name": "경포삼성관",
            "final_score": 0.0899,
            "distance_from_center": 0.6
          },
          {
            "id": 1190165195,
            "name": "소담낙지 강릉경포",
            "final_score": 0.2337,
            "distance_from_center": 0.64
          }
        ],
        "Attraction": [
          {
            "id": 13300191,
            "name": "경포도립공원",
            "final_score": 0.1984,
            "distance_from_center": 0.13
          },
          {
            "id": 1940124735,
            "name": "강문솟대다리",
            "final_score": 0.3352,
            "distance_from_center": 0.39
          },
          {
            "id": 472414455,
            "name": "경포호수광장",
            "final_score": 0.1341,
            "distance_from_center": 0.46
          },
          {
            "id": 1063021154,
            "name": "경포플라워가든",
            "final_score": 0.2168,
            "distance_from_center": 0.47
          },
          {
            "id": 12079976,
            "name": "경포해수욕장",
            "final_score": 0.2224,
            "distance_from_center": 0.54
          },
          {
            "id": 12409858,
            "name": "참소리에디슨손성목영화박물관",
            "final_score": 0.0039,
            "distance_from_center": 1.28
          },
          {
            "id": 37434460,
            "name": "경포 아쿠아리움",
            "final_score": 0.216,
            "distance_from_center": 1.33
          },
          {
            "id": 1090555407,
            "name": "아르떼뮤지엄 강릉",
            "final_score": 0.1599,
            "distance_from_center": 1.33
          },
          {
            "id": 13491109,
            "name": "경포호",
            "final_score": 0.1598,
            "distance_from_center": 1.44
          },
          {
            "id": 1675156043,
            "name": "강릉 경포대",
            "final_score": 0.3089,
            "distance_from_center": 1.45
          },
          {
            "id": 1881857549,
            "name": "강릉 메타버스 체험관",
            "final_score": 0.0004,
            "distance_from_center": 1.59
          },
          {
            "id": 15371716,
            "name": "사근진해변",
            "final_score": 0.2109,
            "distance_from_center": 1.62
          },
          {
            "id": 1338629806,
            "name": "사근진해중공원 전망대",
            "final_score": 0.0872,
            "distance_from_center": 1.62
          },
          {
            "id": 1338629806,
            "name": "사근진해중공원 전망대",
            "final_score": 0.0872,
            "distance_from_center": 1.62
          },
          {
            "id": 31044854,
            "name": "경포가시연습지",
            "final_score": 0.1099,
            "distance_from_center": 1.75
          }
        ]
      }
    }
  ]
}