{
  "user_id": "U0037",
  "start_date": "2025-02-23",
  "start_weekday": "일",
  "duration_days": 2,
  "budget": 800000,
  "num_clusters": 2,
  "clustering_method": "greedy_score_based_with_store_hours",
  "seed_strategy": "highest_score_only",
  "max_cluster_radius_km": 6,
  "min_places_per_category": 7,
  "places_per_category": 15,
  "Accommodation": 10058072,
  "clusters": [
    {
      "cluster_id": 0,
      "date": "2025-02-23",
      "weekday": "일",
      "seed_category": "Restaurant",
      "seed_place": {
        "id": 15349625,
        "name": "아라담횟집",
        "final_score": 0.5885
      },
      "center_lat": 37.765212,
      "center_lng": 128.953187,
      "categories": {
        "Cafe": [
          {
            "id": 1721611016,
            "name": "아뜨9",
            "final_score": 0.2945,
            "distance_from_center": 0.05
          },
          {
            "id": 1220981140,
            "name": "정남미명과 강릉본점",
            "final_score": 0.3043,
            "distance_from_center": 0.65
          },
          {
            "id": 19823055,
            "name": "산토리니커피",
            "final_score": 0.1553,
            "distance_from_center": 0.67
          },
          {
            "id": 1894965701,
            "name": "로지커피",
            "final_score": 0.3088,
            "distance_from_center": 0.68
          },
          {
            "id": 20585367,
            "name": "카페베네 안목점",
            "final_score": 0.3126,
            "distance_from_center": 0.69
          },
          {
            "id": 36399670,
            "name": "키크러스 강릉점",
            "final_score": 0.41,
            "distance_from_center": 0.72
          },
          {
            "id": 38520417,
            "name": "커피 아메리카 강릉점",
            "final_score": 0.1938,
            "distance_from_center": 0.72
          },
          {
            "id": 33021650,
            "name": "스타벅스 강릉안목해변점",
            "final_score": 0.4403,
            "distance_from_center": 0.79
          },
          {
            "id": 1267158607,
            "name": "성수미술관 강릉안목점",
            "final_score": 0.3624,
            "distance_from_center": 0.79
          },
          {
            "id": 15692078,
            "name": "카페알베로",
            "final_score": 0.3109,
            "distance_from_center": 0.82
          },
          {
            "id": 1557387521,
            "name": "할리스 강릉안목해변점",
            "final_score": 0.2488,
            "distance_from_center": 0.83
          },
          {
            "id": 34203501,
            "name": "에이엠브레드앤커피",
            "final_score": 0.4719,
            "distance_from_center": 0.93
          },
          {
            "id": 1933690279,
            "name": "미르마르",
            "final_score": 0.3908,
            "distance_from_center": 0.96
          },
          {
            "id": 11887822,
            "name": "커피커퍼 안목점",
            "final_score": 0.2707,
            "distance_from_center": 0.98
          },
          {
            "id": 499938650,
            "name": "카페 뤼미에르",
            "final_score": 0.1948,
            "distance_from_center": 0.99
          }
        ],
        "Restaurant": [
          {
            "id": 15349625,
            "name": "아라담횟집",
            "final_score": 0.5885,
            "distance_from_center": 0.0
          },
          {
            "id": 20948060,
            "name": "남항진순대국밥",
            "final_score": 0.1979,
            "distance_from_center": 0.04
          },
          {
            "id": 31508723,
            "name": "바다사랑",
            "final_score": 0.3283,
            "distance_from_center": 0.14
          },
          {
            "id": 15349681,
            "name": "남항진어촌식당",
            "final_score": 0.3277,
            "distance_from_center": 0.25
          },
          {
            "id": 1991602969,
            "name": "솔향",
            "final_score": 0.5798,
            "distance_from_center": 0.65
          },
          {
            "id": 1613946855,
            "name": "명문",
            "final_score": 0.5659,
            "distance_from_center": 0.65
          },
          {
            "id": 1165823672,
            "name": "안목해변 술집 문문",
            "final_score": 0.4251,
            "distance_from_center": 0.65
          },
          {
            "id": 1182217392,
            "name": "페리페리버거 강릉안목해변점",
            "final_score": 0.2665,
            "distance_from_center": 0.79
          },
          {
            "id": 1084805019,
            "name": "미역국 전문점 안목애",
            "final_score": 0.2054,
            "distance_from_center": 0.85
          },
          {
            "id": 1565454479,
            "name": "만추",
            "final_score": 0.1253,
            "distance_from_center": 0.97
          },
          {
            "id": 1690518281,
            "name": "평진냉면",
            "final_score": 0.3842,
            "distance_from_center": 1.01
          },
          {
            "id": 38268032,
            "name": "버거웍스",
            "final_score": 0.2361,
            "distance_from_center": 1.05
          },
          {
            "id": 32185304,
            "name": "만동면옥",
            "final_score": 0.3603,
            "distance_from_center": 1.07
          },
          {
            "id": 15349490,
            "name": "만선감자옹심이",
            "final_score": 0.1725,
            "distance_from_center": 1.09
          },
          {
            "id": 12912326,
            "name": "형제매운양푼갈비",
            "final_score": 0.1881,
            "distance_from_center": 1.1
          }
        ],
        "Attraction": [
          {
            "id": 13491444,
            "name": "남항진해변",
            "final_score": 0.3597,
            "distance_from_center": 0.17
          },
          {
            "id": 15692195,
            "name": "강릉항",
            "final_score": 0.3154,
            "distance_from_center": 0.7
          },
          {
            "id": 13491906,
            "name": "안목해변",
            "final_score": 0.3567,
            "distance_from_center": 0.97
          },
          {
            "id": 20947876,
            "name": "강릉커피거리",
            "final_score": 0.2817,
            "distance_from_center": 0.97
          },
          {
            "id": 1243747688,
            "name": "병산 옹심이마을",
            "final_score": 0.1362,
            "distance_from_center": 1.09
          },
          {
            "id": 939463951,
            "name": "강릉 안목해맞이공원",
            "final_score": 0.4383,
            "distance_from_center": 1.24
          },
          {
            "id": 32268465,
            "name": "환희컵박물관",
            "final_score": 0.2136,
            "distance_from_center": 1.36
          },
          {
            "id": 20065935,
            "name": "송정해변",
            "final_score": 0.1703,
            "distance_from_center": 2.18
          },
          {
            "id": 13126966,
            "name": "풍호마을",
            "final_score": 0.2156,
            "distance_from_center": 2.96
          },
          {
            "id": 15701732,
            "name": "염전해변",
            "final_score": 0.4632,
            "distance_from_center": 3.71
          },
          {
            "id": 1112785467,
            "name": "런닝맨 강릉점",
            "final_score": 0.161,
            "distance_from_center": 4.01
          },
          {
            "id": 13491183,
            "name": "강문해변",
            "final_score": 0.3464,
            "distance_from_center": 4.46
          },
          {
            "id": 1542622512,
            "name": "원더스카이",
            "final_score": 0.0805,
            "distance_from_center": 4.61
          },
          {
            "id": 31506191,
            "name": "초당순두부마을",
            "final_score": 0.2561,
            "distance_from_center": 4.65
          },
          {
            "id": 13345874,
            "name": "강릉 동부시장",
            "final_score": 0.0,
            "distance_from_center": 4.66
          }
        ]
      }
    },
    {
      "cluster_id": 1,
      "date": "2025-02-24",
      "weekday": "월",
      "seed_category": "Restaurant",
      "seed_place": {
        "id": 36195920,
        "name": "꼼지락",
        "final_score": 0.5969
      },
      "center_lat": 37.76523,
      "center_lng": 128.880246,
      "categories": {
        "Cafe": [
          {
            "id": 1263529731,
            "name": "인비토",
            "final_score": 0.3025,
            "distance_from_center": 0.14
          },
          {
            "id": 79408101,
            "name": "이디야커피 강릉교동택지점",
            "final_score": 0.3032,
            "distance_from_center": 0.2
          },
          {
            "id": 1867724165,
            "name": "사루",
            "final_score": 0.4484,
            "distance_from_center": 0.23
          },
          {
            "id": 1459760339,
            "name": "스타벅스 강릉교동광장점",
            "final_score": 0.2703,
            "distance_from_center": 0.29
          },
          {
            "id": 1784470266,
            "name": "메가MGC커피 강릉교동솔올점",
            "final_score": 0.0008,
            "distance_from_center": 0.3
          },
          {
            "id": 1526759655,
            "name": "텐퍼센트커피 강릉교동택지점",
            "final_score": 0.4498,
            "distance_from_center": 0.31
          },
          {
            "id": 1843451871,
            "name": "투썸플레이스 강릉교동택지점",
            "final_score": 0.2642,
            "distance_from_center": 0.33
          },
          {
            "id": 1215792352,
            "name": "던킨 강릉교동점",
            "final_score": 0.4143,
            "distance_from_center": 0.33
          },
          {
            "id": 1352455905,
            "name": "화이트리에 강릉점",
            "final_score": 0.0779,
            "distance_from_center": 0.33
          },
          {
            "id": 36767042,
            "name": "크리스피크림도넛 강릉교동점",
            "final_score": 0.1954,
            "distance_from_center": 0.37
          },
          {
            "id": 21095658,
            "name": "베이커리 가루",
            "final_score": 0.1746,
            "distance_from_center": 0.41
          },
          {
            "id": 1662017638,
            "name": "쎄라비",
            "final_score": 0.2559,
            "distance_from_center": 0.45
          },
          {
            "id": 1662017638,
            "name": "쎄라비",
            "final_score": 0.2559,
            "distance_from_center": 0.45
          },
          {
            "id": 38482509,
            "name": "52블럭",
            "final_score": 0.3143,
            "distance_from_center": 0.47
          },
          {
            "id": 1133303813,
            "name": "커피아워",
            "final_score": 0.3039,
            "distance_from_center": 0.48
          }
        ],
        "Restaurant": [
          {
            "id": 36195920,
            "name": "꼼지락",
            "final_score": 0.5969,
            "distance_from_center": 0.0
          },
          {
            "id": 1093428366,
            "name": "연길양꼬치",
            "final_score": 0.3736,
            "distance_from_center": 0.02
          },
          {
            "id": 15380143,
            "name": "춘천택지닭갈비",
            "final_score": 0.4305,
            "distance_from_center": 0.05
          },
          {
            "id": 1525974431,
            "name": "열정국밥 강릉교동점",
            "final_score": 0.2006,
            "distance_from_center": 0.05
          },
          {
            "id": 1323935877,
            "name": "푸짐이왕족발보쌈본점",
            "final_score": 0.3572,
            "distance_from_center": 0.05
          },
          {
            "id": 1270547426,
            "name": "여왕숯불갈비",
            "final_score": 0.3113,
            "distance_from_center": 0.06
          },
          {
            "id": 37917721,
            "name": "장군시오야끼 교동직영점",
            "final_score": 0.0313,
            "distance_from_center": 0.07
          },
          {
            "id": 1126917861,
            "name": "본도시락 강릉교동점",
            "final_score": 0.3022,
            "distance_from_center": 0.09
          },
          {
            "id": 20956496,
            "name": "보영이네해물칼국수 강릉점",
            "final_score": 0.1365,
            "distance_from_center": 0.1
          },
          {
            "id": 35363966,
            "name": "선풍",
            "final_score": 0.4874,
            "distance_from_center": 0.1
          },
          {
            "id": 1100692439,
            "name": "국밥생각 강릉교동점",
            "final_score": 0.2971,
            "distance_from_center": 0.1
          },
          {
            "id": 1901843013,
            "name": "봉화산설렁탕 교동점",
            "final_score": 0.2158,
            "distance_from_center": 0.15
          },
          {
            "id": 1507071331,
            "name": "김밥천국 서지골점",
            "final_score": 0.1176,
            "distance_from_center": 0.15
          },
          {
            "id": 15378004,
            "name": "관동닭갈비",
            "final_score": 0.35,
            "distance_from_center": 0.16
          },
          {
            "id": 33886859,
            "name": "이미정의걸작교동점",
            "final_score": 0.3894,
            "distance_from_center": 0.17
          }
        ],
        "Attraction": [
          {
            "id": 1775014582,
            "name": "리고엠",
            "final_score": 0.2807,
            "distance_from_center": 0.31
          },
          {
            "id": 2062786512,
            "name": "강릉시립미술관 솔올",
            "final_score": 0.1982,
            "distance_from_center": 0.7
          },
          {
            "id": 11535675,
            "name": "강릉문화원",
            "final_score": 0.1946,
            "distance_from_center": 0.91
          },
          {
            "id": 12762639,
            "name": "강릉시립미술관 교동",
            "final_score": 0.3202,
            "distance_from_center": 1.06
          },
          {
            "id": 21824426,
            "name": "강릉원주대학교 박물관",
            "final_score": 0.2443,
            "distance_from_center": 1.08
          },
          {
            "id": 11663849,
            "name": "강릉향교",
            "final_score": 0.1707,
            "distance_from_center": 1.33
          },
          {
            "id": 19832807,
            "name": "강릉자수박물관",
            "final_score": 0.0704,
            "distance_from_center": 1.42
          },
          {
            "id": 13345877,
            "name": "강릉 서부시장",
            "final_score": 0.269,
            "distance_from_center": 1.46
          },
          {
            "id": 1550291849,
            "name": "강릉아트센터",
            "final_score": 0.1325,
            "distance_from_center": 1.52
          },
          {
            "id": 11620702,
            "name": "강릉 오죽헌·시립박물관",
            "final_score": 0.2484,
            "distance_from_center": 1.55
          },
          {
            "id": 1346656418,
            "name": "경포생태저류지",
            "final_score": 0.1108,
            "distance_from_center": 1.64
          },
          {
            "id": 1357865119,
            "name": "고래책방",
            "final_score": 0.3918,
            "distance_from_center": 1.68
          },
          {
            "id": 749351147,
            "name": "강릉 임영관 삼문",
            "final_score": 0.1148,
            "distance_from_center": 1.68
          },
          {
            "id": 15685783,
            "name": "강릉 대도호부 관아",
            "final_score": 0.2973,
            "distance_from_center": 1.69
          },
          {
            "id": 1287320440,
            "name": "강릉 월화거리",
            "final_score": 0.3323,
            "distance_from_center": 1.83
          }
        ]
      }
    }
  ]
}