{
  "user_id": "U0045",
  "start_date": "2025-01-31",
  "start_weekday": "금",
  "duration_days": 3,
  "budget": 700000,
  "num_clusters": 3,
  "clustering_method": "greedy_score_based_with_store_hours",
  "seed_strategy": "highest_score_only",
  "max_cluster_radius_km": 6,
  "min_places_per_category": 7,
  "places_per_category": 15,
  "Accommodation": 1000090928,
  "clusters": [
    {
      "cluster_id": 0,
      "date": "2025-01-31",
      "weekday": "금",
      "seed_category": "Restaurant",
      "seed_place": {
        "id": 1175159881,
        "name": "마운틴 화덕피자",
        "final_score": 0.5059
      },
      "center_lat": 37.790522,
      "center_lng": 128.864636,
      "categories": {
        "Cafe": [
          {
            "id": 1439249340,
            "name": "서지초가뜰",
            "final_score": 0.3787,
            "distance_from_center": 1.43
          },
          {
            "id": 19861939,
            "name": "크레마코스타",
            "final_score": 0.3104,
            "distance_from_center": 1.45
          },
          {
            "id": 1683569661,
            "name": "디핑 초콜릿카페",
            "final_score": 0.241,
            "distance_from_center": 2.43
          },
          {
            "id": 38274668,
            "name": "플레지르",
            "final_score": 0.2669,
            "distance_from_center": 2.48
          },
          {
            "id": 1623800311,
            "name": "멜로우밀",
            "final_score": 0.4506,
            "distance_from_center": 2.57
          },
          {
            "id": 1292591709,
            "name": "헝키도리커피바",
            "final_score": 0.4075,
            "distance_from_center": 2.6
          },
          {
            "id": 2051244903,
            "name": "강릉샌드 본점",
            "final_score": 0.3373,
            "distance_from_center": 2.66
          },
          {
            "id": 1625914520,
            "name": "사월의 모노웜",
            "final_score": 0.2767,
            "distance_from_center": 2.67
          },
          {
            "id": 1133303813,
            "name": "커피아워",
            "final_score": 0.3429,
            "distance_from_center": 2.71
          },
          {
            "id": 1662017638,
            "name": "쎄라비",
            "final_score": 0.1861,
            "distance_from_center": 2.76
          },
          {
            "id": 1662017638,
            "name": "쎄라비",
            "final_score": 0.1861,
            "distance_from_center": 2.76
          },
          {
            "id": 1843451871,
            "name": "투썸플레이스 강릉교동택지점",
            "final_score": 0.241,
            "distance_from_center": 2.8
          },
          {
            "id": 1784470266,
            "name": "메가MGC커피 강릉교동솔올점",
            "final_score": 0.0008,
            "distance_from_center": 2.83
          },
          {
            "id": 38275526,
            "name": "보헤미안 커피 경포점",
            "final_score": 0.2505,
            "distance_from_center": 2.87
          },
          {
            "id": 1867724165,
            "name": "사루",
            "final_score": 0.4615,
            "distance_from_center": 2.91
          }
        ],
        "Restaurant": [
          {
            "id": 1175159881,
            "name": "마운틴 화덕피자",
            "final_score": 0.5059,
            "distance_from_center": 0.0
          },
          {
            "id": 1413946030,
            "name": "태장봉능이오리닭백숙",
            "final_score": 0.306,
            "distance_from_center": 0.47
          },
          {
            "id": 1914381494,
            "name": "서지가마솥설렁탕전문점",
            "final_score": 0.304,
            "distance_from_center": 1.1
          },
          {
            "id": 12027411,
            "name": "샘터흑염소",
            "final_score": 0.3406,
            "distance_from_center": 1.19
          },
          {
            "id": 1294584035,
            "name": "법원구내식당",
            "final_score": 0.2301,
            "distance_from_center": 1.24
          },
          {
            "id": 35678301,
            "name": "날밀보리뜰",
            "final_score": 0.3512,
            "distance_from_center": 1.38
          },
          {
            "id": 15351782,
            "name": "배다리막국수",
            "final_score": 0.2125,
            "distance_from_center": 1.47
          },
          {
            "id": 19901360,
            "name": "강릉진국가마솥설렁탕",
            "final_score": 0.2819,
            "distance_from_center": 1.55
          },
          {
            "id": 1365555111,
            "name": "경포막국수",
            "final_score": 0.1616,
            "distance_from_center": 1.56
          },
          {
            "id": 1090308210,
            "name": "경포왕만두",
            "final_score": 0.0793,
            "distance_from_center": 1.56
          },
          {
            "id": 1888786624,
            "name": "시나미83",
            "final_score": 0.431,
            "distance_from_center": 1.6
          },
          {
            "id": 15311333,
            "name": "강릉맛드린 순두부해장국&감자탕",
            "final_score": 0.3878,
            "distance_from_center": 1.71
          },
          {
            "id": 1048928439,
            "name": "강릉본가막국수",
            "final_score": 0.3333,
            "distance_from_center": 1.73
          },
          {
            "id": 11554046,
            "name": "삼교리동치미막국수 교동점",
            "final_score": 0.2618,
            "distance_from_center": 1.82
          },
          {
            "id": 21741555,
            "name": "복마니찐빵집",
            "final_score": 0.2792,
            "distance_from_center": 1.86
          }
        ],
        "Attraction": [
          {
            "id": 1300520912,
            "name": "르꼬따쥬",
            "final_score": 0.3126,
            "distance_from_center": 0.33
          },
          {
            "id": 11620702,
            "name": "강릉 오죽헌·시립박물관",
            "final_score": 0.2863,
            "distance_from_center": 1.83
          },
          {
            "id": 11687693,
            "name": "강릉 선교장",
            "final_score": 0.2345,
            "distance_from_center": 1.85
          },
          {
            "id": 1346656418,
            "name": "경포생태저류지",
            "final_score": 0.2097,
            "distance_from_center": 1.96
          },
          {
            "id": 19832807,
            "name": "강릉자수박물관",
            "final_score": 0.0625,
            "distance_from_center": 1.96
          },
          {
            "id": 21824426,
            "name": "강릉원주대학교 박물관",
            "final_score": 0.3102,
            "distance_from_center": 2.25
          },
          {
            "id": 20066249,
            "name": "강릉 수리골 고택",
            "final_score": 0.2996,
            "distance_from_center": 2.38
          },
          {
            "id": 1675156043,
            "name": "강릉 경포대",
            "final_score": 0.4198,
            "distance_from_center": 2.86
          },
          {
            "id": 13491109,
            "name": "경포호",
            "final_score": 0.2074,
            "distance_from_center": 2.86
          },
          {
            "id": 12409858,
            "name": "참소리에디슨손성목영화박물관",
            "final_score": 0.1268,
            "distance_from_center": 2.98
          },
          {
            "id": 31044854,
            "name": "경포가시연습지",
            "final_score": 0.1855,
            "distance_from_center": 2.99
          },
          {
            "id": 1211834959,
            "name": "강릉올림픽뮤지엄",
            "final_score": 0.164,
            "distance_from_center": 3.11
          },
          {
            "id": 1775014582,
            "name": "리고엠",
            "final_score": 0.25,
            "distance_from_center": 3.12
          },
          {
            "id": 35372537,
            "name": "대관령아기동물농장",
            "final_score": 0.1919,
            "distance_from_center": 3.19
          },
          {
            "id": 1550291849,
            "name": "강릉아트센터",
            "final_score": 0.1624,
            "distance_from_center": 3.42
          }
        ]
      }
    },
    {
      "cluster_id": 1,
      "date": "2025-02-01",
      "weekday": "토",
      "seed_category": "Cafe",
      "seed_place": {
        "id": 1426647455,
        "name": "파인파인 강릉점",
        "final_score": 0.4995
      },
      "center_lat": 37.750886,
      "center_lng": 128.893158,
      "categories": {
        "Cafe": [
          {
            "id": 1426647455,
            "name": "파인파인 강릉점",
            "final_score": 0.4995,
            "distance_from_center": 0.0
          },
          {
            "id": 13320528,
            "name": "명주배롱",
            "final_score": 0.2807,
            "distance_from_center": 0.03
          },
          {
            "id": 1325516945,
            "name": "카페 오뉴월",
            "final_score": 0.2954,
            "distance_from_center": 0.03
          },
          {
            "id": 2031533892,
            "name": "글루크",
            "final_score": 0.3139,
            "distance_from_center": 0.04
          },
          {
            "id": 1104085754,
            "name": "aie",
            "final_score": 0.2906,
            "distance_from_center": 0.11
          },
          {
            "id": 1275789425,
            "name": "봄",
            "final_score": 0.4164,
            "distance_from_center": 0.17
          },
          {
            "id": 38345396,
            "name": "지베이스",
            "final_score": 0.3333,
            "distance_from_center": 0.25
          },
          {
            "id": 30959782,
            "name": "투썸플레이스 강릉중앙점",
            "final_score": 0.2366,
            "distance_from_center": 0.26
          },
          {
            "id": 1026225860,
            "name": "새바람이오는그늘",
            "final_score": 0.4297,
            "distance_from_center": 0.27
          },
          {
            "id": 1232320005,
            "name": "카페 객사문",
            "final_score": 0.261,
            "distance_from_center": 0.37
          },
          {
            "id": 2094977764,
            "name": "장인더 강릉",
            "final_score": 0.3474,
            "distance_from_center": 0.4
          },
          {
            "id": 35256483,
            "name": "설빙 강릉대학로점",
            "final_score": 0.3463,
            "distance_from_center": 0.42
          },
          {
            "id": 1086491623,
            "name": "파충류카페 강릉점",
            "final_score": 0.3769,
            "distance_from_center": 0.43
          },
          {
            "id": 1070351925,
            "name": "임당동162",
            "final_score": 0.2884,
            "distance_from_center": 0.44
          },
          {
            "id": 1921017062,
            "name": "카페시로울",
            "final_score": 0.2697,
            "distance_from_center": 0.46
          }
        ],
        "Restaurant": [
          {
            "id": 939233594,
            "name": "몽유",
            "final_score": 0.3925,
            "distance_from_center": 0.07
          },
          {
            "id": 15288728,
            "name": "동해일미",
            "final_score": 0.1805,
            "distance_from_center": 0.08
          },
          {
            "id": 1341080383,
            "name": "효자동설렁탕 강릉점",
            "final_score": 0.0925,
            "distance_from_center": 0.1
          },
          {
            "id": 1495644418,
            "name": "다이닝원 강릉점",
            "final_score": 0.3036,
            "distance_from_center": 0.18
          },
          {
            "id": 15287658,
            "name": "금성해장국",
            "final_score": 0.3243,
            "distance_from_center": 0.18
          },
          {
            "id": 1070849638,
            "name": "경포엄마손식당",
            "final_score": 0.1596,
            "distance_from_center": 0.18
          },
          {
            "id": 20264800,
            "name": "곽가네시오야끼",
            "final_score": 0.3732,
            "distance_from_center": 0.2
          },
          {
            "id": 15294097,
            "name": "춘천마신는닭갈비",
            "final_score": 0.3978,
            "distance_from_center": 0.2
          },
          {
            "id": 15287905,
            "name": "남문칼국수",
            "final_score": 0.1242,
            "distance_from_center": 0.21
          },
          {
            "id": 15293749,
            "name": "옛빙그레",
            "final_score": 0.2442,
            "distance_from_center": 0.26
          },
          {
            "id": 1485221897,
            "name": "구구족 강릉점",
            "final_score": 0.2136,
            "distance_from_center": 0.27
          },
          {
            "id": 1085464055,
            "name": "강릉길감자",
            "final_score": 0.2061,
            "distance_from_center": 0.27
          },
          {
            "id": 1560658401,
            "name": "솔옥",
            "final_score": 0.3741,
            "distance_from_center": 0.27
          },
          {
            "id": 1368387404,
            "name": "시나미왕갈비탕",
            "final_score": 0.3493,
            "distance_from_center": 0.29
          },
          {
            "id": 1961675235,
            "name": "곱창미지수",
            "final_score": 0.304,
            "distance_from_center": 0.29
          }
        ],
        "Attraction": [
          {
            "id": 1249952785,
            "name": "강릉 명주동 거리",
            "final_score": 0.274,
            "distance_from_center": 0.05
          },
          {
            "id": 38623679,
            "name": "명주예술마당",
            "final_score": 0.1883,
            "distance_from_center": 0.26
          },
          {
            "id": 749351147,
            "name": "강릉 임영관 삼문",
            "final_score": 0.2184,
            "distance_from_center": 0.28
          },
          {
            "id": 15685783,
            "name": "강릉 대도호부 관아",
            "final_score": 0.3189,
            "distance_from_center": 0.28
          },
          {
            "id": 15693581,
            "name": "강릉 남산공원",
            "final_score": 0.3037,
            "distance_from_center": 0.32
          },
          {
            "id": 12955259,
            "name": "단오타운전시관",
            "final_score": 0.279,
            "distance_from_center": 0.34
          },
          {
            "id": 13345877,
            "name": "강릉 서부시장",
            "final_score": 0.2861,
            "distance_from_center": 0.51
          },
          {
            "id": 13345873,
            "name": "강릉 중앙시장",
            "final_score": 0.2808,
            "distance_from_center": 0.59
          },
          {
            "id": 1287320440,
            "name": "강릉 월화거리",
            "final_score": 0.2423,
            "distance_from_center": 0.67
          },
          {
            "id": 11592129,
            "name": "강릉교육문화관",
            "final_score": 0.3986,
            "distance_from_center": 0.8
          },
          {
            "id": 37090227,
            "name": "버드나무 브루어리",
            "final_score": 0.275,
            "distance_from_center": 0.82
          },
          {
            "id": 35188457,
            "name": "애니멀스토리",
            "final_score": 0.2026,
            "distance_from_center": 0.9
          },
          {
            "id": 1357865119,
            "name": "고래책방",
            "final_score": 0.3766,
            "distance_from_center": 0.9
          },
          {
            "id": 12762639,
            "name": "강릉시립미술관 교동",
            "final_score": 0.3276,
            "distance_from_center": 1.1
          },
          {
            "id": 13345874,
            "name": "강릉 동부시장",
            "final_score": 0.0,
            "distance_from_center": 1.19
          }
        ]
      }
    },
    {
      "cluster_id": 2,
      "date": "2025-02-02",
      "weekday": "일",
      "seed_category": "Restaurant",
      "seed_place": {
        "id": 1949567929,
        "name": "화니조개구이",
        "final_score": 0.492
      },
      "center_lat": 37.801788,
      "center_lng": 128.910973,
      "categories": {
        "Cafe": [
          {
            "id": 1176434004,
            "name": "AURA Cafe&Lounge",
            "final_score": 0.2052,
            "distance_from_center": 0.38
          },
          {
            "id": 1083326838,
            "name": "씨엠디컴퍼니",
            "final_score": 0.3504,
            "distance_from_center": 0.64
          },
          {
            "id": 189619233,
            "name": "강릉커피빵 본점",
            "final_score": 0.3301,
            "distance_from_center": 0.79
          },
          {
            "id": 1497289783,
            "name": "꾸옥 GGUOK",
            "final_score": 0.2356,
            "distance_from_center": 0.79
          },
          {
            "id": 1763738753,
            "name": "마더커피 강문점",
            "final_score": 0.2393,
            "distance_from_center": 0.88
          },
          {
            "id": 1212033877,
            "name": "강릉샌드 초당점",
            "final_score": 0.2393,
            "distance_from_center": 0.88
          },
          {
            "id": 1103533977,
            "name": "허스크밀",
            "final_score": 0.1845,
            "distance_from_center": 0.88
          },
          {
            "id": 1709924447,
            "name": "롱블랙",
            "final_score": 0.3013,
            "distance_from_center": 0.91
          },
          {
            "id": 1869523471,
            "name": "강릉 조개빵 강릉본점",
            "final_score": 0.3932,
            "distance_from_center": 0.92
          },
          {
            "id": 1591483811,
            "name": "카페밀",
            "final_score": 0.1474,
            "distance_from_center": 0.97
          },
          {
            "id": 1625751111,
            "name": "커피커퍼박물관",
            "final_score": 0.1804,
            "distance_from_center": 0.97
          },
          {
            "id": 1639218638,
            "name": "덴켄",
            "final_score": 0.3076,
            "distance_from_center": 1.01
          },
          {
            "id": 2067971861,
            "name": "안초당",
            "final_score": 0.4119,
            "distance_from_center": 1.02
          },
          {
            "id": 1926085994,
            "name": "스타벅스 강릉강문해변점",
            "final_score": 0.3041,
            "distance_from_center": 1.03
          },
          {
            "id": 1899236965,
            "name": "삼송빵집 강릉경포점",
            "final_score": 0.2419,
            "distance_from_center": 1.04
          }
        ],
        "Restaurant": [
          {
            "id": 1949567929,
            "name": "화니조개구이",
            "final_score": 0.492,
            "distance_from_center": 0.0
          },
          {
            "id": 1635365791,
            "name": "팔도숯불조개구이",
            "final_score": 0.235,
            "distance_from_center": 0.0
          },
          {
            "id": 1815335754,
            "name": "오봉이해물칼국수 강릉본점",
            "final_score": 0.4558,
            "distance_from_center": 0.0
          },
          {
            "id": 2096131729,
            "name": "바담냉면 강릉본점",
            "final_score": 0.3848,
            "distance_from_center": 0.06
          },
          {
            "id": 2098103072,
            "name": "만야수산 경포대본점",
            "final_score": 0.4098,
            "distance_from_center": 0.06
          },
          {
            "id": 1717795976,
            "name": "강릉칼제비 강릉본점",
            "final_score": 0.3261,
            "distance_from_center": 0.06
          },
          {
            "id": 15328404,
            "name": "빛고을식당",
            "final_score": 0.2864,
            "distance_from_center": 0.12
          },
          {
            "id": 1391626004,
            "name": "설렘덩크",
            "final_score": 0.3205,
            "distance_from_center": 0.39
          },
          {
            "id": 1491441649,
            "name": "BHC치킨 스카이베이경포호텔점",
            "final_score": 0.2985,
            "distance_from_center": 0.39
          },
          {
            "id": 1450217253,
            "name": "피비피샌드위치",
            "final_score": 0.3332,
            "distance_from_center": 0.39
          },
          {
            "id": 1489310166,
            "name": "짬뽕 순두부 초당애",
            "final_score": 0.1803,
            "distance_from_center": 0.56
          },
          {
            "id": 19338559,
            "name": "경포전주식당",
            "final_score": 0.1262,
            "distance_from_center": 0.6
          },
          {
            "id": 1605560000,
            "name": "맛가득",
            "final_score": 0.2175,
            "distance_from_center": 0.6
          },
          {
            "id": 15352518,
            "name": "경포삼성관",
            "final_score": 0.2489,
            "distance_from_center": 0.6
          },
          {
            "id": 1190165195,
            "name": "소담낙지 강릉경포",
            "final_score": 0.3163,
            "distance_from_center": 0.64
          }
        ],
        "Attraction": [
          {
            "id": 13300191,
            "name": "경포도립공원",
            "final_score": 0.2705,
            "distance_from_center": 0.13
          },
          {
            "id": 1940124735,
            "name": "강문솟대다리",
            "final_score": 0.3759,
            "distance_from_center": 0.39
          },
          {
            "id": 472414455,
            "name": "경포호수광장",
            "final_score": 0.2211,
            "distance_from_center": 0.46
          },
          {
            "id": 1063021154,
            "name": "경포플라워가든",
            "final_score": 0.1851,
            "distance_from_center": 0.47
          },
          {
            "id": 12079976,
            "name": "경포해수욕장",
            "final_score": 0.4157,
            "distance_from_center": 0.54
          },
          {
            "id": 31506191,
            "name": "초당순두부마을",
            "final_score": 0.2326,
            "distance_from_center": 0.9
          },
          {
            "id": 1542622512,
            "name": "원더스카이",
            "final_score": 0.1675,
            "distance_from_center": 0.95
          },
          {
            "id": 13491183,
            "name": "강문해변",
            "final_score": 0.2966,
            "distance_from_center": 1.05
          },
          {
            "id": 20066218,
            "name": "허난설헌 생가터",
            "final_score": 0.179,
            "distance_from_center": 1.1
          },
          {
            "id": 1130774967,
            "name": "허균·허난설헌 기념공원",
            "final_score": 0.2909,
            "distance_from_center": 1.12
          },
          {
            "id": 37434460,
            "name": "경포 아쿠아리움",
            "final_score": 0.2611,
            "distance_from_center": 1.33
          },
          {
            "id": 1090555407,
            "name": "아르떼뮤지엄 강릉",
            "final_score": 0.2904,
            "distance_from_center": 1.33
          },
          {
            "id": 1112785467,
            "name": "런닝맨 강릉점",
            "final_score": 0.2228,
            "distance_from_center": 1.5
          },
          {
            "id": 1881857549,
            "name": "강릉 메타버스 체험관",
            "final_score": 0.0568,
            "distance_from_center": 1.59
          },
          {
            "id": 1338629806,
            "name": "사근진해중공원 전망대",
            "final_score": 0.2371,
            "distance_from_center": 1.62
          }
        ]
      }
    }
  ]
}