{
  "user_id": "U0042",
  "start_date": "2025-08-11",
  "start_weekday": "월",
  "duration_days": 5,
  "budget": 1000000,
  "num_clusters": 5,
  "clustering_method": "greedy_score_based_with_store_hours",
  "seed_strategy": "highest_score_only",
  "max_cluster_radius_km": 6,
  "min_places_per_category": 7,
  "places_per_category": 15,
  "Accommodation": 27240,
  "clusters": [
    {
      "cluster_id": 0,
      "date": "2025-08-11",
      "weekday": "월",
      "seed_category": "Attraction",
      "seed_place": {
        "id": 21824426,
        "name": "강릉원주대학교 박물관",
        "final_score": 0.5231
      },
      "center_lat": 37.770738,
      "center_lng": 128.870082,
      "categories": {
        "Cafe": [
          {
            "id": 38274668,
            "name": "플레지르",
            "final_score": 0.1924,
            "distance_from_center": 0.58
          },
          {
            "id": 1133303813,
            "name": "커피아워",
            "final_score": 0.3478,
            "distance_from_center": 0.61
          },
          {
            "id": 1625914520,
            "name": "사월의 모노웜",
            "final_score": 0.2495,
            "distance_from_center": 0.62
          },
          {
            "id": 1662017638,
            "name": "쎄라비",
            "final_score": 0.2308,
            "distance_from_center": 0.63
          },
          {
            "id": 1662017638,
            "name": "쎄라비",
            "final_score": 0.2308,
            "distance_from_center": 0.63
          },
          {
            "id": 1623800311,
            "name": "멜로우밀",
            "final_score": 0.3731,
            "distance_from_center": 0.75
          },
          {
            "id": 1683569661,
            "name": "디핑 초콜릿카페",
            "final_score": 0.3138,
            "distance_from_center": 0.8
          },
          {
            "id": 1784470266,
            "name": "메가MGC커피 강릉교동솔올점",
            "final_score": 0.0008,
            "distance_from_center": 0.82
          },
          {
            "id": 1215792352,
            "name": "던킨 강릉교동점",
            "final_score": 0.4437,
            "distance_from_center": 0.84
          },
          {
            "id": 1352455905,
            "name": "화이트리에 강릉점",
            "final_score": 0.063,
            "distance_from_center": 0.84
          },
          {
            "id": 1843451871,
            "name": "투썸플레이스 강릉교동택지점",
            "final_score": 0.2531,
            "distance_from_center": 0.84
          },
          {
            "id": 79408101,
            "name": "이디야커피 강릉교동택지점",
            "final_score": 0.3292,
            "distance_from_center": 0.9
          },
          {
            "id": 36767042,
            "name": "크리스피크림도넛 강릉교동점",
            "final_score": 0.1033,
            "distance_from_center": 0.92
          },
          {
            "id": 1867724165,
            "name": "사루",
            "final_score": 0.4391,
            "distance_from_center": 0.93
          },
          {
            "id": 1459760339,
            "name": "스타벅스 강릉교동광장점",
            "final_score": 0.3076,
            "distance_from_center": 0.94
          }
        ],
        "Restaurant": [
          {
            "id": 1867686044,
            "name": "소확행",
            "final_score": 0.2675,
            "distance_from_center": 0.27
          },
          {
            "id": 1325291875,
            "name": "일미리금계찜닭 교동점",
            "final_score": 0.4137,
            "distance_from_center": 0.28
          },
          {
            "id": 36348268,
            "name": "도스마스 강릉원주대점",
            "final_score": 0.1788,
            "distance_from_center": 0.31
          },
          {
            "id": 30968979,
            "name": "한솥도시락 강릉원주대점",
            "final_score": 0.414,
            "distance_from_center": 0.36
          },
          {
            "id": 15298411,
            "name": "진주식당",
            "final_score": 0.3083,
            "distance_from_center": 0.49
          },
          {
            "id": 36997320,
            "name": "summ'er",
            "final_score": 0.289,
            "distance_from_center": 0.57
          },
          {
            "id": 31735975,
            "name": "어메야",
            "final_score": 0.1696,
            "distance_from_center": 0.58
          },
          {
            "id": 1836613079,
            "name": "금화왕돈까스 강릉교동점",
            "final_score": 0.3123,
            "distance_from_center": 0.58
          },
          {
            "id": 15310761,
            "name": "나운칼국수 강릉나운장칼국수 본점",
            "final_score": 0.1265,
            "distance_from_center": 0.59
          },
          {
            "id": 1915717477,
            "name": "교동순대국밥",
            "final_score": 0.2568,
            "distance_from_center": 0.6
          },
          {
            "id": 1997272116,
            "name": "이가네면옥",
            "final_score": 0.1663,
            "distance_from_center": 0.61
          },
          {
            "id": 33582588,
            "name": "소반",
            "final_score": 0.2141,
            "distance_from_center": 0.61
          },
          {
            "id": 38324399,
            "name": "해루참치",
            "final_score": 0.3169,
            "distance_from_center": 0.62
          },
          {
            "id": 37933178,
            "name": "도야족발 강릉교동점",
            "final_score": 0.1085,
            "distance_from_center": 0.62
          },
          {
            "id": 12926106,
            "name": "병천황토방순대 교동점",
            "final_score": 0.1241,
            "distance_from_center": 0.64
          }
        ],
        "Attraction": [
          {
            "id": 21824426,
            "name": "강릉원주대학교 박물관",
            "final_score": 0.5231,
            "distance_from_center": 0.0
          },
          {
            "id": 1775014582,
            "name": "리고엠",
            "final_score": 0.3713,
            "distance_from_center": 0.95
          },
          {
            "id": 19832807,
            "name": "강릉자수박물관",
            "final_score": 0.1688,
            "distance_from_center": 1.21
          },
          {
            "id": 11620702,
            "name": "강릉 오죽헌·시립박물관",
            "final_score": 0.358,
            "distance_from_center": 1.26
          },
          {
            "id": 11535675,
            "name": "강릉문화원",
            "final_score": 0.2563,
            "distance_from_center": 1.37
          },
          {
            "id": 1346656418,
            "name": "경포생태저류지",
            "final_score": 0.1444,
            "distance_from_center": 1.48
          },
          {
            "id": 2062786512,
            "name": "강릉시립미술관 솔올",
            "final_score": 0.1723,
            "distance_from_center": 1.56
          },
          {
            "id": 1300520912,
            "name": "르꼬따쥬",
            "final_score": 0.3757,
            "distance_from_center": 1.94
          },
          {
            "id": 12762639,
            "name": "강릉시립미술관 교동",
            "final_score": 0.3758,
            "distance_from_center": 2.14
          },
          {
            "id": 11687693,
            "name": "강릉 선교장",
            "final_score": 0.2159,
            "distance_from_center": 2.2
          },
          {
            "id": 1550291849,
            "name": "강릉아트센터",
            "final_score": 0.1504,
            "distance_from_center": 2.23
          },
          {
            "id": 11663849,
            "name": "강릉향교",
            "final_score": 0.174,
            "distance_from_center": 2.35
          },
          {
            "id": 13345877,
            "name": "강릉 서부시장",
            "final_score": 0.3942,
            "distance_from_center": 2.52
          },
          {
            "id": 20066249,
            "name": "강릉 수리골 고택",
            "final_score": 0.2208,
            "distance_from_center": 2.53
          },
          {
            "id": 1211834959,
            "name": "강릉올림픽뮤지엄",
            "final_score": 0.2188,
            "distance_from_center": 2.56
          }
        ]
      }
    },
    {
      "cluster_id": 1,
      "date": "2025-08-12",
      "weekday": "화",
      "seed_category": "Cafe",
      "seed_place": {
        "id": 1651019497,
        "name": "스타벅스 강릉중앙점",
        "final_score": 0.5209
      },
      "center_lat": 37.754889,
      "center_lng": 128.896073,
      "categories": {
        "Cafe": [
          {
            "id": 1651019497,
            "name": "스타벅스 강릉중앙점",
            "final_score": 0.5209,
            "distance_from_center": 0.0
          },
          {
            "id": 37160959,
            "name": "배스킨라빈스 강릉대학로점",
            "final_score": 0.1605,
            "distance_from_center": 0.04
          },
          {
            "id": 1921017062,
            "name": "카페시로울",
            "final_score": 0.2314,
            "distance_from_center": 0.08
          },
          {
            "id": 2013389102,
            "name": "크레마코스타 중앙시장점",
            "final_score": 0.3744,
            "distance_from_center": 0.11
          },
          {
            "id": 2094977764,
            "name": "장인더 강릉",
            "final_score": 0.2926,
            "distance_from_center": 0.16
          },
          {
            "id": 1086491623,
            "name": "파충류카페 강릉점",
            "final_score": 0.4461,
            "distance_from_center": 0.16
          },
          {
            "id": 1758181058,
            "name": "김성수제빵소 강릉점",
            "final_score": 0.216,
            "distance_from_center": 0.17
          },
          {
            "id": 35256483,
            "name": "설빙 강릉대학로점",
            "final_score": 0.3992,
            "distance_from_center": 0.18
          },
          {
            "id": 1099817979,
            "name": "달콤하잉",
            "final_score": 0.2717,
            "distance_from_center": 0.19
          },
          {
            "id": 1001417136,
            "name": "리도커피",
            "final_score": 0.4368,
            "distance_from_center": 0.23
          },
          {
            "id": 1659347323,
            "name": "강릉샌드",
            "final_score": 0.3358,
            "distance_from_center": 0.24
          },
          {
            "id": 1277825412,
            "name": "바스투체어",
            "final_score": 0.1986,
            "distance_from_center": 0.24
          },
          {
            "id": 1318617687,
            "name": "강릉이래요",
            "final_score": 0.1123,
            "distance_from_center": 0.24
          },
          {
            "id": 1683765421,
            "name": "타임슬립",
            "final_score": 0.3018,
            "distance_from_center": 0.25
          },
          {
            "id": 30959782,
            "name": "투썸플레이스 강릉중앙점",
            "final_score": 0.245,
            "distance_from_center": 0.25
          }
        ],
        "Restaurant": [
          {
            "id": 1670400618,
            "name": "김밥천국 임당점",
            "final_score": 0.1744,
            "distance_from_center": 0.04
          },
          {
            "id": 1771946366,
            "name": "배꼽시계",
            "final_score": 0.0836,
            "distance_from_center": 0.06
          },
          {
            "id": 34266306,
            "name": "인사동손칼국시",
            "final_score": 0.0508,
            "distance_from_center": 0.09
          },
          {
            "id": 1593466816,
            "name": "내마음에찜 강릉본점",
            "final_score": 0.0858,
            "distance_from_center": 0.1
          },
          {
            "id": 1406475436,
            "name": "이쉐프의돈까스",
            "final_score": 0.3446,
            "distance_from_center": 0.1
          },
          {
            "id": 15290632,
            "name": "백제삼계탕",
            "final_score": 0.345,
            "distance_from_center": 0.11
          },
          {
            "id": 1130880606,
            "name": "월화의 부엌",
            "final_score": 0.3831,
            "distance_from_center": 0.12
          },
          {
            "id": 1117655474,
            "name": "선채향",
            "final_score": 0.2191,
            "distance_from_center": 0.12
          },
          {
            "id": 539519138,
            "name": "김밥나라 강릉본점",
            "final_score": 0.1577,
            "distance_from_center": 0.14
          },
          {
            "id": 1844878772,
            "name": "삼척풍물호떡",
            "final_score": 0.0,
            "distance_from_center": 0.14
          },
          {
            "id": 37668482,
            "name": "고봉민김밥인 강릉문화의거리점",
            "final_score": 0.3837,
            "distance_from_center": 0.15
          },
          {
            "id": 1199090198,
            "name": "임당골 감자탕",
            "final_score": 0.3015,
            "distance_from_center": 0.15
          },
          {
            "id": 1821311733,
            "name": "강릉떡볶이",
            "final_score": 0.0682,
            "distance_from_center": 0.16
          },
          {
            "id": 35371344,
            "name": "옛진고개식당",
            "final_score": 0.2019,
            "distance_from_center": 0.16
          },
          {
            "id": 1065465081,
            "name": "찜사랑 생선찜전문점",
            "final_score": 0.3338,
            "distance_from_center": 0.17
          }
        ],
        "Attraction": [
          {
            "id": 1287320440,
            "name": "강릉 월화거리",
            "final_score": 0.2327,
            "distance_from_center": 0.17
          },
          {
            "id": 13345873,
            "name": "강릉 중앙시장",
            "final_score": 0.2955,
            "distance_from_center": 0.24
          },
          {
            "id": 15685783,
            "name": "강릉 대도호부 관아",
            "final_score": 0.2781,
            "distance_from_center": 0.39
          },
          {
            "id": 1357865119,
            "name": "고래책방",
            "final_score": 0.4343,
            "distance_from_center": 0.39
          },
          {
            "id": 749351147,
            "name": "강릉 임영관 삼문",
            "final_score": 0.1572,
            "distance_from_center": 0.43
          },
          {
            "id": 1249952785,
            "name": "강릉 명주동 거리",
            "final_score": 0.2906,
            "distance_from_center": 0.51
          },
          {
            "id": 13345874,
            "name": "강릉 동부시장",
            "final_score": 0.0,
            "distance_from_center": 0.68
          },
          {
            "id": 38623679,
            "name": "명주예술마당",
            "final_score": 0.1937,
            "distance_from_center": 0.71
          },
          {
            "id": 12955259,
            "name": "단오타운전시관",
            "final_score": 0.3066,
            "distance_from_center": 0.74
          },
          {
            "id": 15693581,
            "name": "강릉 남산공원",
            "final_score": 0.1796,
            "distance_from_center": 0.79
          },
          {
            "id": 11592129,
            "name": "강릉교육문화관",
            "final_score": 0.4126,
            "distance_from_center": 1.04
          },
          {
            "id": 35188457,
            "name": "애니멀스토리",
            "final_score": 0.2681,
            "distance_from_center": 1.21
          },
          {
            "id": 37090227,
            "name": "버드나무 브루어리",
            "final_score": 0.2868,
            "distance_from_center": 1.26
          },
          {
            "id": 1412053208,
            "name": "처음처럼&새로 브랜드 체험관",
            "final_score": 0.2983,
            "distance_from_center": 2.83
          },
          {
            "id": 37081677,
            "name": "수상한마법학교",
            "final_score": 0.1051,
            "distance_from_center": 3.09
          }
        ]
      }
    },
    {
      "cluster_id": 2,
      "date": "2025-08-13",
      "weekday": "수",
      "seed_category": "Cafe",
      "seed_place": {
        "id": 1606960077,
        "name": "카페초이",
        "final_score": 0.5147
      },
      "center_lat": 37.754609,
      "center_lng": 128.890513,
      "categories": {
        "Cafe": [
          {
            "id": 1606960077,
            "name": "카페초이",
            "final_score": 0.5147,
            "distance_from_center": 0.0
          },
          {
            "id": 1700941376,
            "name": "즈므로스터리",
            "final_score": 0.2502,
            "distance_from_center": 0.03
          },
          {
            "id": 1232320005,
            "name": "카페 객사문",
            "final_score": 0.4164,
            "distance_from_center": 0.1
          },
          {
            "id": 1070351925,
            "name": "임당동162",
            "final_score": 0.2692,
            "distance_from_center": 0.19
          },
          {
            "id": 2091156925,
            "name": "호리가",
            "final_score": 0.209,
            "distance_from_center": 0.2
          },
          {
            "id": 1670844066,
            "name": "빵파르",
            "final_score": 0.2317,
            "distance_from_center": 0.26
          },
          {
            "id": 1315387703,
            "name": "베리베리딸기",
            "final_score": 0.1824,
            "distance_from_center": 0.28
          },
          {
            "id": 1442187201,
            "name": "이프 iifff",
            "final_score": 0.3691,
            "distance_from_center": 0.31
          },
          {
            "id": 1149019688,
            "name": "코즈밀",
            "final_score": 0.3045,
            "distance_from_center": 0.32
          },
          {
            "id": 1013733901,
            "name": "르봉마젤 소품샵",
            "final_score": 0.4367,
            "distance_from_center": 0.36
          },
          {
            "id": 1111813353,
            "name": "플레이스 플러스",
            "final_score": 0.3176,
            "distance_from_center": 0.38
          },
          {
            "id": 1253183545,
            "name": "교동빵집",
            "final_score": 0.0488,
            "distance_from_center": 0.39
          },
          {
            "id": 1647063521,
            "name": "그라우브",
            "final_score": 0.4213,
            "distance_from_center": 0.4
          },
          {
            "id": 1024642914,
            "name": "오브더모먼트",
            "final_score": 0.1971,
            "distance_from_center": 0.41
          },
          {
            "id": 1104085754,
            "name": "aie",
            "final_score": 0.2993,
            "distance_from_center": 0.41
          }
        ],
        "Restaurant": [
          {
            "id": 15295834,
            "name": "문화식당",
            "final_score": 0.2393,
            "distance_from_center": 0.01
          },
          {
            "id": 1005162827,
            "name": "피셔맨웍스",
            "final_score": 0.2769,
            "distance_from_center": 0.03
          },
          {
            "id": 1412551385,
            "name": "국민낙곱새 강릉점",
            "final_score": 0.1255,
            "distance_from_center": 0.04
          },
          {
            "id": 1228005515,
            "name": "두찜 강릉중앙점",
            "final_score": 0.1067,
            "distance_from_center": 0.06
          },
          {
            "id": 1381045567,
            "name": "향이네 꼬마김밥",
            "final_score": 0.3027,
            "distance_from_center": 0.06
          },
          {
            "id": 1361647162,
            "name": "냉삼꼬세",
            "final_score": 0.3017,
            "distance_from_center": 0.06
          },
          {
            "id": 1259569608,
            "name": "연화 닭발과파전",
            "final_score": 0.0001,
            "distance_from_center": 0.07
          },
          {
            "id": 1283618889,
            "name": "서부시장냉삼",
            "final_score": 0.3599,
            "distance_from_center": 0.1
          },
          {
            "id": 1880324643,
            "name": "비노에올리바",
            "final_score": 0.3554,
            "distance_from_center": 0.11
          },
          {
            "id": 19900264,
            "name": "만선식당",
            "final_score": 0.0396,
            "distance_from_center": 0.13
          },
          {
            "id": 15291386,
            "name": "모래틈식당",
            "final_score": 0.0657,
            "distance_from_center": 0.15
          },
          {
            "id": 15292474,
            "name": "벌집",
            "final_score": 0.2654,
            "distance_from_center": 0.2
          },
          {
            "id": 1103356219,
            "name": "서당골산채",
            "final_score": 0.3347,
            "distance_from_center": 0.21
          },
          {
            "id": 15293053,
            "name": "묘정",
            "final_score": 0.1565,
            "distance_from_center": 0.22
          },
          {
            "id": 33556999,
            "name": "나린면옥",
            "final_score": 0.2737,
            "distance_from_center": 0.29
          }
        ],
        "Attraction": [
          {
            "id": 32777223,
            "name": "자연아놀자 체험학습박물관",
            "final_score": 0.2062,
            "distance_from_center": 3.61
          },
          {
            "id": 31044854,
            "name": "경포가시연습지",
            "final_score": 0.0955,
            "distance_from_center": 3.94
          },
          {
            "id": 1881857549,
            "name": "강릉 메타버스 체험관",
            "final_score": 0.1269,
            "distance_from_center": 3.97
          },
          {
            "id": 1090555407,
            "name": "아르떼뮤지엄 강릉",
            "final_score": 0.2844,
            "distance_from_center": 4.23
          },
          {
            "id": 37434460,
            "name": "경포 아쿠아리움",
            "final_score": 0.2124,
            "distance_from_center": 4.23
          },
          {
            "id": 1130774967,
            "name": "허균·허난설헌 기념공원",
            "final_score": 0.2392,
            "distance_from_center": 4.47
          },
          {
            "id": 20066218,
            "name": "허난설헌 생가터",
            "final_score": 0.1484,
            "distance_from_center": 4.48
          },
          {
            "id": 1243747688,
            "name": "병산 옹심이마을",
            "final_score": 0.3435,
            "distance_from_center": 4.54
          },
          {
            "id": 1675156043,
            "name": "강릉 경포대",
            "final_score": 0.3254,
            "distance_from_center": 4.58
          },
          {
            "id": 13491109,
            "name": "경포호",
            "final_score": 0.1179,
            "distance_from_center": 4.59
          },
          {
            "id": 12409858,
            "name": "참소리에디슨손성목영화박물관",
            "final_score": 0.1774,
            "distance_from_center": 4.84
          },
          {
            "id": 1542622512,
            "name": "원더스카이",
            "final_score": 0.2569,
            "distance_from_center": 4.88
          },
          {
            "id": 1112785467,
            "name": "런닝맨 강릉점",
            "final_score": 0.2691,
            "distance_from_center": 4.89
          },
          {
            "id": 31506191,
            "name": "초당순두부마을",
            "final_score": 0.1885,
            "distance_from_center": 4.96
          },
          {
            "id": 20065935,
            "name": "송정해변",
            "final_score": 0.2322,
            "distance_from_center": 4.99
          }
        ]
      }
    },
    {
      "cluster_id": 3,
      "date": "2025-08-14",
      "weekday": "목",
      "seed_category": "Restaurant",
      "seed_place": {
        "id": 15351961,
        "name": "남향막국수 본점",
        "final_score": 0.5049
      },
      "center_lat": 37.798018,
      "center_lng": 128.894895,
      "categories": {
        "Cafe": [
          {
            "id": 1083326838,
            "name": "씨엠디컴퍼니",
            "final_score": 0.3702,
            "distance_from_center": 1.05
          },
          {
            "id": 1899236965,
            "name": "삼송빵집 강릉경포점",
            "final_score": 0.3496,
            "distance_from_center": 1.23
          },
          {
            "id": 1439249340,
            "name": "서지초가뜰",
            "final_score": 0.2427,
            "distance_from_center": 1.45
          },
          {
            "id": 1986607278,
            "name": "백야커피",
            "final_score": 0.2429,
            "distance_from_center": 1.55
          },
          {
            "id": 2003320621,
            "name": "차전자",
            "final_score": 0.2757,
            "distance_from_center": 1.6
          },
          {
            "id": 1195768568,
            "name": "플레이스 플러스",
            "final_score": 0.3483,
            "distance_from_center": 1.62
          },
          {
            "id": 1188561598,
            "name": "초당밀",
            "final_score": 0.1655,
            "distance_from_center": 1.63
          },
          {
            "id": 1836092492,
            "name": "허니홈비 강릉본점",
            "final_score": 0.3306,
            "distance_from_center": 1.67
          },
          {
            "id": 1176434004,
            "name": "AURA Cafe&Lounge",
            "final_score": 0.1261,
            "distance_from_center": 1.67
          },
          {
            "id": 1986612032,
            "name": "롱브레드 초당",
            "final_score": 0.2087,
            "distance_from_center": 1.73
          },
          {
            "id": 1103533977,
            "name": "허스크밀",
            "final_score": 0.173,
            "distance_from_center": 1.78
          },
          {
            "id": 998885728,
            "name": "카페 툇마루",
            "final_score": 0.3254,
            "distance_from_center": 1.82
          },
          {
            "id": 1212033877,
            "name": "강릉샌드 초당점",
            "final_score": 0.2946,
            "distance_from_center": 1.82
          },
          {
            "id": 2067971861,
            "name": "안초당",
            "final_score": 0.3977,
            "distance_from_center": 1.83
          },
          {
            "id": 2038520626,
            "name": "시만차 포그",
            "final_score": 0.3262,
            "distance_from_center": 1.85
          }
        ],
        "Restaurant": [
          {
            "id": 15351961,
            "name": "남향막국수 본점",
            "final_score": 0.5049,
            "distance_from_center": 0.0
          },
          {
            "id": 35700874,
            "name": "솔담한정식 강릉본점",
            "final_score": 0.2425,
            "distance_from_center": 0.15
          },
          {
            "id": 2064849699,
            "name": "호수정 한정식 강릉본점",
            "final_score": 0.2812,
            "distance_from_center": 0.16
          },
          {
            "id": 1657903037,
            "name": "명경막국수",
            "final_score": 0.2569,
            "distance_from_center": 0.21
          },
          {
            "id": 804014354,
            "name": "까막장이야기",
            "final_score": 0.2885,
            "distance_from_center": 0.24
          },
          {
            "id": 1853032344,
            "name": "다연경포밥집",
            "final_score": 0.282,
            "distance_from_center": 0.92
          },
          {
            "id": 1804546960,
            "name": "강문가",
            "final_score": 0.3468,
            "distance_from_center": 0.94
          },
          {
            "id": 1511206408,
            "name": "안현가",
            "final_score": 0.3182,
            "distance_from_center": 0.94
          },
          {
            "id": 1479763913,
            "name": "호해",
            "final_score": 0.1836,
            "distance_from_center": 1.0
          },
          {
            "id": 12780466,
            "name": "경포가든",
            "final_score": 0.3408,
            "distance_from_center": 1.03
          },
          {
            "id": 1190165195,
            "name": "소담낙지 강릉경포",
            "final_score": 0.1951,
            "distance_from_center": 1.05
          },
          {
            "id": 15695978,
            "name": "경포초당순두부식당",
            "final_score": 0.2636,
            "distance_from_center": 1.05
          },
          {
            "id": 1671142700,
            "name": "시골순두부밥상",
            "final_score": 0.3104,
            "distance_from_center": 1.05
          },
          {
            "id": 1161455816,
            "name": "최일순 짬뽕순두부",
            "final_score": 0.2472,
            "distance_from_center": 1.05
          },
          {
            "id": 19338559,
            "name": "경포전주식당",
            "final_score": 0.1815,
            "distance_from_center": 1.09
          }
        ],
        "Attraction": [
          {
            "id": 1063021154,
            "name": "경포플라워가든",
            "final_score": 0.1215,
            "distance_from_center": 1.21
          },
          {
            "id": 472414455,
            "name": "경포호수광장",
            "final_score": 0.1434,
            "distance_from_center": 1.29
          },
          {
            "id": 12079976,
            "name": "경포해수욕장",
            "final_score": 0.3995,
            "distance_from_center": 1.41
          },
          {
            "id": 13300191,
            "name": "경포도립공원",
            "final_score": 0.2258,
            "distance_from_center": 1.44
          },
          {
            "id": 1940124735,
            "name": "강문솟대다리",
            "final_score": 0.2849,
            "distance_from_center": 1.56
          },
          {
            "id": 1338629806,
            "name": "사근진해중공원 전망대",
            "final_score": 0.1132,
            "distance_from_center": 1.68
          },
          {
            "id": 1338629806,
            "name": "사근진해중공원 전망대",
            "final_score": 0.1132,
            "distance_from_center": 1.68
          },
          {
            "id": 15371716,
            "name": "사근진해변",
            "final_score": 0.2471,
            "distance_from_center": 1.68
          },
          {
            "id": 13491745,
            "name": "순긋해변",
            "final_score": 0.3473,
            "distance_from_center": 2.1
          },
          {
            "id": 13491183,
            "name": "강문해변",
            "final_score": 0.2291,
            "distance_from_center": 2.15
          },
          {
            "id": 20103328,
            "name": "순포해변",
            "final_score": 0.2707,
            "distance_from_center": 2.4
          },
          {
            "id": 1884028346,
            "name": "순포습지",
            "final_score": 0.1447,
            "distance_from_center": 2.52
          },
          {
            "id": 13491268,
            "name": "사천해변",
            "final_score": 0.2494,
            "distance_from_center": 3.79
          },
          {
            "id": 2145408639,
            "name": "강릉 방동리 무궁화",
            "final_score": 0.2595,
            "distance_from_center": 4.25
          },
          {
            "id": 32268465,
            "name": "환희컵박물관",
            "final_score": 0.2589,
            "distance_from_center": 4.98
          }
        ]
      }
    },
    {
      "cluster_id": 4,
      "date": "2025-08-15",
      "weekday": "금",
      "seed_category": "Restaurant",
      "seed_place": {
        "id": 1434030213,
        "name": "강남흑염소전문점",
        "final_score": 0.4966
      },
      "center_lat": 37.843414,
      "center_lng": 128.856735,
      "categories": {
        "Cafe": [
          {
            "id": 1777557364,
            "name": "크림하우스",
            "final_score": 0.3127,
            "distance_from_center": 0.87
          },
          {
            "id": 1779443730,
            "name": "곳",
            "final_score": 0.2665,
            "distance_from_center": 1.39
          },
          {
            "id": 1745145004,
            "name": "바우카페 본점",
            "final_score": 0.1665,
            "distance_from_center": 1.68
          },
          {
            "id": 2069032826,
            "name": "원강희과자점",
            "final_score": 0.2919,
            "distance_from_center": 1.78
          },
          {
            "id": 13535267,
            "name": "쉘리스",
            "final_score": 0.1356,
            "distance_from_center": 1.79
          },
          {
            "id": 2058022471,
            "name": "온유",
            "final_score": 0.3455,
            "distance_from_center": 2.66
          },
          {
            "id": 11682971,
            "name": "보헤미안박이추커피본점",
            "final_score": 0.2435,
            "distance_from_center": 2.67
          },
          {
            "id": 1900553385,
            "name": "바우카페",
            "final_score": 0.238,
            "distance_from_center": 2.9
          },
          {
            "id": 15373350,
            "name": "브라질",
            "final_score": 0.2971,
            "distance_from_center": 2.91
          },
          {
            "id": 1839133695,
            "name": "빵을쇼핑하다빵명가치아바타CIABATTA",
            "final_score": 0.2942,
            "distance_from_center": 3.03
          },
          {
            "id": 1009179914,
            "name": "갈매기다방",
            "final_score": 0.4285,
            "distance_from_center": 3.22
          },
          {
            "id": 1174295057,
            "name": "깔라마리",
            "final_score": 0.2114,
            "distance_from_center": 3.24
          },
          {
            "id": 1246262619,
            "name": "우가",
            "final_score": 0.3258,
            "distance_from_center": 3.27
          },
          {
            "id": 1876301121,
            "name": "포르토포레스트하우스",
            "final_score": 0.4566,
            "distance_from_center": 3.35
          },
          {
            "id": 1854962812,
            "name": "테라로사 사천해변점",
            "final_score": 0.0713,
            "distance_from_center": 3.41
          }
        ],
        "Restaurant": [
          {
            "id": 1434030213,
            "name": "강남흑염소전문점",
            "final_score": 0.4966,
            "distance_from_center": 0.0
          },
          {
            "id": 1468367465,
            "name": "채선당 강릉사천항점",
            "final_score": 0.3389,
            "distance_from_center": 1.47
          },
          {
            "id": 1015624214,
            "name": "사천샘골식당",
            "final_score": 0.4647,
            "distance_from_center": 1.67
          },
          {
            "id": 1948284531,
            "name": "조부동막국수",
            "final_score": 0.1791,
            "distance_from_center": 1.76
          },
          {
            "id": 19891301,
            "name": "장안횟집",
            "final_score": 0.3782,
            "distance_from_center": 1.76
          },
          {
            "id": 15371788,
            "name": "전주식당",
            "final_score": 0.2075,
            "distance_from_center": 1.78
          },
          {
            "id": 15373710,
            "name": "연곡면옥",
            "final_score": 0.059,
            "distance_from_center": 1.81
          },
          {
            "id": 11830090,
            "name": "초시막국수",
            "final_score": 0.2386,
            "distance_from_center": 1.87
          },
          {
            "id": 1036955196,
            "name": "제주해인물회",
            "final_score": 0.3083,
            "distance_from_center": 1.87
          },
          {
            "id": 945583235,
            "name": "산호막국수",
            "final_score": 0.4026,
            "distance_from_center": 2.11
          },
          {
            "id": 35743969,
            "name": "솔밭추어탕",
            "final_score": 0.3483,
            "distance_from_center": 2.33
          },
          {
            "id": 1866632720,
            "name": "사천닭내장탕",
            "final_score": 0.0324,
            "distance_from_center": 2.34
          },
          {
            "id": 1117927212,
            "name": "병천순대모래내",
            "final_score": 0.1733,
            "distance_from_center": 2.38
          },
          {
            "id": 1693850894,
            "name": "낙천식당",
            "final_score": 0.2877,
            "distance_from_center": 2.42
          },
          {
            "id": 21226036,
            "name": "개두릅장칼국수",
            "final_score": 0.2362,
            "distance_from_center": 2.42
          }
        ],
        "Attraction": [
          {
            "id": 1848252796,
            "name": "강릉아기동물농장",
            "final_score": 0.3722,
            "distance_from_center": 0.5
          },
          {
            "id": 1261782152,
            "name": "호린파크(경포대허브농장)",
            "final_score": 0.1981,
            "distance_from_center": 0.79
          },
          {
            "id": 1800696554,
            "name": "하평해변(강릉)",
            "final_score": 0.3824,
            "distance_from_center": 1.27
          },
          {
            "id": 15704900,
            "name": "사천진해변(사천뒷불해수욕장)",
            "final_score": 0.2929,
            "distance_from_center": 1.65
          },
          {
            "id": 13444336,
            "name": "연곡해변",
            "final_score": 0.2467,
            "distance_from_center": 1.88
          },
          {
            "id": 1117620826,
            "name": "뒷뜨루관광농원",
            "final_score": 0.2402,
            "distance_from_center": 1.95
          },
          {
            "id": 15704484,
            "name": "갈골한과체험전시관",
            "final_score": 0.0137,
            "distance_from_center": 2.41
          },
          {
            "id": 20054445,
            "name": "영진항",
            "final_score": 0.1163,
            "distance_from_center": 2.78
          },
          {
            "id": 13491150,
            "name": "영진해변",
            "final_score": 0.2933,
            "distance_from_center": 2.97
          },
          {
            "id": 13490946,
            "name": "주문진항",
            "final_score": 0.3563,
            "distance_from_center": 5.45
          },
          {
            "id": 35372537,
            "name": "대관령아기동물농장",
            "final_score": 0.3011,
            "distance_from_center": 5.62
          },
          {
            "id": 1600054868,
            "name": "해피아워크루즈",
            "final_score": 0.1427,
            "distance_from_center": 5.69
          },
          {
            "id": 34818378,
            "name": "주문진해양박물관",
            "final_score": 0.2233,
            "distance_from_center": 5.85
          }
        ]
      }
    }
  ]
}