{
  "user_id": "U0052",
  "start_date": "2025-07-26",
  "start_weekday": "토",
  "duration_days": 1,
  "budget": 200000,
  "num_clusters": 1,
  "clustering_method": "greedy_score_based_with_store_hours",
  "seed_strategy": "highest_score_only",
  "max_cluster_radius_km": 6,
  "min_places_per_category": 7,
  "places_per_category": 15,
  "Accommodation": null,
  "clusters": [
    {
      "cluster_id": 0,
      "date": "2025-07-26",
      "weekday": "토",
      "seed_category": "Restaurant",
      "seed_place": {
        "id": 1310944050,
        "name": "샤브향 강릉입암점",
        "final_score": 0.5135
      },
      "center_lat": 37.761177,
      "center_lng": 128.918037,
      "categories": {
        "Cafe": [
          {
            "id": 1838131828,
            "name": "강릉카페 체크이스트",
            "final_score": 0.3256,
            "distance_from_center": 0.72
          },
          {
            "id": 66343890,
            "name": "강릉빵다방",
            "final_score": 0.3118,
            "distance_from_center": 0.87
          },
          {
            "id": 15318913,
            "name": "돔베이커리",
            "final_score": 0.3704,
            "distance_from_center": 1.04
          },
          {
            "id": 1391511090,
            "name": "삼척오란다 강릉점",
            "final_score": 0.3418,
            "distance_from_center": 1.12
          },
          {
            "id": 1891894301,
            "name": "플레이스 플러스",
            "final_score": 0.2827,
            "distance_from_center": 1.16
          },
          {
            "id": 1033478410,
            "name": "그다이마잇",
            "final_score": 0.3235,
            "distance_from_center": 1.25
          },
          {
            "id": 1830452681,
            "name": "스타벅스 강릉송정DT점",
            "final_score": 0.2034,
            "distance_from_center": 1.27
          },
          {
            "id": 1756159133,
            "name": "카페디드",
            "final_score": 0.2872,
            "distance_from_center": 1.28
          },
          {
            "id": 1457952472,
            "name": "월선화",
            "final_score": 0.2759,
            "distance_from_center": 1.28
          },
          {
            "id": 1569323095,
            "name": "비사이드그라운드",
            "final_score": 0.3124,
            "distance_from_center": 1.32
          },
          {
            "id": 2089930981,
            "name": "머뭄카페",
            "final_score": 0.3838,
            "distance_from_center": 1.34
          },
          {
            "id": 1737820343,
            "name": "고메코나베이커리",
            "final_score": 0.2781,
            "distance_from_center": 1.52
          },
          {
            "id": 1763916720,
            "name": "강릉커피콩빵 강릉당 강릉역점",
            "final_score": 0.1637,
            "distance_from_center": 1.59
          },
          {
            "id": 1488770728,
            "name": "도넛인사이드도넛 강릉점",
            "final_score": 0.2123,
            "distance_from_center": 1.59
          },
          {
            "id": 1182677835,
            "name": "라스텔리나",
            "final_score": 0.2711,
            "distance_from_center": 1.6
          }
        ],
        "Restaurant": [
          {
            "id": 1310944050,
            "name": "샤브향 강릉입암점",
            "final_score": 0.5135,
            "distance_from_center": 0.0
          },
          {
            "id": 1972829280,
            "name": "근덕이삼척꽈배기 강릉입암점",
            "final_score": 0.2677,
            "distance_from_center": 0.04
          },
          {
            "id": 1762091362,
            "name": "스텔라떡볶이 강원강릉입암점",
            "final_score": 0.383,
            "distance_from_center": 0.14
          },
          {
            "id": 15345849,
            "name": "산전수전",
            "final_score": 0.3659,
            "distance_from_center": 0.15
          },
          {
            "id": 15344738,
            "name": "주희네의정부부대찌개",
            "final_score": 0.375,
            "distance_from_center": 0.15
          },
          {
            "id": 15344509,
            "name": "춘천명동닭갈비",
            "final_score": 0.246,
            "distance_from_center": 0.15
          },
          {
            "id": 1254874929,
            "name": "양마니명동찌개마을 입암점",
            "final_score": 0.3187,
            "distance_from_center": 0.16
          },
          {
            "id": 15349585,
            "name": "성산면옥",
            "final_score": 0.3141,
            "distance_from_center": 0.19
          },
          {
            "id": 1951084871,
            "name": "이밤동먹거리",
            "final_score": 0.3671,
            "distance_from_center": 0.26
          },
          {
            "id": 36258263,
            "name": "요로코비",
            "final_score": 0.4527,
            "distance_from_center": 0.27
          },
          {
            "id": 1109196561,
            "name": "녹원삼겹살데이",
            "final_score": 0.3175,
            "distance_from_center": 0.3
          },
          {
            "id": 15345035,
            "name": "고향감자탕",
            "final_score": 0.3291,
            "distance_from_center": 0.3
          },
          {
            "id": 15345030,
            "name": "24시기가막힌감자탕",
            "final_score": 0.481,
            "distance_from_center": 0.32
          },
          {
            "id": 1320953209,
            "name": "미자네밥포차",
            "final_score": 0.2434,
            "distance_from_center": 0.37
          },
          {
            "id": 1395796249,
            "name": "갯벌의조개 강릉점",
            "final_score": 0.2484,
            "distance_from_center": 0.39
          }
        ],
        "Attraction": [
          {
            "id": 13345874,
            "name": "강릉 동부시장",
            "final_score": 0.0,
            "distance_from_center": 1.54
          },
          {
            "id": 1357865119,
            "name": "고래책방",
            "final_score": 0.3631,
            "distance_from_center": 1.86
          },
          {
            "id": 13345873,
            "name": "강릉 중앙시장",
            "final_score": 0.2768,
            "distance_from_center": 1.88
          },
          {
            "id": 1287320440,
            "name": "강릉 월화거리",
            "final_score": 0.1003,
            "distance_from_center": 1.9
          },
          {
            "id": 11663849,
            "name": "강릉향교",
            "final_score": 0.1447,
            "distance_from_center": 2.02
          },
          {
            "id": 1243747688,
            "name": "병산 옹심이마을",
            "final_score": 0.1603,
            "distance_from_center": 2.04
          },
          {
            "id": 1550291849,
            "name": "강릉아트센터",
            "final_score": 0.0734,
            "distance_from_center": 2.31
          },
          {
            "id": 11592129,
            "name": "강릉교육문화관",
            "final_score": 0.2908,
            "distance_from_center": 2.32
          },
          {
            "id": 12762639,
            "name": "강릉시립미술관 교동",
            "final_score": 0.2657,
            "distance_from_center": 2.39
          },
          {
            "id": 15685783,
            "name": "강릉 대도호부 관아",
            "final_score": 0.2328,
            "distance_from_center": 2.44
          },
          {
            "id": 749351147,
            "name": "강릉 임영관 삼문",
            "final_score": 0.1235,
            "distance_from_center": 2.48
          },
          {
            "id": 12955259,
            "name": "단오타운전시관",
            "final_score": 0.1186,
            "distance_from_center": 2.48
          },
          {
            "id": 13345877,
            "name": "강릉 서부시장",
            "final_score": 0.1533,
            "distance_from_center": 2.48
          },
          {
            "id": 1249952785,
            "name": "강릉 명주동 거리",
            "final_score": 0.3126,
            "distance_from_center": 2.49
          },
          {
            "id": 35188457,
            "name": "애니멀스토리",
            "final_score": 0.1663,
            "distance_from_center": 2.53
          }
        ]
      }
    }
  ]
}