{
  "user_id": "U0055",
  "start_date": "2025-06-08",
  "start_weekday": "일",
  "duration_days": 3,
  "budget": 600000,
  "num_clusters": 3,
  "clustering_method": "greedy_score_based_with_store_hours",
  "seed_strategy": "highest_score_only",
  "max_cluster_radius_km": 6,
  "min_places_per_category": 7,
  "places_per_category": 15,
  "Accommodation": 10060041,
  "clusters": [
    {
      "cluster_id": 0,
      "date": "2025-06-08",
      "weekday": "일",
      "seed_category": "Restaurant",
      "seed_place": {
        "id": 1671909230,
        "name": "매콤이 본점",
        "final_score": 0.5913
      },
      "center_lat": 37.761823,
      "center_lng": 128.904793,
      "categories": {
        "Cafe": [
          {
            "id": 1457952472,
            "name": "월선화",
            "final_score": 0.3738,
            "distance_from_center": 0.11
          },
          {
            "id": 1569323095,
            "name": "비사이드그라운드",
            "final_score": 0.4146,
            "distance_from_center": 0.17
          },
          {
            "id": 1182677835,
            "name": "라스텔리나",
            "final_score": 0.1813,
            "distance_from_center": 0.43
          },
          {
            "id": 1756159133,
            "name": "카페디드",
            "final_score": 0.3453,
            "distance_from_center": 0.43
          },
          {
            "id": 1763916720,
            "name": "강릉커피콩빵 강릉당 강릉역점",
            "final_score": 0.1655,
            "distance_from_center": 0.46
          },
          {
            "id": 1656009767,
            "name": "메가MGC커피 강릉역점",
            "final_score": 0.3123,
            "distance_from_center": 0.46
          },
          {
            "id": 1671795817,
            "name": "알뜨",
            "final_score": 0.4218,
            "distance_from_center": 0.46
          },
          {
            "id": 2089930981,
            "name": "머뭄카페",
            "final_score": 0.3982,
            "distance_from_center": 0.5
          },
          {
            "id": 1488770728,
            "name": "도넛인사이드도넛 강릉점",
            "final_score": 0.4233,
            "distance_from_center": 0.55
          },
          {
            "id": 15294021,
            "name": "플레이스 플러스",
            "final_score": 0.3207,
            "distance_from_center": 0.67
          },
          {
            "id": 1891894301,
            "name": "플레이스 플러스",
            "final_score": 0.3547,
            "distance_from_center": 0.71
          },
          {
            "id": 1331157860,
            "name": "이스트 베이커리",
            "final_score": 0.4231,
            "distance_from_center": 0.76
          },
          {
            "id": 1391511090,
            "name": "삼척오란다 강릉점",
            "final_score": 0.4363,
            "distance_from_center": 0.76
          },
          {
            "id": 2017317134,
            "name": "상록당",
            "final_score": 0.2453,
            "distance_from_center": 0.85
          },
          {
            "id": 1838131828,
            "name": "강릉카페 체크이스트",
            "final_score": 0.2754,
            "distance_from_center": 0.86
          }
        ],
        "Restaurant": [
          {
            "id": 1671909230,
            "name": "매콤이 본점",
            "final_score": 0.5913,
            "distance_from_center": 0.0
          },
          {
            "id": 1541303714,
            "name": "싸다아구찜&탕",
            "final_score": 0.4454,
            "distance_from_center": 0.0
          },
          {
            "id": 12025780,
            "name": "야식철가방",
            "final_score": 0.4046,
            "distance_from_center": 0.0
          },
          {
            "id": 1100806567,
            "name": "감동육개장",
            "final_score": 0.5246,
            "distance_from_center": 0.05
          },
          {
            "id": 19354162,
            "name": "추억의금노다지",
            "final_score": 0.4078,
            "distance_from_center": 0.11
          },
          {
            "id": 1552987348,
            "name": "또래오래 포남입암점",
            "final_score": 0.137,
            "distance_from_center": 0.12
          },
          {
            "id": 1195200384,
            "name": "미면소 강릉",
            "final_score": 0.5248,
            "distance_from_center": 0.16
          },
          {
            "id": 1190765060,
            "name": "강릉오겹살",
            "final_score": 0.4276,
            "distance_from_center": 0.18
          },
          {
            "id": 1503837624,
            "name": "별들의고향",
            "final_score": 0.4458,
            "distance_from_center": 0.19
          },
          {
            "id": 1007919986,
            "name": "쓰이네",
            "final_score": 0.431,
            "distance_from_center": 0.21
          },
          {
            "id": 1419683252,
            "name": "강릉역 옹막",
            "final_score": 0.3213,
            "distance_from_center": 0.22
          },
          {
            "id": 15302428,
            "name": "사계절쌈밥보리밥",
            "final_score": 0.2493,
            "distance_from_center": 0.24
          },
          {
            "id": 15304020,
            "name": "메밀집",
            "final_score": 0.3232,
            "distance_from_center": 0.26
          },
          {
            "id": 35650206,
            "name": "옥천오겹살",
            "final_score": 0.227,
            "distance_from_center": 0.27
          },
          {
            "id": 1237005752,
            "name": "궁전사우나 구내분식",
            "final_score": 0.4371,
            "distance_from_center": 0.28
          }
        ],
        "Attraction": [
          {
            "id": 13345874,
            "name": "강릉 동부시장",
            "final_score": 0.0,
            "distance_from_center": 0.43
          },
          {
            "id": 1357865119,
            "name": "고래책방",
            "final_score": 0.3623,
            "distance_from_center": 0.77
          },
          {
            "id": 11663849,
            "name": "강릉향교",
            "final_score": 0.2132,
            "distance_from_center": 0.86
          },
          {
            "id": 1287320440,
            "name": "강릉 월화거리",
            "final_score": 0.3249,
            "distance_from_center": 0.92
          },
          {
            "id": 13345873,
            "name": "강릉 중앙시장",
            "final_score": 0.3132,
            "distance_from_center": 1.02
          },
          {
            "id": 12762639,
            "name": "강릉시립미술관 교동",
            "final_score": 0.3971,
            "distance_from_center": 1.23
          },
          {
            "id": 1550291849,
            "name": "강릉아트센터",
            "final_score": 0.2059,
            "distance_from_center": 1.37
          },
          {
            "id": 13345877,
            "name": "강릉 서부시장",
            "final_score": 0.2367,
            "distance_from_center": 1.44
          },
          {
            "id": 15685783,
            "name": "강릉 대도호부 관아",
            "final_score": 0.3624,
            "distance_from_center": 1.46
          },
          {
            "id": 749351147,
            "name": "강릉 임영관 삼문",
            "final_score": 0.1687,
            "distance_from_center": 1.5
          },
          {
            "id": 1249952785,
            "name": "강릉 명주동 거리",
            "final_score": 0.3896,
            "distance_from_center": 1.59
          },
          {
            "id": 12955259,
            "name": "단오타운전시관",
            "final_score": 0.2116,
            "distance_from_center": 1.73
          },
          {
            "id": 38623679,
            "name": "명주예술마당",
            "final_score": 0.2204,
            "distance_from_center": 1.79
          },
          {
            "id": 11592129,
            "name": "강릉교육문화관",
            "final_score": 0.2977,
            "distance_from_center": 1.8
          },
          {
            "id": 15693581,
            "name": "강릉 남산공원",
            "final_score": 0.2579,
            "distance_from_center": 1.83
          }
        ]
      }
    },
    {
      "cluster_id": 1,
      "date": "2025-06-09",
      "weekday": "월",
      "seed_category": "Restaurant",
      "seed_place": {
        "id": 1947256113,
        "name": "맛드렁 집밥",
        "final_score": 0.5409
      },
      "center_lat": 37.883269,
      "center_lng": 128.829098,
      "categories": {
        "Cafe": [
          {
            "id": 1169844332,
            "name": "스타벅스 강릉주문진점",
            "final_score": 0.2605,
            "distance_from_center": 0.31
          },
          {
            "id": 1147229173,
            "name": "도깨비젤라또",
            "final_score": 0.2654,
            "distance_from_center": 0.59
          },
          {
            "id": 1249217189,
            "name": "오드커피",
            "final_score": 0.2192,
            "distance_from_center": 0.67
          },
          {
            "id": 1266299794,
            "name": "해옫 강릉",
            "final_score": 0.4757,
            "distance_from_center": 1.08
          },
          {
            "id": 1543529590,
            "name": "카페제니엘 주문진점",
            "final_score": 0.2687,
            "distance_from_center": 1.3
          },
          {
            "id": 1543529590,
            "name": "카페제니엘 주문진점",
            "final_score": 0.2687,
            "distance_from_center": 1.3
          },
          {
            "id": 2017141901,
            "name": "에브리데이크",
            "final_score": 0.366,
            "distance_from_center": 1.3
          },
          {
            "id": 1396977535,
            "name": "소돌엔 등대점",
            "final_score": 0.2702,
            "distance_from_center": 1.65
          },
          {
            "id": 1876301121,
            "name": "포르토포레스트하우스",
            "final_score": 0.4335,
            "distance_from_center": 1.75
          },
          {
            "id": 1009179914,
            "name": "갈매기다방",
            "final_score": 0.3603,
            "distance_from_center": 1.89
          },
          {
            "id": 1839133695,
            "name": "빵을쇼핑하다빵명가치아바타CIABATTA",
            "final_score": 0.3437,
            "distance_from_center": 2.1
          },
          {
            "id": 1019347699,
            "name": "플레이스 플러스",
            "final_score": 0.1909,
            "distance_from_center": 2.19
          },
          {
            "id": 15373350,
            "name": "브라질",
            "final_score": 0.3414,
            "distance_from_center": 2.25
          },
          {
            "id": 1900553385,
            "name": "바우카페",
            "final_score": 0.3616,
            "distance_from_center": 2.27
          },
          {
            "id": 11682971,
            "name": "보헤미안박이추커피본점",
            "final_score": 0.2852,
            "distance_from_center": 2.38
          }
        ],
        "Restaurant": [
          {
            "id": 1947256113,
            "name": "맛드렁 집밥",
            "final_score": 0.5409,
            "distance_from_center": 0.0
          },
          {
            "id": 1062358382,
            "name": "원영생선구이",
            "final_score": 0.275,
            "distance_from_center": 0.26
          },
          {
            "id": 1051463715,
            "name": "산마루쌈밥",
            "final_score": 0.4837,
            "distance_from_center": 0.26
          },
          {
            "id": 1395972978,
            "name": "산마루황태촌",
            "final_score": 0.4141,
            "distance_from_center": 0.26
          },
          {
            "id": 1805805554,
            "name": "오구피자 주문진점",
            "final_score": 0.1382,
            "distance_from_center": 0.29
          },
          {
            "id": 1888740640,
            "name": "영진항",
            "final_score": 0.3782,
            "distance_from_center": 0.3
          },
          {
            "id": 1658810393,
            "name": "영진댁",
            "final_score": 0.4302,
            "distance_from_center": 0.3
          },
          {
            "id": 1151531006,
            "name": "강냉이소쿠리",
            "final_score": 0.2438,
            "distance_from_center": 0.31
          },
          {
            "id": 1345031898,
            "name": "87닭강정 주문진점",
            "final_score": 0.4046,
            "distance_from_center": 0.33
          },
          {
            "id": 1210141934,
            "name": "귀자네순대국밥",
            "final_score": 0.2272,
            "distance_from_center": 0.33
          },
          {
            "id": 36911308,
            "name": "육반장 주문진점",
            "final_score": 0.3547,
            "distance_from_center": 0.33
          },
          {
            "id": 1720905897,
            "name": "이맛에온다 본점",
            "final_score": 0.1349,
            "distance_from_center": 0.39
          },
          {
            "id": 1136211401,
            "name": "삼첩분식 주문진점",
            "final_score": 0.4638,
            "distance_from_center": 0.39
          },
          {
            "id": 1104323584,
            "name": "감자마을",
            "final_score": 0.3061,
            "distance_from_center": 0.46
          },
          {
            "id": 31096902,
            "name": "원조칼국수",
            "final_score": 0.3791,
            "distance_from_center": 0.46
          }
        ],
        "Attraction": [
          {
            "id": 13490946,
            "name": "주문진항",
            "final_score": 0.3754,
            "distance_from_center": 0.49
          },
          {
            "id": 1600054868,
            "name": "해피아워크루즈",
            "final_score": 0.2021,
            "distance_from_center": 0.7
          },
          {
            "id": 34818378,
            "name": "주문진해양박물관",
            "final_score": 0.2225,
            "distance_from_center": 0.88
          },
          {
            "id": 20059236,
            "name": "주문리마을",
            "final_score": 0.3112,
            "distance_from_center": 1.08
          },
          {
            "id": 20054507,
            "name": "주문진 등대",
            "final_score": 0.2049,
            "distance_from_center": 1.65
          },
          {
            "id": 13491150,
            "name": "영진해변",
            "final_score": 0.1901,
            "distance_from_center": 2.18
          },
          {
            "id": 20054445,
            "name": "영진항",
            "final_score": 0.2303,
            "distance_from_center": 2.4
          },
          {
            "id": 19501415,
            "name": "소돌아들바위공원",
            "final_score": 0.1757,
            "distance_from_center": 2.51
          },
          {
            "id": 13491657,
            "name": "소돌해수욕장",
            "final_score": 0.3272,
            "distance_from_center": 2.56
          },
          {
            "id": 13491005,
            "name": "주문진해수욕장",
            "final_score": 0.4277,
            "distance_from_center": 3.17
          },
          {
            "id": 15698326,
            "name": "향호해변",
            "final_score": 0.1722,
            "distance_from_center": 3.28
          },
          {
            "id": 13444336,
            "name": "연곡해변",
            "final_score": 0.2744,
            "distance_from_center": 3.29
          },
          {
            "id": 1154013651,
            "name": "주문진bts",
            "final_score": 0.1267,
            "distance_from_center": 3.42
          },
          {
            "id": 12390002,
            "name": "강릉 복사꽃마을",
            "final_score": 0.2579,
            "distance_from_center": 4.55
          },
          {
            "id": 1848252796,
            "name": "강릉아기동물농장",
            "final_score": 0.2781,
            "distance_from_center": 4.98
          }
        ]
      }
    },
    {
      "cluster_id": 2,
      "date": "2025-06-10",
      "weekday": "화",
      "seed_category": "Restaurant",
      "seed_place": {
        "id": 1379005450,
        "name": "떡볶이는생각하지마세요",
        "final_score": 0.5396
      },
      "center_lat": 37.75308,
      "center_lng": 128.898302,
      "categories": {
        "Cafe": [
          {
            "id": 1683765421,
            "name": "타임슬립",
            "final_score": 0.3279,
            "distance_from_center": 0.04
          },
          {
            "id": 1669842519,
            "name": "오버웨잇 강릉본점",
            "final_score": 0.2912,
            "distance_from_center": 0.06
          },
          {
            "id": 1318617687,
            "name": "강릉이래요",
            "final_score": 0.2985,
            "distance_from_center": 0.11
          },
          {
            "id": 1758181058,
            "name": "김성수제빵소 강릉점",
            "final_score": 0.243,
            "distance_from_center": 0.11
          },
          {
            "id": 1697573959,
            "name": "강릉커피콩빵 강릉당 중앙시장점",
            "final_score": 0.2184,
            "distance_from_center": 0.13
          },
          {
            "id": 35256483,
            "name": "설빙 강릉대학로점",
            "final_score": 0.4567,
            "distance_from_center": 0.13
          },
          {
            "id": 1355852682,
            "name": "젤라또마켓 순두부젤라또",
            "final_score": 0.3695,
            "distance_from_center": 0.14
          },
          {
            "id": 1202298255,
            "name": "팡파미유 중앙시장점",
            "final_score": 0.1722,
            "distance_from_center": 0.14
          },
          {
            "id": 1689574654,
            "name": "굴리아케이크",
            "final_score": 0.2195,
            "distance_from_center": 0.14
          },
          {
            "id": 1086491623,
            "name": "파충류카페 강릉점",
            "final_score": 0.3999,
            "distance_from_center": 0.15
          },
          {
            "id": 1526049518,
            "name": "커피러버스",
            "final_score": 0.1461,
            "distance_from_center": 0.16
          },
          {
            "id": 1246478918,
            "name": "중화짬뽕빵",
            "final_score": 0.2278,
            "distance_from_center": 0.16
          },
          {
            "id": 2094977764,
            "name": "장인더 강릉",
            "final_score": 0.3055,
            "distance_from_center": 0.18
          },
          {
            "id": 1517734190,
            "name": "강원옥찹쌀떡 중앙시장점",
            "final_score": 0.367,
            "distance_from_center": 0.18
          },
          {
            "id": 2078030409,
            "name": "강릉베이글",
            "final_score": 0.3345,
            "distance_from_center": 0.18
          }
        ],
        "Restaurant": [
          {
            "id": 1379005450,
            "name": "떡볶이는생각하지마세요",
            "final_score": 0.5396,
            "distance_from_center": 0.0
          },
          {
            "id": 1129595331,
            "name": "애경부침",
            "final_score": 0.2103,
            "distance_from_center": 0.02
          },
          {
            "id": 1622671621,
            "name": "불개미식당",
            "final_score": 0.2981,
            "distance_from_center": 0.02
          },
          {
            "id": 1651613690,
            "name": "강릉사임당술빵",
            "final_score": 0.3376,
            "distance_from_center": 0.04
          },
          {
            "id": 19828562,
            "name": "성남칼국수",
            "final_score": 0.3841,
            "distance_from_center": 0.05
          },
          {
            "id": 1175212803,
            "name": "성남장터",
            "final_score": 0.1035,
            "distance_from_center": 0.05
          },
          {
            "id": 32037906,
            "name": "정윤이네먹거리",
            "final_score": 0.2464,
            "distance_from_center": 0.07
          },
          {
            "id": 1430081795,
            "name": "분식1번지",
            "final_score": 0.3808,
            "distance_from_center": 0.07
          },
          {
            "id": 1416506512,
            "name": "맛나칼국수",
            "final_score": 0.2637,
            "distance_from_center": 0.08
          },
          {
            "id": 33920318,
            "name": "여왕개미식당",
            "final_score": 0.4093,
            "distance_from_center": 0.08
          },
          {
            "id": 32037933,
            "name": "성원대박집",
            "final_score": 0.2703,
            "distance_from_center": 0.08
          },
          {
            "id": 15297320,
            "name": "광덕식당 중앙시장점",
            "final_score": 0.4495,
            "distance_from_center": 0.09
          },
          {
            "id": 1218080909,
            "name": "1300도씨짬뽕&떡볶이",
            "final_score": 0.3408,
            "distance_from_center": 0.11
          },
          {
            "id": 15299914,
            "name": "감자바우 장칼국수",
            "final_score": 0.1834,
            "distance_from_center": 0.11
          },
          {
            "id": 15297075,
            "name": "유성상회 강릉본점",
            "final_score": 0.3776,
            "distance_from_center": 0.11
          }
        ],
        "Attraction": [
          {
            "id": 35188457,
            "name": "애니멀스토리",
            "final_score": 0.2105,
            "distance_from_center": 0.99
          },
          {
            "id": 37090227,
            "name": "버드나무 브루어리",
            "final_score": 0.3498,
            "distance_from_center": 1.33
          },
          {
            "id": 2062786512,
            "name": "강릉시립미술관 솔올",
            "final_score": 0.1956,
            "distance_from_center": 1.77
          },
          {
            "id": 11535675,
            "name": "강릉문화원",
            "final_score": 0.3002,
            "distance_from_center": 2.24
          },
          {
            "id": 1775014582,
            "name": "리고엠",
            "final_score": 0.2774,
            "distance_from_center": 2.24
          },
          {
            "id": 1412053208,
            "name": "처음처럼&새로 브랜드 체험관",
            "final_score": 0.1678,
            "distance_from_center": 2.89
          },
          {
            "id": 1211834959,
            "name": "강릉올림픽뮤지엄",
            "final_score": 0.2185,
            "distance_from_center": 2.92
          },
          {
            "id": 37081677,
            "name": "수상한마법학교",
            "final_score": 0.2089,
            "distance_from_center": 3.02
          },
          {
            "id": 21824426,
            "name": "강릉원주대학교 박물관",
            "final_score": 0.4568,
            "distance_from_center": 3.16
          },
          {
            "id": 19832807,
            "name": "강릉자수박물관",
            "final_score": 0.2093,
            "distance_from_center": 3.19
          },
          {
            "id": 1346656418,
            "name": "경포생태저류지",
            "final_score": 0.1368,
            "distance_from_center": 3.29
          },
          {
            "id": 11620702,
            "name": "강릉 오죽헌·시립박물관",
            "final_score": 0.3534,
            "distance_from_center": 3.33
          },
          {
            "id": 32777223,
            "name": "자연아놀자 체험학습박물관",
            "final_score": 0.182,
            "distance_from_center": 3.62
          },
          {
            "id": 20066249,
            "name": "강릉 수리골 고택",
            "final_score": 0.3488,
            "distance_from_center": 3.74
          },
          {
            "id": 11687693,
            "name": "강릉 선교장",
            "final_score": 0.1784,
            "distance_from_center": 3.9
          }
        ]
      }
    }
  ]
}