{
  "user_id": "U0062",
  "start_date": "2025-02-21",
  "start_weekday": "금",
  "duration_days": 2,
  "budget": 1600000,
  "num_clusters": 2,
  "clustering_method": "greedy_score_based_with_store_hours",
  "seed_strategy": "highest_score_only",
  "max_cluster_radius_km": 6,
  "min_places_per_category": 7,
  "places_per_category": 15,
  "Accommodation": 10047592,
  "clusters": [
    {
      "cluster_id": 0,
      "date": "2025-02-21",
      "weekday": "금",
      "seed_category": "Restaurant",
      "seed_place": {
        "id": 12951301,
        "name": "교항면옥",
        "final_score": 0.5992
      },
      "center_lat": 37.876155,
      "center_lng": 128.828553,
      "categories": {
        "Cafe": [
          {
            "id": 1249217189,
            "name": "오드커피",
            "final_score": 0.2685,
            "distance_from_center": 0.58
          },
          {
            "id": 1147229173,
            "name": "도깨비젤라또",
            "final_score": 0.2792,
            "distance_from_center": 0.59
          },
          {
            "id": 1169844332,
            "name": "스타벅스 강릉주문진점",
            "final_score": 0.3297,
            "distance_from_center": 0.62
          },
          {
            "id": 1876301121,
            "name": "포르토포레스트하우스",
            "final_score": 0.5161,
            "distance_from_center": 1.29
          },
          {
            "id": 1009179914,
            "name": "갈매기다방",
            "final_score": 0.4248,
            "distance_from_center": 1.42
          },
          {
            "id": 1839133695,
            "name": "빵을쇼핑하다빵명가치아바타CIABATTA",
            "final_score": 0.3795,
            "distance_from_center": 1.64
          },
          {
            "id": 11682971,
            "name": "보헤미안박이추커피본점",
            "final_score": 0.3409,
            "distance_from_center": 1.77
          },
          {
            "id": 15373350,
            "name": "브라질",
            "final_score": 0.3747,
            "distance_from_center": 1.79
          },
          {
            "id": 1900553385,
            "name": "바우카페",
            "final_score": 0.3285,
            "distance_from_center": 1.81
          },
          {
            "id": 1266299794,
            "name": "해옫 강릉",
            "final_score": 0.516,
            "distance_from_center": 1.86
          },
          {
            "id": 1543529590,
            "name": "카페제니엘 주문진점",
            "final_score": 0.2676,
            "distance_from_center": 2.08
          },
          {
            "id": 1543529590,
            "name": "카페제니엘 주문진점",
            "final_score": 0.2676,
            "distance_from_center": 2.08
          },
          {
            "id": 2017141901,
            "name": "에브리데이크",
            "final_score": 0.4184,
            "distance_from_center": 2.1
          },
          {
            "id": 1396977535,
            "name": "소돌엔 등대점",
            "final_score": 0.2753,
            "distance_from_center": 2.44
          },
          {
            "id": 1019347699,
            "name": "플레이스 플러스",
            "final_score": 0.2233,
            "distance_from_center": 2.98
          }
        ],
        "Restaurant": [
          {
            "id": 12951301,
            "name": "교항면옥",
            "final_score": 0.5992,
            "distance_from_center": 0.0
          },
          {
            "id": 11799922,
            "name": "페리카나 도립대점",
            "final_score": 0.4852,
            "distance_from_center": 0.02
          },
          {
            "id": 20264808,
            "name": "주문진가마솥설렁탕",
            "final_score": 0.3534,
            "distance_from_center": 0.04
          },
          {
            "id": 1059361236,
            "name": "곱창백화점 주문진점",
            "final_score": 0.5106,
            "distance_from_center": 0.12
          },
          {
            "id": 15360393,
            "name": "현자네해물촌",
            "final_score": 0.3446,
            "distance_from_center": 0.37
          },
          {
            "id": 1947436708,
            "name": "얌샘김밥 주문진점",
            "final_score": 0.2851,
            "distance_from_center": 0.38
          },
          {
            "id": 1138422210,
            "name": "도야족발 주문진점",
            "final_score": 0.3409,
            "distance_from_center": 0.4
          },
          {
            "id": 1285422816,
            "name": "굴다리돌솥밥",
            "final_score": 0.3828,
            "distance_from_center": 0.5
          },
          {
            "id": 1805805554,
            "name": "오구피자 주문진점",
            "final_score": 0.2073,
            "distance_from_center": 0.55
          },
          {
            "id": 318625076,
            "name": "주문진 상희네횟집 홍게무한리필",
            "final_score": 0.4445,
            "distance_from_center": 0.57
          },
          {
            "id": 33133925,
            "name": "해랑대게횟집",
            "final_score": 0.4107,
            "distance_from_center": 0.58
          },
          {
            "id": 1151531006,
            "name": "강냉이소쿠리",
            "final_score": 0.3408,
            "distance_from_center": 0.62
          },
          {
            "id": 1345031898,
            "name": "87닭강정 주문진점",
            "final_score": 0.4713,
            "distance_from_center": 0.65
          },
          {
            "id": 1051463715,
            "name": "산마루쌈밥",
            "final_score": 0.5391,
            "distance_from_center": 0.65
          },
          {
            "id": 1947256113,
            "name": "맛드렁 집밥",
            "final_score": 0.4879,
            "distance_from_center": 0.79
          }
        ],
        "Attraction": [
          {
            "id": 13490946,
            "name": "주문진항",
            "final_score": 0.4347,
            "distance_from_center": 1.28
          },
          {
            "id": 1600054868,
            "name": "해피아워크루즈",
            "final_score": 0.1211,
            "distance_from_center": 1.49
          },
          {
            "id": 34818378,
            "name": "주문진해양박물관",
            "final_score": 0.187,
            "distance_from_center": 1.68
          },
          {
            "id": 13491150,
            "name": "영진해변",
            "final_score": 0.2658,
            "distance_from_center": 1.71
          },
          {
            "id": 20059236,
            "name": "주문리마을",
            "final_score": 0.392,
            "distance_from_center": 1.86
          },
          {
            "id": 20054445,
            "name": "영진항",
            "final_score": 0.2251,
            "distance_from_center": 1.94
          },
          {
            "id": 20054507,
            "name": "주문진 등대",
            "final_score": 0.1324,
            "distance_from_center": 2.44
          },
          {
            "id": 13444336,
            "name": "연곡해변",
            "final_score": 0.1594,
            "distance_from_center": 2.74
          },
          {
            "id": 19501415,
            "name": "소돌아들바위공원",
            "final_score": 0.15,
            "distance_from_center": 3.3
          },
          {
            "id": 13491657,
            "name": "소돌해수욕장",
            "final_score": 0.3408,
            "distance_from_center": 3.35
          },
          {
            "id": 13491005,
            "name": "주문진해수욕장",
            "final_score": 0.3505,
            "distance_from_center": 3.93
          },
          {
            "id": 15698326,
            "name": "향호해변",
            "final_score": 0.113,
            "distance_from_center": 4.03
          },
          {
            "id": 1154013651,
            "name": "주문진bts",
            "final_score": 0.1174,
            "distance_from_center": 4.17
          },
          {
            "id": 1848252796,
            "name": "강릉아기동물농장",
            "final_score": 0.3761,
            "distance_from_center": 4.38
          },
          {
            "id": 12390002,
            "name": "강릉 복사꽃마을",
            "final_score": 0.2351,
            "distance_from_center": 4.51
          }
        ]
      }
    },
    {
      "cluster_id": 1,
      "date": "2025-02-22",
      "weekday": "토",
      "seed_category": "Restaurant",
      "seed_place": {
        "id": 32038666,
        "name": "황소실비",
        "final_score": 0.5928
      },
      "center_lat": 37.768598,
      "center_lng": 128.878763,
      "categories": {
        "Cafe": [
          {
            "id": 1843451871,
            "name": "투썸플레이스 강릉교동택지점",
            "final_score": 0.277,
            "distance_from_center": 0.07
          },
          {
            "id": 1784470266,
            "name": "메가MGC커피 강릉교동솔올점",
            "final_score": 0.0097,
            "distance_from_center": 0.12
          },
          {
            "id": 1867724165,
            "name": "사루",
            "final_score": 0.4286,
            "distance_from_center": 0.17
          },
          {
            "id": 1623800311,
            "name": "멜로우밀",
            "final_score": 0.4162,
            "distance_from_center": 0.18
          },
          {
            "id": 1625914520,
            "name": "사월의 모노웜",
            "final_score": 0.3734,
            "distance_from_center": 0.2
          },
          {
            "id": 1133303813,
            "name": "커피아워",
            "final_score": 0.3489,
            "distance_from_center": 0.26
          },
          {
            "id": 38274668,
            "name": "플레지르",
            "final_score": 0.3732,
            "distance_from_center": 0.27
          },
          {
            "id": 1662017638,
            "name": "쎄라비",
            "final_score": 0.377,
            "distance_from_center": 0.3
          },
          {
            "id": 1662017638,
            "name": "쎄라비",
            "final_score": 0.377,
            "distance_from_center": 0.3
          },
          {
            "id": 79408101,
            "name": "이디야커피 강릉교동택지점",
            "final_score": 0.3162,
            "distance_from_center": 0.35
          },
          {
            "id": 1683569661,
            "name": "디핑 초콜릿카페",
            "final_score": 0.3796,
            "distance_from_center": 0.36
          },
          {
            "id": 1292591709,
            "name": "헝키도리커피바",
            "final_score": 0.4376,
            "distance_from_center": 0.37
          },
          {
            "id": 1352455905,
            "name": "화이트리에 강릉점",
            "final_score": 0.1962,
            "distance_from_center": 0.44
          },
          {
            "id": 1215792352,
            "name": "던킨 강릉교동점",
            "final_score": 0.5272,
            "distance_from_center": 0.44
          },
          {
            "id": 1459760339,
            "name": "스타벅스 강릉교동광장점",
            "final_score": 0.2589,
            "distance_from_center": 0.5
          }
        ],
        "Restaurant": [
          {
            "id": 32038666,
            "name": "황소실비",
            "final_score": 0.5928,
            "distance_from_center": 0.0
          },
          {
            "id": 19782934,
            "name": "회빈장",
            "final_score": 0.3914,
            "distance_from_center": 0.03
          },
          {
            "id": 1847740796,
            "name": "오봉집 강릉점",
            "final_score": 0.4034,
            "distance_from_center": 0.03
          },
          {
            "id": 15311728,
            "name": "수미골",
            "final_score": 0.3991,
            "distance_from_center": 0.05
          },
          {
            "id": 1862735111,
            "name": "차차동",
            "final_score": 0.4298,
            "distance_from_center": 0.07
          },
          {
            "id": 15380022,
            "name": "국수와파전",
            "final_score": 0.3323,
            "distance_from_center": 0.07
          },
          {
            "id": 1131992941,
            "name": "은하수구락부",
            "final_score": 0.3416,
            "distance_from_center": 0.07
          },
          {
            "id": 15310589,
            "name": "솔올부대찌개",
            "final_score": 0.3652,
            "distance_from_center": 0.07
          },
          {
            "id": 231087604,
            "name": "만억정흑염소",
            "final_score": 0.4389,
            "distance_from_center": 0.08
          },
          {
            "id": 12042486,
            "name": "밤마차 교동점",
            "final_score": 0.1521,
            "distance_from_center": 0.09
          },
          {
            "id": 1053416085,
            "name": "본래순대 교동택지점",
            "final_score": 0.5508,
            "distance_from_center": 0.09
          },
          {
            "id": 35852302,
            "name": "도전",
            "final_score": 0.2665,
            "distance_from_center": 0.1
          },
          {
            "id": 1376821892,
            "name": "구석",
            "final_score": 0.3484,
            "distance_from_center": 0.11
          },
          {
            "id": 11550609,
            "name": "굴사랑 교동택지점",
            "final_score": 0.5106,
            "distance_from_center": 0.12
          },
          {
            "id": 15376068,
            "name": "산마을",
            "final_score": 0.3908,
            "distance_from_center": 0.13
          }
        ],
        "Attraction": [
          {
            "id": 1775014582,
            "name": "리고엠",
            "final_score": 0.3413,
            "distance_from_center": 0.51
          },
          {
            "id": 21824426,
            "name": "강릉원주대학교 박물관",
            "final_score": 0.3949,
            "distance_from_center": 0.8
          },
          {
            "id": 19832807,
            "name": "강릉자수박물관",
            "final_score": 0.1691,
            "distance_from_center": 1.05
          },
          {
            "id": 2062786512,
            "name": "강릉시립미술관 솔올",
            "final_score": 0.1726,
            "distance_from_center": 1.08
          },
          {
            "id": 11535675,
            "name": "강릉문화원",
            "final_score": 0.2049,
            "distance_from_center": 1.17
          },
          {
            "id": 11620702,
            "name": "강릉 오죽헌·시립박물관",
            "final_score": 0.3365,
            "distance_from_center": 1.18
          },
          {
            "id": 1346656418,
            "name": "경포생태저류지",
            "final_score": 0.1257,
            "distance_from_center": 1.29
          },
          {
            "id": 12762639,
            "name": "강릉시립미술관 교동",
            "final_score": 0.2993,
            "distance_from_center": 1.38
          },
          {
            "id": 1550291849,
            "name": "강릉아트센터",
            "final_score": 0.2314,
            "distance_from_center": 1.5
          },
          {
            "id": 11663849,
            "name": "강릉향교",
            "final_score": 0.1208,
            "distance_from_center": 1.55
          },
          {
            "id": 13345877,
            "name": "강릉 서부시장",
            "final_score": 0.3321,
            "distance_from_center": 1.84
          },
          {
            "id": 1357865119,
            "name": "고래책방",
            "final_score": 0.3841,
            "distance_from_center": 1.99
          },
          {
            "id": 1211834959,
            "name": "강릉올림픽뮤지엄",
            "final_score": 0.1528,
            "distance_from_center": 2.01
          },
          {
            "id": 749351147,
            "name": "강릉 임영관 삼문",
            "final_score": 0.136,
            "distance_from_center": 2.06
          },
          {
            "id": 15685783,
            "name": "강릉 대도호부 관아",
            "final_score": 0.2902,
            "distance_from_center": 2.07
          }
        ]
      }
    }
  ]
}