{
  "user_id": "U0069",
  "start_date": "2025-05-31",
  "start_weekday": "토",
  "duration_days": 4,
  "budget": 700000,
  "num_clusters": 4,
  "clustering_method": "greedy_score_based_with_store_hours",
  "seed_strategy": "highest_score_only",
  "max_cluster_radius_km": 6,
  "min_places_per_category": 7,
  "places_per_category": 15,
  "Accommodation": 3017781,
  "clusters": [
    {
      "cluster_id": 0,
      "date": "2025-05-31",
      "weekday": "토",
      "seed_category": "Restaurant",
      "seed_place": {
        "id": 36505019,
        "name": "회산솔식당",
        "final_score": 0.5406
      },
      "center_lat": 37.742272,
      "center_lng": 128.86126,
      "categories": {
        "Cafe": [
          {
            "id": 19900143,
            "name": "라몬타냐",
            "final_score": 0.371,
            "distance_from_center": 0.72
          },
          {
            "id": 1106082140,
            "name": "아이즈 로스터리 홍제동 본점",
            "final_score": 0.3379,
            "distance_from_center": 1.04
          },
          {
            "id": 1174448798,
            "name": "스타벅스 강릉IC DT점",
            "final_score": 0.4081,
            "distance_from_center": 1.1
          },
          {
            "id": 15299378,
            "name": "포모도로",
            "final_score": 0.3658,
            "distance_from_center": 1.23
          },
          {
            "id": 2012122325,
            "name": "루모",
            "final_score": 0.4294,
            "distance_from_center": 1.44
          },
          {
            "id": 1633456108,
            "name": "투썸플레이스 유천지구점",
            "final_score": 0.2719,
            "distance_from_center": 1.63
          },
          {
            "id": 2067021446,
            "name": "떡이네",
            "final_score": 0.4528,
            "distance_from_center": 1.65
          },
          {
            "id": 1546169801,
            "name": "강릉그림카페",
            "final_score": 0.2888,
            "distance_from_center": 1.66
          },
          {
            "id": 263503029,
            "name": "어썸",
            "final_score": 0.3521,
            "distance_from_center": 1.79
          },
          {
            "id": 34537489,
            "name": "과객",
            "final_score": 0.1944,
            "distance_from_center": 1.91
          },
          {
            "id": 1750727150,
            "name": "미미케이크",
            "final_score": 0.2497,
            "distance_from_center": 2.0
          },
          {
            "id": 1024529564,
            "name": "오브리에타",
            "final_score": 0.3392,
            "distance_from_center": 2.2
          },
          {
            "id": 1442771903,
            "name": "가디",
            "final_score": 0.3044,
            "distance_from_center": 2.21
          },
          {
            "id": 1605447318,
            "name": "젤라또까사",
            "final_score": 0.4554,
            "distance_from_center": 2.35
          },
          {
            "id": 1081008717,
            "name": "홍제멘션 강릉 본점",
            "final_score": 0.3684,
            "distance_from_center": 2.36
          }
        ],
        "Restaurant": [
          {
            "id": 36505019,
            "name": "회산솔식당",
            "final_score": 0.5406,
            "distance_from_center": 0.0
          },
          {
            "id": 1371192904,
            "name": "갑진정식",
            "final_score": 0.3336,
            "distance_from_center": 0.36
          },
          {
            "id": 224093513,
            "name": "임호염소전문점",
            "final_score": 0.3989,
            "distance_from_center": 0.63
          },
          {
            "id": 1567062059,
            "name": "회산막국수 강릉점",
            "final_score": 0.4056,
            "distance_from_center": 0.87
          },
          {
            "id": 1671949806,
            "name": "회산칼국수",
            "final_score": 0.1099,
            "distance_from_center": 1.07
          },
          {
            "id": 11859909,
            "name": "시골할머니추어탕",
            "final_score": 0.2268,
            "distance_from_center": 1.24
          },
          {
            "id": 1276604550,
            "name": "태산순대국",
            "final_score": 0.3261,
            "distance_from_center": 1.28
          },
          {
            "id": 1417252039,
            "name": "왕바우아구찜",
            "final_score": 0.43,
            "distance_from_center": 1.35
          },
          {
            "id": 1605479970,
            "name": "십이월육일",
            "final_score": 0.2728,
            "distance_from_center": 1.36
          },
          {
            "id": 1366265272,
            "name": "병천순대 내곡점",
            "final_score": 0.4392,
            "distance_from_center": 1.4
          },
          {
            "id": 12038496,
            "name": "형분식한식",
            "final_score": 0.1569,
            "distance_from_center": 1.4
          },
          {
            "id": 1653794749,
            "name": "갱스터분식카페",
            "final_score": 0.1546,
            "distance_from_center": 1.41
          },
          {
            "id": 615540229,
            "name": "밥톨",
            "final_score": 0.4679,
            "distance_from_center": 1.43
          },
          {
            "id": 1129330317,
            "name": "치킨인류 내곡홍제점",
            "final_score": 0.4377,
            "distance_from_center": 1.43
          },
          {
            "id": 1070243890,
            "name": "무단외박",
            "final_score": 0.3283,
            "distance_from_center": 1.49
          }
        ],
        "Attraction": [
          {
            "id": 1412053208,
            "name": "처음처럼&새로 브랜드 체험관",
            "final_score": 0.2402,
            "distance_from_center": 0.73
          },
          {
            "id": 37081677,
            "name": "수상한마법학교",
            "final_score": 0.1268,
            "distance_from_center": 2.05
          },
          {
            "id": 11535675,
            "name": "강릉문화원",
            "final_score": 0.2881,
            "distance_from_center": 2.14
          },
          {
            "id": 37090227,
            "name": "버드나무 브루어리",
            "final_score": 0.2271,
            "distance_from_center": 2.15
          },
          {
            "id": 2062786512,
            "name": "강릉시립미술관 솔올",
            "final_score": 0.1054,
            "distance_from_center": 2.46
          },
          {
            "id": 38623679,
            "name": "명주예술마당",
            "final_score": 0.193,
            "distance_from_center": 2.71
          },
          {
            "id": 1775014582,
            "name": "리고엠",
            "final_score": 0.3427,
            "distance_from_center": 2.8
          },
          {
            "id": 15693581,
            "name": "강릉 남산공원",
            "final_score": 0.1615,
            "distance_from_center": 2.9
          },
          {
            "id": 1249952785,
            "name": "강릉 명주동 거리",
            "final_score": 0.3733,
            "distance_from_center": 2.94
          },
          {
            "id": 749351147,
            "name": "강릉 임영관 삼문",
            "final_score": 0.0754,
            "distance_from_center": 2.94
          },
          {
            "id": 13345877,
            "name": "강릉 서부시장",
            "final_score": 0.3274,
            "distance_from_center": 2.97
          },
          {
            "id": 15685783,
            "name": "강릉 대도호부 관아",
            "final_score": 0.3043,
            "distance_from_center": 2.98
          },
          {
            "id": 12955259,
            "name": "단오타운전시관",
            "final_score": 0.174,
            "distance_from_center": 3.05
          },
          {
            "id": 21824426,
            "name": "강릉원주대학교 박물관",
            "final_score": 0.363,
            "distance_from_center": 3.26
          },
          {
            "id": 12762639,
            "name": "강릉시립미술관 교동",
            "final_score": 0.3572,
            "distance_from_center": 3.31
          }
        ]
      }
    },
    {
      "cluster_id": 1,
      "date": "2025-06-01",
      "weekday": "일",
      "seed_category": "Restaurant",
      "seed_place": {
        "id": 1195200384,
        "name": "미면소 강릉",
        "final_score": 0.5194
      },
      "center_lat": 37.760916,
      "center_lng": 128.90337,
      "categories": {
        "Cafe": [
          {
            "id": 1569323095,
            "name": "비사이드그라운드",
            "final_score": 0.376,
            "distance_from_center": 0.04
          },
          {
            "id": 1457952472,
            "name": "월선화",
            "final_score": 0.2642,
            "distance_from_center": 0.11
          },
          {
            "id": 1182677835,
            "name": "라스텔리나",
            "final_score": 0.2239,
            "distance_from_center": 0.33
          },
          {
            "id": 2089930981,
            "name": "머뭄카페",
            "final_score": 0.3886,
            "distance_from_center": 0.39
          },
          {
            "id": 1488770728,
            "name": "도넛인사이드도넛 강릉점",
            "final_score": 0.243,
            "distance_from_center": 0.39
          },
          {
            "id": 1671795817,
            "name": "알뜨",
            "final_score": 0.3221,
            "distance_from_center": 0.4
          },
          {
            "id": 1656009767,
            "name": "메가MGC커피 강릉역점",
            "final_score": 0.2278,
            "distance_from_center": 0.42
          },
          {
            "id": 1763916720,
            "name": "강릉커피콩빵 강릉당 강릉역점",
            "final_score": 0.1538,
            "distance_from_center": 0.43
          },
          {
            "id": 1756159133,
            "name": "카페디드",
            "final_score": 0.4005,
            "distance_from_center": 0.55
          },
          {
            "id": 2017317134,
            "name": "상록당",
            "final_score": 0.2316,
            "distance_from_center": 0.7
          },
          {
            "id": 1001417136,
            "name": "리도커피",
            "final_score": 0.4094,
            "distance_from_center": 0.71
          },
          {
            "id": 1277825412,
            "name": "바스투체어",
            "final_score": 0.3088,
            "distance_from_center": 0.71
          },
          {
            "id": 1578033962,
            "name": "이로이로스모모",
            "final_score": 0.3625,
            "distance_from_center": 0.72
          },
          {
            "id": 1331157860,
            "name": "이스트 베이커리",
            "final_score": 0.4204,
            "distance_from_center": 0.73
          },
          {
            "id": 1019654977,
            "name": "희게",
            "final_score": 0.4826,
            "distance_from_center": 0.75
          }
        ],
        "Restaurant": [
          {
            "id": 1195200384,
            "name": "미면소 강릉",
            "final_score": 0.5194,
            "distance_from_center": 0.0
          },
          {
            "id": 19354162,
            "name": "추억의금노다지",
            "final_score": 0.4769,
            "distance_from_center": 0.12
          },
          {
            "id": 35650206,
            "name": "옥천오겹살",
            "final_score": 0.1743,
            "distance_from_center": 0.13
          },
          {
            "id": 15304020,
            "name": "메밀집",
            "final_score": 0.2756,
            "distance_from_center": 0.14
          },
          {
            "id": 15304031,
            "name": "명신식당",
            "final_score": 0.1769,
            "distance_from_center": 0.15
          },
          {
            "id": 1007919986,
            "name": "쓰이네",
            "final_score": 0.1974,
            "distance_from_center": 0.15
          },
          {
            "id": 12025780,
            "name": "야식철가방",
            "final_score": 0.4378,
            "distance_from_center": 0.16
          },
          {
            "id": 1671909230,
            "name": "매콤이 본점",
            "final_score": 0.3275,
            "distance_from_center": 0.16
          },
          {
            "id": 1541303714,
            "name": "싸다아구찜&탕",
            "final_score": 0.4569,
            "distance_from_center": 0.16
          },
          {
            "id": 1503837624,
            "name": "별들의고향",
            "final_score": 0.3289,
            "distance_from_center": 0.18
          },
          {
            "id": 1419683252,
            "name": "강릉역 옹막",
            "final_score": 0.3795,
            "distance_from_center": 0.19
          },
          {
            "id": 2140078078,
            "name": "진미양꼬치 본점",
            "final_score": 0.513,
            "distance_from_center": 0.2
          },
          {
            "id": 1100806567,
            "name": "감동육개장",
            "final_score": 0.3475,
            "distance_from_center": 0.2
          },
          {
            "id": 1841743441,
            "name": "대관령양꼬치",
            "final_score": 0.4161,
            "distance_from_center": 0.21
          },
          {
            "id": 1190765060,
            "name": "강릉오겹살",
            "final_score": 0.3108,
            "distance_from_center": 0.23
          }
        ],
        "Attraction": [
          {
            "id": 13345874,
            "name": "강릉 동부시장",
            "final_score": 0.0,
            "distance_from_center": 0.27
          },
          {
            "id": 1357865119,
            "name": "고래책방",
            "final_score": 0.4022,
            "distance_from_center": 0.61
          },
          {
            "id": 1287320440,
            "name": "강릉 월화거리",
            "final_score": 0.1914,
            "distance_from_center": 0.76
          },
          {
            "id": 11663849,
            "name": "강릉향교",
            "final_score": 0.1546,
            "distance_from_center": 0.77
          },
          {
            "id": 13345873,
            "name": "강릉 중앙시장",
            "final_score": 0.388,
            "distance_from_center": 0.87
          },
          {
            "id": 1550291849,
            "name": "강릉아트센터",
            "final_score": 0.0697,
            "distance_from_center": 1.39
          },
          {
            "id": 11592129,
            "name": "강릉교육문화관",
            "final_score": 0.28,
            "distance_from_center": 1.68
          },
          {
            "id": 35188457,
            "name": "애니멀스토리",
            "final_score": 0.2166,
            "distance_from_center": 1.9
          },
          {
            "id": 1211834959,
            "name": "강릉올림픽뮤지엄",
            "final_score": 0.17,
            "distance_from_center": 2.12
          },
          {
            "id": 32777223,
            "name": "자연아놀자 체험학습박물관",
            "final_score": 0.0674,
            "distance_from_center": 2.71
          },
          {
            "id": 19832807,
            "name": "강릉자수박물관",
            "final_score": 0.0004,
            "distance_from_center": 2.78
          },
          {
            "id": 1346656418,
            "name": "경포생태저류지",
            "final_score": 0.0392,
            "distance_from_center": 2.8
          },
          {
            "id": 11620702,
            "name": "강릉 오죽헌·시립박물관",
            "final_score": 0.2647,
            "distance_from_center": 2.91
          },
          {
            "id": 20066249,
            "name": "강릉 수리골 고택",
            "final_score": 0.2236,
            "distance_from_center": 3.01
          },
          {
            "id": 1881857549,
            "name": "강릉 메타버스 체험관",
            "final_score": 0.1154,
            "distance_from_center": 3.02
          }
        ]
      }
    },
    {
      "cluster_id": 2,
      "date": "2025-06-02",
      "weekday": "월",
      "seed_category": "Restaurant",
      "seed_place": {
        "id": 1920437123,
        "name": "그고깃집",
        "final_score": 0.5235
      },
      "center_lat": 37.769652,
      "center_lng": 128.913957,
      "categories": {
        "Cafe": [
          {
            "id": 15318913,
            "name": "돔베이커리",
            "final_score": 0.2626,
            "distance_from_center": 0.03
          },
          {
            "id": 1033478410,
            "name": "그다이마잇",
            "final_score": 0.3702,
            "distance_from_center": 0.34
          },
          {
            "id": 66343890,
            "name": "강릉빵다방",
            "final_score": 0.3099,
            "distance_from_center": 0.37
          },
          {
            "id": 1838131828,
            "name": "강릉카페 체크이스트",
            "final_score": 0.3661,
            "distance_from_center": 0.4
          },
          {
            "id": 1391511090,
            "name": "삼척오란다 강릉점",
            "final_score": 0.4416,
            "distance_from_center": 0.51
          },
          {
            "id": 1737820343,
            "name": "고메코나베이커리",
            "final_score": 0.247,
            "distance_from_center": 0.52
          },
          {
            "id": 1891894301,
            "name": "플레이스 플러스",
            "final_score": 0.3935,
            "distance_from_center": 0.58
          },
          {
            "id": 1588834856,
            "name": "르블레도르",
            "final_score": 0.2476,
            "distance_from_center": 0.62
          },
          {
            "id": 1830452681,
            "name": "스타벅스 강릉송정DT점",
            "final_score": 0.3207,
            "distance_from_center": 0.83
          },
          {
            "id": 1612034459,
            "name": "어머야라",
            "final_score": 0.4627,
            "distance_from_center": 1.12
          },
          {
            "id": 1824086717,
            "name": "디오슬로",
            "final_score": 0.3891,
            "distance_from_center": 1.71
          },
          {
            "id": 1265990790,
            "name": "애프터 이미지",
            "final_score": 0.3896,
            "distance_from_center": 1.71
          },
          {
            "id": 1994587010,
            "name": "말차로",
            "final_score": 0.0867,
            "distance_from_center": 1.79
          },
          {
            "id": 1492455872,
            "name": "카페기와",
            "final_score": 0.2758,
            "distance_from_center": 1.83
          },
          {
            "id": 1879279368,
            "name": "스타벅스 강릉율곡DT점",
            "final_score": 0.226,
            "distance_from_center": 1.91
          }
        ],
        "Restaurant": [
          {
            "id": 1920437123,
            "name": "그고깃집",
            "final_score": 0.5235,
            "distance_from_center": 0.0
          },
          {
            "id": 21679370,
            "name": "마포주먹고기",
            "final_score": 0.4007,
            "distance_from_center": 0.02
          },
          {
            "id": 1192593290,
            "name": "납돌추어탕",
            "final_score": 0.2165,
            "distance_from_center": 0.02
          },
          {
            "id": 31799277,
            "name": "병산닭발과부침개",
            "final_score": 0.2102,
            "distance_from_center": 0.02
          },
          {
            "id": 15315713,
            "name": "솔이네쌈밥집",
            "final_score": 0.3595,
            "distance_from_center": 0.02
          },
          {
            "id": 1587239044,
            "name": "암사직화쪽갈비 강릉점",
            "final_score": 0.3874,
            "distance_from_center": 0.05
          },
          {
            "id": 15385027,
            "name": "청송장칼국수",
            "final_score": 0.2034,
            "distance_from_center": 0.05
          },
          {
            "id": 1242231665,
            "name": "이정희차돌박이김치두루치기",
            "final_score": 0.2294,
            "distance_from_center": 0.05
          },
          {
            "id": 2075106875,
            "name": "케이양한우곱창",
            "final_score": 0.2652,
            "distance_from_center": 0.09
          },
          {
            "id": 1517085264,
            "name": "소문난밥상",
            "final_score": 0.3659,
            "distance_from_center": 0.11
          },
          {
            "id": 1971811879,
            "name": "찌개세끼",
            "final_score": 0.3404,
            "distance_from_center": 0.17
          },
          {
            "id": 21338790,
            "name": "오리본가선자령",
            "final_score": 0.4288,
            "distance_from_center": 0.18
          },
          {
            "id": 20665635,
            "name": "가마솥쌈밥",
            "final_score": 0.2467,
            "distance_from_center": 0.23
          },
          {
            "id": 1839279712,
            "name": "강릉꽈배기&핫도그",
            "final_score": 0.0,
            "distance_from_center": 0.24
          },
          {
            "id": 1255404157,
            "name": "백사장",
            "final_score": 0.3508,
            "distance_from_center": 0.24
          }
        ],
        "Attraction": [
          {
            "id": 1090555407,
            "name": "아르떼뮤지엄 강릉",
            "final_score": 0.1744,
            "distance_from_center": 2.33
          },
          {
            "id": 37434460,
            "name": "경포 아쿠아리움",
            "final_score": 0.1717,
            "distance_from_center": 2.33
          },
          {
            "id": 20065935,
            "name": "송정해변",
            "final_score": 0.3254,
            "distance_from_center": 2.35
          },
          {
            "id": 1112785467,
            "name": "런닝맨 강릉점",
            "final_score": 0.1946,
            "distance_from_center": 2.48
          },
          {
            "id": 1130774967,
            "name": "허균·허난설헌 기념공원",
            "final_score": 0.2783,
            "distance_from_center": 2.49
          },
          {
            "id": 1243747688,
            "name": "병산 옹심이마을",
            "final_score": 0.2637,
            "distance_from_center": 2.49
          },
          {
            "id": 20066218,
            "name": "허난설헌 생가터",
            "final_score": 0.1756,
            "distance_from_center": 2.51
          },
          {
            "id": 31044854,
            "name": "경포가시연습지",
            "final_score": 0.1274,
            "distance_from_center": 2.58
          },
          {
            "id": 32268465,
            "name": "환희컵박물관",
            "final_score": 0.2184,
            "distance_from_center": 2.62
          },
          {
            "id": 1542622512,
            "name": "원더스카이",
            "final_score": 0.1633,
            "distance_from_center": 2.7
          },
          {
            "id": 31506191,
            "name": "초당순두부마을",
            "final_score": 0.1707,
            "distance_from_center": 2.77
          },
          {
            "id": 939463951,
            "name": "강릉 안목해맞이공원",
            "final_score": 0.3341,
            "distance_from_center": 2.79
          },
          {
            "id": 13491183,
            "name": "강문해변",
            "final_score": 0.2655,
            "distance_from_center": 2.84
          },
          {
            "id": 13491906,
            "name": "안목해변",
            "final_score": 0.3928,
            "distance_from_center": 2.95
          },
          {
            "id": 20947876,
            "name": "강릉커피거리",
            "final_score": 0.2268,
            "distance_from_center": 2.95
          }
        ]
      }
    },
    {
      "cluster_id": 3,
      "date": "2025-06-03",
      "weekday": "화",
      "seed_category": "Restaurant",
      "seed_place": {
        "id": 1347619457,
        "name": "송정불향쭈꾸미",
        "final_score": 0.5226
      },
      "center_lat": 37.777784,
      "center_lng": 128.939094,
      "categories": {
        "Cafe": [
          {
            "id": 1289622019,
            "name": "카페캔슈",
            "final_score": 0.3887,
            "distance_from_center": 0.31
          },
          {
            "id": 1425096858,
            "name": "강릉커피콩빵 강릉당 안목해변점",
            "final_score": 0.0851,
            "distance_from_center": 0.78
          },
          {
            "id": 15331732,
            "name": "커피씨엘",
            "final_score": 0.3301,
            "distance_from_center": 0.8
          },
          {
            "id": 1536161656,
            "name": "하슬라가배",
            "final_score": 0.3401,
            "distance_from_center": 0.84
          },
          {
            "id": 1009977259,
            "name": "강원옥찹쌀떡&치코스타코 안목점",
            "final_score": 0.3001,
            "distance_from_center": 0.85
          },
          {
            "id": 1019503112,
            "name": "강릉샌드 안목해변점",
            "final_score": 0.3598,
            "distance_from_center": 0.85
          },
          {
            "id": 499938650,
            "name": "카페 뤼미에르",
            "final_score": 0.1594,
            "distance_from_center": 0.9
          },
          {
            "id": 11887822,
            "name": "커피커퍼 안목점",
            "final_score": 0.3249,
            "distance_from_center": 0.92
          },
          {
            "id": 1933690279,
            "name": "미르마르",
            "final_score": 0.3521,
            "distance_from_center": 0.93
          },
          {
            "id": 34203501,
            "name": "에이엠브레드앤커피",
            "final_score": 0.4233,
            "distance_from_center": 0.96
          },
          {
            "id": 1557387521,
            "name": "할리스 강릉안목해변점",
            "final_score": 0.3233,
            "distance_from_center": 1.06
          },
          {
            "id": 15692078,
            "name": "카페알베로",
            "final_score": 0.3013,
            "distance_from_center": 1.08
          },
          {
            "id": 33021650,
            "name": "스타벅스 강릉안목해변점",
            "final_score": 0.402,
            "distance_from_center": 1.11
          },
          {
            "id": 36399670,
            "name": "키크러스 강릉점",
            "final_score": 0.4068,
            "distance_from_center": 1.18
          },
          {
            "id": 38520417,
            "name": "커피 아메리카 강릉점",
            "final_score": 0.3279,
            "distance_from_center": 1.18
          }
        ],
        "Restaurant": [
          {
            "id": 1347619457,
            "name": "송정불향쭈꾸미",
            "final_score": 0.5226,
            "distance_from_center": 0.0
          },
          {
            "id": 1167569582,
            "name": "송가촌",
            "final_score": 0.2149,
            "distance_from_center": 0.29
          },
          {
            "id": 1524056023,
            "name": "여우애김밥 강릉송정점",
            "final_score": 0.2391,
            "distance_from_center": 0.31
          },
          {
            "id": 1770360235,
            "name": "찐전집",
            "final_score": 0.1489,
            "distance_from_center": 0.43
          },
          {
            "id": 1953425523,
            "name": "태인네포차",
            "final_score": 0.2369,
            "distance_from_center": 0.45
          },
          {
            "id": 1143057643,
            "name": "고래밥한식뷔페",
            "final_score": 0.1714,
            "distance_from_center": 0.53
          },
          {
            "id": 1582249955,
            "name": "브라보칼국수 강릉본점",
            "final_score": 0.3434,
            "distance_from_center": 0.61
          },
          {
            "id": 20364475,
            "name": "김윤미전복삼계탕 강릉본점",
            "final_score": 0.3398,
            "distance_from_center": 0.63
          },
          {
            "id": 1547280580,
            "name": "삼겹식당 강릉송정점",
            "final_score": 0.3684,
            "distance_from_center": 0.67
          },
          {
            "id": 1929924200,
            "name": "강릉역옹막 안목점",
            "final_score": 0.4157,
            "distance_from_center": 0.71
          },
          {
            "id": 1261122567,
            "name": "안목항물회",
            "final_score": 0.2519,
            "distance_from_center": 0.74
          },
          {
            "id": 15329662,
            "name": "밥먹는마을",
            "final_score": 0.3163,
            "distance_from_center": 0.76
          },
          {
            "id": 12912326,
            "name": "형제매운양푼갈비",
            "final_score": 0.248,
            "distance_from_center": 0.77
          },
          {
            "id": 1637551545,
            "name": "더프롤로그필드 강릉 대게 본점",
            "final_score": 0.3886,
            "distance_from_center": 0.82
          },
          {
            "id": 38268032,
            "name": "버거웍스",
            "final_score": 0.3039,
            "distance_from_center": 0.84
          }
        ],
        "Attraction": [
          {
            "id": 15692195,
            "name": "강릉항",
            "final_score": 0.1631,
            "distance_from_center": 1.32
          },
          {
            "id": 13491444,
            "name": "남항진해변",
            "final_score": 0.1643,
            "distance_from_center": 2.03
          },
          {
            "id": 1940124735,
            "name": "강문솟대다리",
            "final_score": 0.2809,
            "distance_from_center": 3.28
          },
          {
            "id": 472414455,
            "name": "경포호수광장",
            "final_score": 0.1862,
            "distance_from_center": 3.42
          },
          {
            "id": 1063021154,
            "name": "경포플라워가든",
            "final_score": 0.1216,
            "distance_from_center": 3.49
          },
          {
            "id": 13300191,
            "name": "경포도립공원",
            "final_score": 0.2441,
            "distance_from_center": 3.77
          },
          {
            "id": 12079976,
            "name": "경포해수욕장",
            "final_score": 0.3487,
            "distance_from_center": 4.18
          },
          {
            "id": 13491109,
            "name": "경포호",
            "final_score": 0.1495,
            "distance_from_center": 4.23
          },
          {
            "id": 1675156043,
            "name": "강릉 경포대",
            "final_score": 0.3068,
            "distance_from_center": 4.23
          },
          {
            "id": 12409858,
            "name": "참소리에디슨손성목영화박물관",
            "final_score": 0.0105,
            "distance_from_center": 4.29
          },
          {
            "id": 13126966,
            "name": "풍호마을",
            "final_score": 0.0386,
            "distance_from_center": 4.57
          },
          {
            "id": 11687693,
            "name": "강릉 선교장",
            "final_score": 0.1893,
            "distance_from_center": 4.85
          },
          {
            "id": 1338629806,
            "name": "사근진해중공원 전망대",
            "final_score": 0.0921,
            "distance_from_center": 5.26
          },
          {
            "id": 1338629806,
            "name": "사근진해중공원 전망대",
            "final_score": 0.0921,
            "distance_from_center": 5.26
          },
          {
            "id": 15371716,
            "name": "사근진해변",
            "final_score": 0.2966,
            "distance_from_center": 5.26
          }
        ]
      }
    }
  ]
}