{
  "user_id": "U0077",
  "start_date": "2025-08-20",
  "start_weekday": "수",
  "duration_days": 3,
  "budget": 2800000,
  "num_clusters": 3,
  "clustering_method": "greedy_score_based_with_store_hours",
  "seed_strategy": "highest_score_only",
  "max_cluster_radius_km": 6,
  "min_places_per_category": 7,
  "places_per_category": 15,
  "Accommodation": 10060041,
  "clusters": [
    {
      "cluster_id": 0,
      "date": "2025-08-20",
      "weekday": "수",
      "seed_category": "Restaurant",
      "seed_place": {
        "id": 1547280580,
        "name": "삼겹식당 강릉송정점",
        "final_score": 0.4976
      },
      "center_lat": 37.7746,
      "center_lng": 128.932636,
      "categories": {
        "Cafe": [
          {
            "id": 1289622019,
            "name": "카페캔슈",
            "final_score": 0.3058,
            "distance_from_center": 0.45
          },
          {
            "id": 1830452681,
            "name": "스타벅스 강릉송정DT점",
            "final_score": 0.1322,
            "distance_from_center": 0.9
          },
          {
            "id": 1425096858,
            "name": "강릉커피콩빵 강릉당 안목해변점",
            "final_score": 0.0097,
            "distance_from_center": 1.18
          },
          {
            "id": 15331732,
            "name": "커피씨엘",
            "final_score": 0.1306,
            "distance_from_center": 1.2
          },
          {
            "id": 1536161656,
            "name": "하슬라가배",
            "final_score": 0.1685,
            "distance_from_center": 1.23
          },
          {
            "id": 1009977259,
            "name": "강원옥찹쌀떡&치코스타코 안목점",
            "final_score": 0.0681,
            "distance_from_center": 1.24
          },
          {
            "id": 1019503112,
            "name": "강릉샌드 안목해변점",
            "final_score": 0.1673,
            "distance_from_center": 1.24
          },
          {
            "id": 499938650,
            "name": "카페 뤼미에르",
            "final_score": 0.0977,
            "distance_from_center": 1.29
          },
          {
            "id": 11887822,
            "name": "커피커퍼 안목점",
            "final_score": 0.1404,
            "distance_from_center": 1.3
          },
          {
            "id": 1933690279,
            "name": "미르마르",
            "final_score": 0.1483,
            "distance_from_center": 1.31
          },
          {
            "id": 34203501,
            "name": "에이엠브레드앤커피",
            "final_score": 0.2787,
            "distance_from_center": 1.33
          },
          {
            "id": 2064259008,
            "name": "테라로사 강릉 신라모노그램점",
            "final_score": 0.203,
            "distance_from_center": 1.39
          },
          {
            "id": 1557387521,
            "name": "할리스 강릉안목해변점",
            "final_score": 0.1472,
            "distance_from_center": 1.42
          },
          {
            "id": 66343890,
            "name": "강릉빵다방",
            "final_score": 0.0081,
            "distance_from_center": 1.42
          },
          {
            "id": 15692078,
            "name": "카페알베로",
            "final_score": 0.0501,
            "distance_from_center": 1.43
          }
        ],
        "Restaurant": [
          {
            "id": 1547280580,
            "name": "삼겹식당 강릉송정점",
            "final_score": 0.4976,
            "distance_from_center": 0.0
          },
          {
            "id": 20364475,
            "name": "김윤미전복삼계탕 강릉본점",
            "final_score": 0.1829,
            "distance_from_center": 0.05
          },
          {
            "id": 15329662,
            "name": "밥먹는마을",
            "final_score": 0.1698,
            "distance_from_center": 0.22
          },
          {
            "id": 1953425523,
            "name": "태인네포차",
            "final_score": 0.29,
            "distance_from_center": 0.25
          },
          {
            "id": 1143057643,
            "name": "고래밥한식뷔페",
            "final_score": 0.1068,
            "distance_from_center": 0.28
          },
          {
            "id": 1337206643,
            "name": "강릉염전조개구이",
            "final_score": 0.278,
            "distance_from_center": 0.41
          },
          {
            "id": 1524056023,
            "name": "여우애김밥 강릉송정점",
            "final_score": 0.1576,
            "distance_from_center": 0.45
          },
          {
            "id": 1167569582,
            "name": "송가촌",
            "final_score": 0.0076,
            "distance_from_center": 0.46
          },
          {
            "id": 1637551545,
            "name": "더프롤로그필드 강릉 대게 본점",
            "final_score": 0.2475,
            "distance_from_center": 0.54
          },
          {
            "id": 1770360235,
            "name": "찐전집",
            "final_score": 0.1845,
            "distance_from_center": 0.6
          },
          {
            "id": 1347619457,
            "name": "송정불향쭈꾸미",
            "final_score": 0.3073,
            "distance_from_center": 0.67
          },
          {
            "id": 1216081294,
            "name": "광덕식당",
            "final_score": 0.4397,
            "distance_from_center": 0.9
          },
          {
            "id": 1953548649,
            "name": "샤브올데이 강릉송정점",
            "final_score": 0.2819,
            "distance_from_center": 0.93
          },
          {
            "id": 1582249955,
            "name": "브라보칼국수 강릉본점",
            "final_score": 0.2187,
            "distance_from_center": 1.03
          },
          {
            "id": 1929924200,
            "name": "강릉역옹막 안목점",
            "final_score": 0.2263,
            "distance_from_center": 1.05
          }
        ],
        "Attraction": [
          {
            "id": 20065935,
            "name": "송정해변",
            "final_score": 0.1611,
            "distance_from_center": 0.73
          },
          {
            "id": 32268465,
            "name": "환희컵박물관",
            "final_score": 0.0942,
            "distance_from_center": 0.92
          },
          {
            "id": 939463951,
            "name": "강릉 안목해맞이공원",
            "final_score": 0.1655,
            "distance_from_center": 1.1
          },
          {
            "id": 13491906,
            "name": "안목해변",
            "final_score": 0.2732,
            "distance_from_center": 1.31
          },
          {
            "id": 20947876,
            "name": "강릉커피거리",
            "final_score": 0.109,
            "distance_from_center": 1.31
          },
          {
            "id": 1243747688,
            "name": "병산 옹심이마을",
            "final_score": 0.2461,
            "distance_from_center": 1.48
          },
          {
            "id": 15692195,
            "name": "강릉항",
            "final_score": 0.0604,
            "distance_from_center": 1.72
          },
          {
            "id": 1112785467,
            "name": "런닝맨 강릉점",
            "final_score": 0.123,
            "distance_from_center": 2.08
          },
          {
            "id": 13491444,
            "name": "남항진해변",
            "final_score": 0.1157,
            "distance_from_center": 2.24
          },
          {
            "id": 13491183,
            "name": "강문해변",
            "final_score": 0.0948,
            "distance_from_center": 2.55
          },
          {
            "id": 1542622512,
            "name": "원더스카이",
            "final_score": 0.098,
            "distance_from_center": 2.63
          },
          {
            "id": 31506191,
            "name": "초당순두부마을",
            "final_score": 0.2759,
            "distance_from_center": 2.68
          },
          {
            "id": 1881857549,
            "name": "강릉 메타버스 체험관",
            "final_score": 0.0004,
            "distance_from_center": 2.73
          },
          {
            "id": 37434460,
            "name": "경포 아쿠아리움",
            "final_score": 0.1583,
            "distance_from_center": 2.77
          },
          {
            "id": 1090555407,
            "name": "아르떼뮤지엄 강릉",
            "final_score": 0.1227,
            "distance_from_center": 2.77
          }
        ]
      }
    },
    {
      "cluster_id": 1,
      "date": "2025-08-21",
      "weekday": "목",
      "seed_category": "Restaurant",
      "seed_place": {
        "id": 32038666,
        "name": "황소실비",
        "final_score": 0.4872
      },
      "center_lat": 37.768598,
      "center_lng": 128.878763,
      "categories": {
        "Cafe": [
          {
            "id": 1843451871,
            "name": "투썸플레이스 강릉교동택지점",
            "final_score": 0.171,
            "distance_from_center": 0.07
          },
          {
            "id": 1784470266,
            "name": "메가MGC커피 강릉교동솔올점",
            "final_score": 0.0008,
            "distance_from_center": 0.12
          },
          {
            "id": 1867724165,
            "name": "사루",
            "final_score": 0.2351,
            "distance_from_center": 0.17
          },
          {
            "id": 1623800311,
            "name": "멜로우밀",
            "final_score": 0.215,
            "distance_from_center": 0.18
          },
          {
            "id": 1625914520,
            "name": "사월의 모노웜",
            "final_score": 0.1654,
            "distance_from_center": 0.2
          },
          {
            "id": 1133303813,
            "name": "커피아워",
            "final_score": 0.1938,
            "distance_from_center": 0.26
          },
          {
            "id": 38274668,
            "name": "플레지르",
            "final_score": 0.1867,
            "distance_from_center": 0.27
          },
          {
            "id": 1662017638,
            "name": "쎄라비",
            "final_score": 0.0448,
            "distance_from_center": 0.3
          },
          {
            "id": 1662017638,
            "name": "쎄라비",
            "final_score": 0.0448,
            "distance_from_center": 0.3
          },
          {
            "id": 79408101,
            "name": "이디야커피 강릉교동택지점",
            "final_score": 0.2351,
            "distance_from_center": 0.35
          },
          {
            "id": 1683569661,
            "name": "디핑 초콜릿카페",
            "final_score": 0.152,
            "distance_from_center": 0.36
          },
          {
            "id": 1292591709,
            "name": "헝키도리커피바",
            "final_score": 0.233,
            "distance_from_center": 0.37
          },
          {
            "id": 1352455905,
            "name": "화이트리에 강릉점",
            "final_score": 0.0839,
            "distance_from_center": 0.44
          },
          {
            "id": 1215792352,
            "name": "던킨 강릉교동점",
            "final_score": 0.4208,
            "distance_from_center": 0.44
          },
          {
            "id": 1459760339,
            "name": "스타벅스 강릉교동광장점",
            "final_score": 0.2295,
            "distance_from_center": 0.5
          }
        ],
        "Restaurant": [
          {
            "id": 32038666,
            "name": "황소실비",
            "final_score": 0.4872,
            "distance_from_center": 0.0
          },
          {
            "id": 19782934,
            "name": "회빈장",
            "final_score": 0.2948,
            "distance_from_center": 0.03
          },
          {
            "id": 1847740796,
            "name": "오봉집 강릉점",
            "final_score": 0.2976,
            "distance_from_center": 0.03
          },
          {
            "id": 15311728,
            "name": "수미골",
            "final_score": 0.0964,
            "distance_from_center": 0.05
          },
          {
            "id": 1862735111,
            "name": "차차동",
            "final_score": 0.2394,
            "distance_from_center": 0.07
          },
          {
            "id": 15380022,
            "name": "국수와파전",
            "final_score": 0.183,
            "distance_from_center": 0.07
          },
          {
            "id": 1131992941,
            "name": "은하수구락부",
            "final_score": 0.1756,
            "distance_from_center": 0.07
          },
          {
            "id": 15310589,
            "name": "솔올부대찌개",
            "final_score": 0.2087,
            "distance_from_center": 0.07
          },
          {
            "id": 231087604,
            "name": "만억정흑염소",
            "final_score": 0.1515,
            "distance_from_center": 0.08
          },
          {
            "id": 12042486,
            "name": "밤마차 교동점",
            "final_score": 0.1025,
            "distance_from_center": 0.09
          },
          {
            "id": 1053416085,
            "name": "본래순대 교동택지점",
            "final_score": 0.3895,
            "distance_from_center": 0.09
          },
          {
            "id": 1376821892,
            "name": "구석",
            "final_score": 0.1397,
            "distance_from_center": 0.11
          },
          {
            "id": 11550609,
            "name": "굴사랑 교동택지점",
            "final_score": 0.3169,
            "distance_from_center": 0.12
          },
          {
            "id": 15376068,
            "name": "산마을",
            "final_score": 0.253,
            "distance_from_center": 0.13
          },
          {
            "id": 1458958864,
            "name": "회포차1박2일",
            "final_score": 0.2956,
            "distance_from_center": 0.14
          }
        ],
        "Attraction": [
          {
            "id": 1775014582,
            "name": "리고엠",
            "final_score": 0.1915,
            "distance_from_center": 0.51
          },
          {
            "id": 21824426,
            "name": "강릉원주대학교 박물관",
            "final_score": 0.3471,
            "distance_from_center": 0.8
          },
          {
            "id": 19832807,
            "name": "강릉자수박물관",
            "final_score": 0.0022,
            "distance_from_center": 1.05
          },
          {
            "id": 2062786512,
            "name": "강릉시립미술관 솔올",
            "final_score": 0.0877,
            "distance_from_center": 1.08
          },
          {
            "id": 11535675,
            "name": "강릉문화원",
            "final_score": 0.1588,
            "distance_from_center": 1.17
          },
          {
            "id": 11620702,
            "name": "강릉 오죽헌·시립박물관",
            "final_score": 0.1818,
            "distance_from_center": 1.18
          },
          {
            "id": 1346656418,
            "name": "경포생태저류지",
            "final_score": 0.0928,
            "distance_from_center": 1.29
          },
          {
            "id": 12762639,
            "name": "강릉시립미술관 교동",
            "final_score": 0.2641,
            "distance_from_center": 1.38
          },
          {
            "id": 1550291849,
            "name": "강릉아트센터",
            "final_score": 0.0645,
            "distance_from_center": 1.5
          },
          {
            "id": 11663849,
            "name": "강릉향교",
            "final_score": 0.0936,
            "distance_from_center": 1.55
          },
          {
            "id": 13345877,
            "name": "강릉 서부시장",
            "final_score": 0.2371,
            "distance_from_center": 1.84
          },
          {
            "id": 1357865119,
            "name": "고래책방",
            "final_score": 0.2303,
            "distance_from_center": 1.99
          },
          {
            "id": 1211834959,
            "name": "강릉올림픽뮤지엄",
            "final_score": 0.156,
            "distance_from_center": 2.01
          },
          {
            "id": 749351147,
            "name": "강릉 임영관 삼문",
            "final_score": 0.0544,
            "distance_from_center": 2.06
          },
          {
            "id": 15685783,
            "name": "강릉 대도호부 관아",
            "final_score": 0.208,
            "distance_from_center": 2.07
          }
        ]
      }
    },
    {
      "cluster_id": 2,
      "date": "2025-08-22",
      "weekday": "금",
      "seed_category": "Restaurant",
      "seed_place": {
        "id": 1346405445,
        "name": "교동소머리곰탕",
        "final_score": 0.4755
      },
      "center_lat": 37.762761,
      "center_lng": 128.872714,
      "categories": {
        "Cafe": [
          {
            "id": 1442771903,
            "name": "가디",
            "final_score": 0.2322,
            "distance_from_center": 0.3
          },
          {
            "id": 38482509,
            "name": "52블럭",
            "final_score": 0.1984,
            "distance_from_center": 0.31
          },
          {
            "id": 36767042,
            "name": "크리스피크림도넛 강릉교동점",
            "final_score": 0.0342,
            "distance_from_center": 0.35
          },
          {
            "id": 1526759655,
            "name": "텐퍼센트커피 강릉교동택지점",
            "final_score": 0.2869,
            "distance_from_center": 0.43
          },
          {
            "id": 263503029,
            "name": "어썸",
            "final_score": 0.2721,
            "distance_from_center": 0.71
          },
          {
            "id": 1263529731,
            "name": "인비토",
            "final_score": 0.215,
            "distance_from_center": 0.77
          },
          {
            "id": 1546169801,
            "name": "강릉그림카페",
            "final_score": 0.1838,
            "distance_from_center": 0.91
          },
          {
            "id": 1633456108,
            "name": "투썸플레이스 유천지구점",
            "final_score": 0.0736,
            "distance_from_center": 0.93
          },
          {
            "id": 1605447318,
            "name": "젤라또까사",
            "final_score": 0.3478,
            "distance_from_center": 1.07
          },
          {
            "id": 1504291324,
            "name": "백금당 강릉점",
            "final_score": 0.1588,
            "distance_from_center": 1.1
          },
          {
            "id": 1500318606,
            "name": "버떠",
            "final_score": 0.2201,
            "distance_from_center": 1.15
          },
          {
            "id": 1495937611,
            "name": "음차차",
            "final_score": 0.2301,
            "distance_from_center": 1.17
          },
          {
            "id": 1670844066,
            "name": "빵파르",
            "final_score": 0.0975,
            "distance_from_center": 1.55
          },
          {
            "id": 1106082140,
            "name": "아이즈 로스터리 홍제동 본점",
            "final_score": 0.1494,
            "distance_from_center": 1.61
          },
          {
            "id": 31529835,
            "name": "커피내리는 버스정류장",
            "final_score": 0.0619,
            "distance_from_center": 1.7
          }
        ],
        "Restaurant": [
          {
            "id": 1346405445,
            "name": "교동소머리곰탕",
            "final_score": 0.4755,
            "distance_from_center": 0.0
          },
          {
            "id": 15378617,
            "name": "장면옥",
            "final_score": 0.2557,
            "distance_from_center": 0.03
          },
          {
            "id": 37911034,
            "name": "맛있는초밥집",
            "final_score": 0.1308,
            "distance_from_center": 0.04
          },
          {
            "id": 37056132,
            "name": "나폴리선생in교동",
            "final_score": 0.241,
            "distance_from_center": 0.06
          },
          {
            "id": 33251611,
            "name": "킹콩부대찌개 강릉교동점",
            "final_score": 0.2232,
            "distance_from_center": 0.07
          },
          {
            "id": 1550961346,
            "name": "미스터쭈삼 강릉본점",
            "final_score": 0.2679,
            "distance_from_center": 0.08
          },
          {
            "id": 1190822494,
            "name": "야식의 정석",
            "final_score": 0.2597,
            "distance_from_center": 0.16
          },
          {
            "id": 15377926,
            "name": "동해막국수",
            "final_score": 0.1388,
            "distance_from_center": 0.17
          },
          {
            "id": 15310710,
            "name": "강릉참치",
            "final_score": 0.3308,
            "distance_from_center": 0.21
          },
          {
            "id": 21830287,
            "name": "기사문",
            "final_score": 0.2144,
            "distance_from_center": 0.23
          },
          {
            "id": 36543472,
            "name": "강릉한우만",
            "final_score": 0.3553,
            "distance_from_center": 0.24
          },
          {
            "id": 15376107,
            "name": "강릉남매삼계탕",
            "final_score": 0.3808,
            "distance_from_center": 0.25
          },
          {
            "id": 38017562,
            "name": "얌샘김밥 강릉교동점",
            "final_score": 0.2642,
            "distance_from_center": 0.26
          },
          {
            "id": 1874772103,
            "name": "가마솥순대국밥 강릉교동점",
            "final_score": 0.3253,
            "distance_from_center": 0.27
          },
          {
            "id": 1793774479,
            "name": "금성회관 강릉교동점",
            "final_score": 0.2567,
            "distance_from_center": 0.29
          }
        ],
        "Attraction": [
          {
            "id": 37090227,
            "name": "버드나무 브루어리",
            "final_score": 0.1981,
            "distance_from_center": 1.91
          },
          {
            "id": 38623679,
            "name": "명주예술마당",
            "final_score": 0.1167,
            "distance_from_center": 2.06
          },
          {
            "id": 1249952785,
            "name": "강릉 명주동 거리",
            "final_score": 0.204,
            "distance_from_center": 2.18
          },
          {
            "id": 1287320440,
            "name": "강릉 월화거리",
            "final_score": 0.14,
            "distance_from_center": 2.3
          },
          {
            "id": 15693581,
            "name": "강릉 남산공원",
            "final_score": 0.0795,
            "distance_from_center": 2.45
          },
          {
            "id": 1412053208,
            "name": "처음처럼&새로 브랜드 체험관",
            "final_score": 0.0503,
            "distance_from_center": 2.46
          },
          {
            "id": 13345874,
            "name": "강릉 동부시장",
            "final_score": 0.0,
            "distance_from_center": 2.47
          },
          {
            "id": 13345873,
            "name": "강릉 중앙시장",
            "final_score": 0.2745,
            "distance_from_center": 2.48
          },
          {
            "id": 12955259,
            "name": "단오타운전시관",
            "final_score": 0.1365,
            "distance_from_center": 2.54
          },
          {
            "id": 1300520912,
            "name": "르꼬따쥬",
            "final_score": 0.2173,
            "distance_from_center": 2.86
          },
          {
            "id": 11687693,
            "name": "강릉 선교장",
            "final_score": 0.1269,
            "distance_from_center": 2.86
          },
          {
            "id": 11592129,
            "name": "강릉교육문화관",
            "final_score": 0.1769,
            "distance_from_center": 3.02
          },
          {
            "id": 20066249,
            "name": "강릉 수리골 고택",
            "final_score": 0.2289,
            "distance_from_center": 3.07
          },
          {
            "id": 35188457,
            "name": "애니멀스토리",
            "final_score": 0.0918,
            "distance_from_center": 3.09
          },
          {
            "id": 37081677,
            "name": "수상한마법학교",
            "final_score": 0.004,
            "distance_from_center": 3.63
          }
        ]
      }
    }
  ]
}