{
  "user_id": "U0080",
  "start_date": "2025-01-17",
  "start_weekday": "금",
  "duration_days": 1,
  "budget": 700000,
  "num_clusters": 1,
  "clustering_method": "greedy_score_based_with_store_hours",
  "seed_strategy": "highest_score_only",
  "max_cluster_radius_km": 6,
  "min_places_per_category": 7,
  "places_per_category": 15,
  "Accommodation": null,
  "clusters": [
    {
      "cluster_id": 0,
      "date": "2025-01-17",
      "weekday": "금",
      "seed_category": "Restaurant",
      "seed_place": {
        "id": 1815335754,
        "name": "오봉이해물칼국수 강릉본점",
        "final_score": 0.5561
      },
      "center_lat": 37.801788,
      "center_lng": 128.910973,
      "categories": {
        "Cafe": [
          {
            "id": 1176434004,
            "name": "AURA Cafe&Lounge",
            "final_score": 0.3417,
            "distance_from_center": 0.38
          },
          {
            "id": 1083326838,
            "name": "씨엠디컴퍼니",
            "final_score": 0.318,
            "distance_from_center": 0.64
          },
          {
            "id": 189619233,
            "name": "강릉커피빵 본점",
            "final_score": 0.3161,
            "distance_from_center": 0.79
          },
          {
            "id": 1497289783,
            "name": "꾸옥 GGUOK",
            "final_score": 0.1885,
            "distance_from_center": 0.79
          },
          {
            "id": 1763738753,
            "name": "마더커피 강문점",
            "final_score": 0.3388,
            "distance_from_center": 0.88
          },
          {
            "id": 1212033877,
            "name": "강릉샌드 초당점",
            "final_score": 0.3003,
            "distance_from_center": 0.88
          },
          {
            "id": 1103533977,
            "name": "허스크밀",
            "final_score": 0.2319,
            "distance_from_center": 0.88
          },
          {
            "id": 1709924447,
            "name": "롱블랙",
            "final_score": 0.4438,
            "distance_from_center": 0.91
          },
          {
            "id": 1869523471,
            "name": "강릉 조개빵 강릉본점",
            "final_score": 0.3821,
            "distance_from_center": 0.92
          },
          {
            "id": 1591483811,
            "name": "카페밀",
            "final_score": 0.2871,
            "distance_from_center": 0.97
          },
          {
            "id": 1625751111,
            "name": "커피커퍼박물관",
            "final_score": 0.2169,
            "distance_from_center": 0.97
          },
          {
            "id": 1639218638,
            "name": "덴켄",
            "final_score": 0.307,
            "distance_from_center": 1.01
          },
          {
            "id": 2067971861,
            "name": "안초당",
            "final_score": 0.3537,
            "distance_from_center": 1.02
          },
          {
            "id": 1926085994,
            "name": "스타벅스 강릉강문해변점",
            "final_score": 0.3621,
            "distance_from_center": 1.03
          },
          {
            "id": 1899236965,
            "name": "삼송빵집 강릉경포점",
            "final_score": 0.1751,
            "distance_from_center": 1.04
          }
        ],
        "Restaurant": [
          {
            "id": 1815335754,
            "name": "오봉이해물칼국수 강릉본점",
            "final_score": 0.5561,
            "distance_from_center": 0.0
          },
          {
            "id": 1949567929,
            "name": "화니조개구이",
            "final_score": 0.5244,
            "distance_from_center": 0.0
          },
          {
            "id": 1635365791,
            "name": "팔도숯불조개구이",
            "final_score": 0.3033,
            "distance_from_center": 0.0
          },
          {
            "id": 2098103072,
            "name": "만야수산 경포대본점",
            "final_score": 0.3683,
            "distance_from_center": 0.06
          },
          {
            "id": 1717795976,
            "name": "강릉칼제비 강릉본점",
            "final_score": 0.397,
            "distance_from_center": 0.06
          },
          {
            "id": 2096131729,
            "name": "바담냉면 강릉본점",
            "final_score": 0.3676,
            "distance_from_center": 0.06
          },
          {
            "id": 15328404,
            "name": "빛고을식당",
            "final_score": 0.1585,
            "distance_from_center": 0.12
          },
          {
            "id": 1391626004,
            "name": "설렘덩크",
            "final_score": 0.2227,
            "distance_from_center": 0.39
          },
          {
            "id": 1491441649,
            "name": "BHC치킨 스카이베이경포호텔점",
            "final_score": 0.2964,
            "distance_from_center": 0.39
          },
          {
            "id": 1450217253,
            "name": "피비피샌드위치",
            "final_score": 0.3413,
            "distance_from_center": 0.39
          },
          {
            "id": 1489310166,
            "name": "짬뽕 순두부 초당애",
            "final_score": 0.3095,
            "distance_from_center": 0.56
          },
          {
            "id": 19338559,
            "name": "경포전주식당",
            "final_score": 0.2209,
            "distance_from_center": 0.6
          },
          {
            "id": 1605560000,
            "name": "맛가득",
            "final_score": 0.3902,
            "distance_from_center": 0.6
          },
          {
            "id": 15352518,
            "name": "경포삼성관",
            "final_score": 0.2001,
            "distance_from_center": 0.6
          },
          {
            "id": 1190165195,
            "name": "소담낙지 강릉경포",
            "final_score": 0.4088,
            "distance_from_center": 0.64
          }
        ],
        "Attraction": [
          {
            "id": 13300191,
            "name": "경포도립공원",
            "final_score": 0.2861,
            "distance_from_center": 0.13
          },
          {
            "id": 1940124735,
            "name": "강문솟대다리",
            "final_score": 0.3627,
            "distance_from_center": 0.39
          },
          {
            "id": 472414455,
            "name": "경포호수광장",
            "final_score": 0.2279,
            "distance_from_center": 0.46
          },
          {
            "id": 1063021154,
            "name": "경포플라워가든",
            "final_score": 0.2301,
            "distance_from_center": 0.47
          },
          {
            "id": 12079976,
            "name": "경포해수욕장",
            "final_score": 0.3023,
            "distance_from_center": 0.54
          },
          {
            "id": 31506191,
            "name": "초당순두부마을",
            "final_score": 0.3375,
            "distance_from_center": 0.9
          },
          {
            "id": 1542622512,
            "name": "원더스카이",
            "final_score": 0.0165,
            "distance_from_center": 0.95
          },
          {
            "id": 13491183,
            "name": "강문해변",
            "final_score": 0.196,
            "distance_from_center": 1.05
          },
          {
            "id": 20066218,
            "name": "허난설헌 생가터",
            "final_score": 0.2629,
            "distance_from_center": 1.1
          },
          {
            "id": 1130774967,
            "name": "허균·허난설헌 기념공원",
            "final_score": 0.3336,
            "distance_from_center": 1.12
          },
          {
            "id": 12409858,
            "name": "참소리에디슨손성목영화박물관",
            "final_score": 0.0715,
            "distance_from_center": 1.28
          },
          {
            "id": 37434460,
            "name": "경포 아쿠아리움",
            "final_score": 0.2221,
            "distance_from_center": 1.33
          },
          {
            "id": 1090555407,
            "name": "아르떼뮤지엄 강릉",
            "final_score": 0.2001,
            "distance_from_center": 1.33
          },
          {
            "id": 13491109,
            "name": "경포호",
            "final_score": 0.2414,
            "distance_from_center": 1.44
          },
          {
            "id": 1675156043,
            "name": "강릉 경포대",
            "final_score": 0.4115,
            "distance_from_center": 1.45
          }
        ]
      }
    }
  ]
}