{
  "user_id": "U0095",
  "start_date": "2025-02-12",
  "start_weekday": "수",
  "duration_days": 2,
  "budget": 200000,
  "num_clusters": 2,
  "clustering_method": "greedy_score_based_with_store_hours",
  "seed_strategy": "highest_score_only",
  "max_cluster_radius_km": 6,
  "min_places_per_category": 7,
  "places_per_category": 15,
  "Accommodation": 10060041,
  "clusters": [
    {
      "cluster_id": 0,
      "date": "2025-02-12",
      "weekday": "수",
      "seed_category": "Restaurant",
      "seed_place": {
        "id": 1547280580,
        "name": "삼겹식당 강릉송정점",
        "final_score": 0.451
      },
      "center_lat": 37.7746,
      "center_lng": 128.932636,
      "categories": {
        "Cafe": [
          {
            "id": 1289622019,
            "name": "카페캔슈",
            "final_score": 0.2948,
            "distance_from_center": 0.45
          },
          {
            "id": 1830452681,
            "name": "스타벅스 강릉송정DT점",
            "final_score": 0.1686,
            "distance_from_center": 0.9
          },
          {
            "id": 1425096858,
            "name": "강릉커피콩빵 강릉당 안목해변점",
            "final_score": 0.0247,
            "distance_from_center": 1.18
          },
          {
            "id": 15331732,
            "name": "커피씨엘",
            "final_score": 0.1068,
            "distance_from_center": 1.2
          },
          {
            "id": 1536161656,
            "name": "하슬라가배",
            "final_score": 0.1824,
            "distance_from_center": 1.23
          },
          {
            "id": 1009977259,
            "name": "강원옥찹쌀떡&치코스타코 안목점",
            "final_score": 0.1037,
            "distance_from_center": 1.24
          },
          {
            "id": 1019503112,
            "name": "강릉샌드 안목해변점",
            "final_score": 0.153,
            "distance_from_center": 1.24
          },
          {
            "id": 499938650,
            "name": "카페 뤼미에르",
            "final_score": 0.1198,
            "distance_from_center": 1.29
          },
          {
            "id": 11887822,
            "name": "커피커퍼 안목점",
            "final_score": 0.0937,
            "distance_from_center": 1.3
          },
          {
            "id": 1933690279,
            "name": "미르마르",
            "final_score": 0.1368,
            "distance_from_center": 1.31
          },
          {
            "id": 34203501,
            "name": "에이엠브레드앤커피",
            "final_score": 0.2292,
            "distance_from_center": 1.33
          },
          {
            "id": 2064259008,
            "name": "테라로사 강릉 신라모노그램점",
            "final_score": 0.1501,
            "distance_from_center": 1.39
          },
          {
            "id": 1557387521,
            "name": "할리스 강릉안목해변점",
            "final_score": 0.0985,
            "distance_from_center": 1.42
          },
          {
            "id": 66343890,
            "name": "강릉빵다방",
            "final_score": 0.1977,
            "distance_from_center": 1.42
          },
          {
            "id": 15692078,
            "name": "카페알베로",
            "final_score": 0.1123,
            "distance_from_center": 1.43
          }
        ],
        "Restaurant": [
          {
            "id": 1547280580,
            "name": "삼겹식당 강릉송정점",
            "final_score": 0.451,
            "distance_from_center": 0.0
          },
          {
            "id": 20364475,
            "name": "김윤미전복삼계탕 강릉본점",
            "final_score": 0.2246,
            "distance_from_center": 0.05
          },
          {
            "id": 15329662,
            "name": "밥먹는마을",
            "final_score": 0.2507,
            "distance_from_center": 0.22
          },
          {
            "id": 1953425523,
            "name": "태인네포차",
            "final_score": 0.3012,
            "distance_from_center": 0.25
          },
          {
            "id": 1143057643,
            "name": "고래밥한식뷔페",
            "final_score": 0.227,
            "distance_from_center": 0.28
          },
          {
            "id": 1337206643,
            "name": "강릉염전조개구이",
            "final_score": 0.2354,
            "distance_from_center": 0.41
          },
          {
            "id": 1524056023,
            "name": "여우애김밥 강릉송정점",
            "final_score": 0.2867,
            "distance_from_center": 0.45
          },
          {
            "id": 1167569582,
            "name": "송가촌",
            "final_score": 0.2897,
            "distance_from_center": 0.46
          },
          {
            "id": 1637551545,
            "name": "더프롤로그필드 강릉 대게 본점",
            "final_score": 0.2794,
            "distance_from_center": 0.54
          },
          {
            "id": 1770360235,
            "name": "찐전집",
            "final_score": 0.1986,
            "distance_from_center": 0.6
          },
          {
            "id": 1347619457,
            "name": "송정불향쭈꾸미",
            "final_score": 0.3011,
            "distance_from_center": 0.67
          },
          {
            "id": 1216081294,
            "name": "광덕식당",
            "final_score": 0.4254,
            "distance_from_center": 0.9
          },
          {
            "id": 1953548649,
            "name": "샤브올데이 강릉송정점",
            "final_score": 0.2694,
            "distance_from_center": 0.93
          },
          {
            "id": 1582249955,
            "name": "브라보칼국수 강릉본점",
            "final_score": 0.1702,
            "distance_from_center": 1.03
          },
          {
            "id": 1929924200,
            "name": "강릉역옹막 안목점",
            "final_score": 0.2158,
            "distance_from_center": 1.05
          }
        ],
        "Attraction": [
          {
            "id": 20065935,
            "name": "송정해변",
            "final_score": 0.0023,
            "distance_from_center": 0.73
          },
          {
            "id": 32268465,
            "name": "환희컵박물관",
            "final_score": 0.0347,
            "distance_from_center": 0.92
          },
          {
            "id": 939463951,
            "name": "강릉 안목해맞이공원",
            "final_score": 0.0661,
            "distance_from_center": 1.1
          },
          {
            "id": 13491906,
            "name": "안목해변",
            "final_score": 0.1228,
            "distance_from_center": 1.31
          },
          {
            "id": 20947876,
            "name": "강릉커피거리",
            "final_score": 0.0394,
            "distance_from_center": 1.31
          },
          {
            "id": 1243747688,
            "name": "병산 옹심이마을",
            "final_score": 0.1674,
            "distance_from_center": 1.48
          },
          {
            "id": 15692195,
            "name": "강릉항",
            "final_score": 0.0015,
            "distance_from_center": 1.72
          },
          {
            "id": 1112785467,
            "name": "런닝맨 강릉점",
            "final_score": 0.0132,
            "distance_from_center": 2.08
          },
          {
            "id": 13491444,
            "name": "남항진해변",
            "final_score": 0.0011,
            "distance_from_center": 2.24
          },
          {
            "id": 13491183,
            "name": "강문해변",
            "final_score": 0.0133,
            "distance_from_center": 2.55
          },
          {
            "id": 1542622512,
            "name": "원더스카이",
            "final_score": 0.0033,
            "distance_from_center": 2.63
          },
          {
            "id": 31506191,
            "name": "초당순두부마을",
            "final_score": 0.304,
            "distance_from_center": 2.68
          },
          {
            "id": 1881857549,
            "name": "강릉 메타버스 체험관",
            "final_score": 0.0004,
            "distance_from_center": 2.73
          },
          {
            "id": 37434460,
            "name": "경포 아쿠아리움",
            "final_score": 0.0157,
            "distance_from_center": 2.77
          },
          {
            "id": 1090555407,
            "name": "아르떼뮤지엄 강릉",
            "final_score": 0.035,
            "distance_from_center": 2.77
          }
        ]
      }
    },
    {
      "cluster_id": 1,
      "date": "2025-02-13",
      "weekday": "목",
      "seed_category": "Restaurant",
      "seed_place": {
        "id": 1368387404,
        "name": "시나미왕갈비탕",
        "final_score": 0.4489
      },
      "center_lat": 37.751026,
      "center_lng": 128.89641,
      "categories": {
        "Cafe": [
          {
            "id": 38345396,
            "name": "지베이스",
            "final_score": 0.189,
            "distance_from_center": 0.2
          },
          {
            "id": 35256483,
            "name": "설빙 강릉대학로점",
            "final_score": 0.2778,
            "distance_from_center": 0.26
          },
          {
            "id": 2094977764,
            "name": "장인더 강릉",
            "final_score": 0.1569,
            "distance_from_center": 0.27
          },
          {
            "id": 30959782,
            "name": "투썸플레이스 강릉중앙점",
            "final_score": 0.1241,
            "distance_from_center": 0.27
          },
          {
            "id": 1325516945,
            "name": "카페 오뉴월",
            "final_score": 0.1724,
            "distance_from_center": 0.28
          },
          {
            "id": 1086491623,
            "name": "파충류카페 강릉점",
            "final_score": 0.2352,
            "distance_from_center": 0.28
          },
          {
            "id": 1426647455,
            "name": "파인파인 강릉점",
            "final_score": 0.2258,
            "distance_from_center": 0.29
          },
          {
            "id": 2031533892,
            "name": "글루크",
            "final_score": 0.1982,
            "distance_from_center": 0.29
          },
          {
            "id": 1758181058,
            "name": "김성수제빵소 강릉점",
            "final_score": 0.249,
            "distance_from_center": 0.31
          },
          {
            "id": 1683765421,
            "name": "타임슬립",
            "final_score": 0.1723,
            "distance_from_center": 0.31
          },
          {
            "id": 13320528,
            "name": "명주배롱",
            "final_score": 0.0749,
            "distance_from_center": 0.31
          },
          {
            "id": 1669842519,
            "name": "오버웨잇 강릉본점",
            "final_score": 0.1846,
            "distance_from_center": 0.33
          },
          {
            "id": 1921017062,
            "name": "카페시로울",
            "final_score": 0.1872,
            "distance_from_center": 0.35
          },
          {
            "id": 2013389102,
            "name": "크레마코스타 중앙시장점",
            "final_score": 0.231,
            "distance_from_center": 0.38
          },
          {
            "id": 1318617687,
            "name": "강릉이래요",
            "final_score": 0.2249,
            "distance_from_center": 0.38
          }
        ],
        "Restaurant": [
          {
            "id": 1368387404,
            "name": "시나미왕갈비탕",
            "final_score": 0.4489,
            "distance_from_center": 0.0
          },
          {
            "id": 1961675235,
            "name": "곱창미지수",
            "final_score": 0.364,
            "distance_from_center": 0.0
          },
          {
            "id": 32443745,
            "name": "불향쭈꾸미볶음",
            "final_score": 0.2625,
            "distance_from_center": 0.05
          },
          {
            "id": 1560658401,
            "name": "솔옥",
            "final_score": 0.3328,
            "distance_from_center": 0.08
          },
          {
            "id": 1085464055,
            "name": "강릉길감자",
            "final_score": 0.2773,
            "distance_from_center": 0.08
          },
          {
            "id": 1603154990,
            "name": "성남대운식당",
            "final_score": 0.1094,
            "distance_from_center": 0.09
          },
          {
            "id": 12052285,
            "name": "부부보쌈",
            "final_score": 0.3075,
            "distance_from_center": 0.09
          },
          {
            "id": 1495644418,
            "name": "다이닝원 강릉점",
            "final_score": 0.2401,
            "distance_from_center": 0.11
          },
          {
            "id": 1405926737,
            "name": "강릉모카번",
            "final_score": 0.2686,
            "distance_from_center": 0.15
          },
          {
            "id": 15299161,
            "name": "삼삼해물찜",
            "final_score": 0.3098,
            "distance_from_center": 0.17
          },
          {
            "id": 20264800,
            "name": "곽가네시오야끼",
            "final_score": 0.3552,
            "distance_from_center": 0.21
          },
          {
            "id": 15294097,
            "name": "춘천마신는닭갈비",
            "final_score": 0.1303,
            "distance_from_center": 0.22
          },
          {
            "id": 20601583,
            "name": "여고시절 카레떡볶이",
            "final_score": 0.2772,
            "distance_from_center": 0.23
          },
          {
            "id": 15299914,
            "name": "감자바우 장칼국수",
            "final_score": 0.2924,
            "distance_from_center": 0.23
          },
          {
            "id": 32037906,
            "name": "정윤이네먹거리",
            "final_score": 0.258,
            "distance_from_center": 0.25
          }
        ],
        "Attraction": [
          {
            "id": 1249952785,
            "name": "강릉 명주동 거리",
            "final_score": 0.2224,
            "distance_from_center": 0.32
          },
          {
            "id": 12955259,
            "name": "단오타운전시관",
            "final_score": 0.1105,
            "distance_from_center": 0.33
          },
          {
            "id": 13345873,
            "name": "강릉 중앙시장",
            "final_score": 0.1954,
            "distance_from_center": 0.38
          },
          {
            "id": 15693581,
            "name": "강릉 남산공원",
            "final_score": 0.0009,
            "distance_from_center": 0.42
          },
          {
            "id": 15685783,
            "name": "강릉 대도호부 관아",
            "final_score": 0.0648,
            "distance_from_center": 0.45
          },
          {
            "id": 749351147,
            "name": "강릉 임영관 삼문",
            "final_score": 0.0465,
            "distance_from_center": 0.47
          },
          {
            "id": 38623679,
            "name": "명주예술마당",
            "final_score": 0.011,
            "distance_from_center": 0.54
          },
          {
            "id": 1287320440,
            "name": "강릉 월화거리",
            "final_score": 0.0634,
            "distance_from_center": 0.55
          },
          {
            "id": 11592129,
            "name": "강릉교육문화관",
            "final_score": 0.0951,
            "distance_from_center": 0.63
          },
          {
            "id": 13345877,
            "name": "강릉 서부시장",
            "final_score": 0.0873,
            "distance_from_center": 0.67
          },
          {
            "id": 35188457,
            "name": "애니멀스토리",
            "final_score": 0.0814,
            "distance_from_center": 0.79
          },
          {
            "id": 1357865119,
            "name": "고래책방",
            "final_score": 0.1377,
            "distance_from_center": 0.81
          },
          {
            "id": 13345874,
            "name": "강릉 동부시장",
            "final_score": 0.0,
            "distance_from_center": 1.05
          },
          {
            "id": 37090227,
            "name": "버드나무 브루어리",
            "final_score": 0.1648,
            "distance_from_center": 1.09
          },
          {
            "id": 12762639,
            "name": "강릉시립미술관 교동",
            "final_score": 0.0831,
            "distance_from_center": 1.17
          }
        ]
      }
    }
  ]
}