{
  "user_id": "U0112",
  "start_date": "2025-04-21",
  "start_weekday": "월",
  "duration_days": 3,
  "budget": 1100000,
  "num_clusters": 3,
  "clustering_method": "greedy_score_based_with_store_hours",
  "seed_strategy": "highest_score_only",
  "max_cluster_radius_km": 6,
  "min_places_per_category": 7,
  "places_per_category": 15,
  "Accommodation": 10058151,
  "clusters": [
    {
      "cluster_id": 0,
      "date": "2025-04-21",
      "weekday": "월",
      "seed_category": "Cafe",
      "seed_place": {
        "id": 1933690279,
        "name": "미르마르",
        "final_score": 0.576
      },
      "center_lat": 37.772494,
      "center_lng": 128.947258,
      "categories": {
        "Cafe": [
          {
            "id": 1933690279,
            "name": "미르마르",
            "final_score": 0.576,
            "distance_from_center": 0.0
          },
          {
            "id": 11887822,
            "name": "커피커퍼 안목점",
            "final_score": 0.498,
            "distance_from_center": 0.02
          },
          {
            "id": 499938650,
            "name": "카페 뤼미에르",
            "final_score": 0.4754,
            "distance_from_center": 0.03
          },
          {
            "id": 34203501,
            "name": "에이엠브레드앤커피",
            "final_score": 0.4502,
            "distance_from_center": 0.03
          },
          {
            "id": 1019503112,
            "name": "강릉샌드 안목해변점",
            "final_score": 0.5033,
            "distance_from_center": 0.08
          },
          {
            "id": 1009977259,
            "name": "강원옥찹쌀떡&치코스타코 안목점",
            "final_score": 0.3798,
            "distance_from_center": 0.08
          },
          {
            "id": 1536161656,
            "name": "하슬라가배",
            "final_score": 0.4881,
            "distance_from_center": 0.09
          },
          {
            "id": 15331732,
            "name": "커피씨엘",
            "final_score": 0.4249,
            "distance_from_center": 0.13
          },
          {
            "id": 1557387521,
            "name": "할리스 강릉안목해변점",
            "final_score": 0.367,
            "distance_from_center": 0.13
          },
          {
            "id": 1425096858,
            "name": "강릉커피콩빵 강릉당 안목해변점",
            "final_score": 0.3665,
            "distance_from_center": 0.14
          },
          {
            "id": 15692078,
            "name": "카페알베로",
            "final_score": 0.3085,
            "distance_from_center": 0.15
          },
          {
            "id": 1267158607,
            "name": "성수미술관 강릉안목점",
            "final_score": 0.3561,
            "distance_from_center": 0.17
          },
          {
            "id": 33021650,
            "name": "스타벅스 강릉안목해변점",
            "final_score": 0.4634,
            "distance_from_center": 0.18
          },
          {
            "id": 36399670,
            "name": "키크러스 강릉점",
            "final_score": 0.549,
            "distance_from_center": 0.25
          },
          {
            "id": 38520417,
            "name": "커피 아메리카 강릉점",
            "final_score": 0.3876,
            "distance_from_center": 0.25
          }
        ],
        "Restaurant": [
          {
            "id": 38268032,
            "name": "버거웍스",
            "final_score": 0.2968,
            "distance_from_center": 0.09
          },
          {
            "id": 1084805019,
            "name": "미역국 전문점 안목애",
            "final_score": 0.2395,
            "distance_from_center": 0.12
          },
          {
            "id": 12912326,
            "name": "형제매운양푼갈비",
            "final_score": 0.2176,
            "distance_from_center": 0.17
          },
          {
            "id": 1182217392,
            "name": "페리페리버거 강릉안목해변점",
            "final_score": 0.1969,
            "distance_from_center": 0.17
          },
          {
            "id": 1929924200,
            "name": "강릉역옹막 안목점",
            "final_score": 0.288,
            "distance_from_center": 0.26
          },
          {
            "id": 1165823672,
            "name": "안목해변 술집 문문",
            "final_score": 0.2992,
            "distance_from_center": 0.32
          },
          {
            "id": 1582249955,
            "name": "브라보칼국수 강릉본점",
            "final_score": 0.3861,
            "distance_from_center": 0.32
          },
          {
            "id": 1991602969,
            "name": "솔향",
            "final_score": 0.4078,
            "distance_from_center": 0.41
          },
          {
            "id": 1613946855,
            "name": "명문",
            "final_score": 0.4103,
            "distance_from_center": 0.41
          },
          {
            "id": 1770360235,
            "name": "찐전집",
            "final_score": 0.3464,
            "distance_from_center": 0.71
          },
          {
            "id": 15349681,
            "name": "남항진어촌식당",
            "final_score": 0.3383,
            "distance_from_center": 0.71
          },
          {
            "id": 1690518281,
            "name": "평진냉면",
            "final_score": 0.3389,
            "distance_from_center": 0.86
          },
          {
            "id": 1167569582,
            "name": "송가촌",
            "final_score": 0.2734,
            "distance_from_center": 0.89
          },
          {
            "id": 1524056023,
            "name": "여우애김밥 강릉송정점",
            "final_score": 0.1878,
            "distance_from_center": 0.9
          },
          {
            "id": 1347619457,
            "name": "송정불향쭈꾸미",
            "final_score": 0.4107,
            "distance_from_center": 0.93
          }
        ],
        "Attraction": [
          {
            "id": 20947876,
            "name": "강릉커피거리",
            "final_score": 0.4728,
            "distance_from_center": 0.02
          },
          {
            "id": 13491906,
            "name": "안목해변",
            "final_score": 0.44,
            "distance_from_center": 0.02
          },
          {
            "id": 939463951,
            "name": "강릉 안목해맞이공원",
            "final_score": 0.4537,
            "distance_from_center": 0.28
          },
          {
            "id": 15692195,
            "name": "강릉항",
            "final_score": 0.3167,
            "distance_from_center": 0.41
          },
          {
            "id": 32268465,
            "name": "환희컵박물관",
            "final_score": 0.2385,
            "distance_from_center": 0.43
          },
          {
            "id": 13491444,
            "name": "남항진해변",
            "final_score": 0.3093,
            "distance_from_center": 1.13
          },
          {
            "id": 1243747688,
            "name": "병산 옹심이마을",
            "final_score": 0.1027,
            "distance_from_center": 1.18
          },
          {
            "id": 20065935,
            "name": "송정해변",
            "final_score": 0.2855,
            "distance_from_center": 1.23
          },
          {
            "id": 1112785467,
            "name": "런닝맨 강릉점",
            "final_score": 0.2312,
            "distance_from_center": 3.07
          },
          {
            "id": 13491183,
            "name": "강문해변",
            "final_score": 0.4381,
            "distance_from_center": 3.51
          },
          {
            "id": 1542622512,
            "name": "원더스카이",
            "final_score": 0.0722,
            "distance_from_center": 3.68
          },
          {
            "id": 31506191,
            "name": "초당순두부마을",
            "final_score": 0.2353,
            "distance_from_center": 3.71
          },
          {
            "id": 13126966,
            "name": "풍호마을",
            "final_score": 0.3032,
            "distance_from_center": 3.82
          },
          {
            "id": 1130774967,
            "name": "허균·허난설헌 기념공원",
            "final_score": 0.3966,
            "distance_from_center": 3.93
          },
          {
            "id": 20066218,
            "name": "허난설헌 생가터",
            "final_score": 0.2996,
            "distance_from_center": 3.95
          }
        ]
      }
    },
    {
      "cluster_id": 1,
      "date": "2025-04-22",
      "weekday": "화",
      "seed_category": "Cafe",
      "seed_place": {
        "id": 1900553385,
        "name": "바우카페",
        "final_score": 0.5707
      },
      "center_lat": 37.868183,
      "center_lng": 128.846522,
      "categories": {
        "Cafe": [
          {
            "id": 1900553385,
            "name": "바우카페",
            "final_score": 0.5707,
            "distance_from_center": 0.0
          },
          {
            "id": 15373350,
            "name": "브라질",
            "final_score": 0.5505,
            "distance_from_center": 0.02
          },
          {
            "id": 1839133695,
            "name": "빵을쇼핑하다빵명가치아바타CIABATTA",
            "final_score": 0.4151,
            "distance_from_center": 0.17
          },
          {
            "id": 1009179914,
            "name": "갈매기다방",
            "final_score": 0.4642,
            "distance_from_center": 0.39
          },
          {
            "id": 1876301121,
            "name": "포르토포레스트하우스",
            "final_score": 0.4184,
            "distance_from_center": 0.53
          },
          {
            "id": 11682971,
            "name": "보헤미안박이추커피본점",
            "final_score": 0.3525,
            "distance_from_center": 0.53
          },
          {
            "id": 1249217189,
            "name": "오드커피",
            "final_score": 0.3972,
            "distance_from_center": 1.6
          },
          {
            "id": 1147229173,
            "name": "도깨비젤라또",
            "final_score": 0.3248,
            "distance_from_center": 1.68
          },
          {
            "id": 1169844332,
            "name": "스타벅스 강릉주문진점",
            "final_score": 0.495,
            "distance_from_center": 1.96
          },
          {
            "id": 1777557364,
            "name": "크림하우스",
            "final_score": 0.4841,
            "distance_from_center": 2.34
          },
          {
            "id": 1543529590,
            "name": "카페제니엘 주문진점",
            "final_score": 0.3472,
            "distance_from_center": 3.11
          },
          {
            "id": 1543529590,
            "name": "카페제니엘 주문진점",
            "final_score": 0.3472,
            "distance_from_center": 3.11
          },
          {
            "id": 1266299794,
            "name": "해옫 강릉",
            "final_score": 0.4041,
            "distance_from_center": 3.23
          },
          {
            "id": 2017141901,
            "name": "에브리데이크",
            "final_score": 0.3907,
            "distance_from_center": 3.32
          },
          {
            "id": 1396977535,
            "name": "소돌엔 등대점",
            "final_score": 0.4759,
            "distance_from_center": 3.52
          }
        ],
        "Restaurant": [
          {
            "id": 15705872,
            "name": "홍질목",
            "final_score": 0.2732,
            "distance_from_center": 0.55
          },
          {
            "id": 1140539859,
            "name": "Miss한우",
            "final_score": 0.3103,
            "distance_from_center": 0.71
          },
          {
            "id": 1229266906,
            "name": "달구지막창 주문진점",
            "final_score": 0.1426,
            "distance_from_center": 0.72
          },
          {
            "id": 1043586683,
            "name": "내촌옥",
            "final_score": 0.3812,
            "distance_from_center": 0.72
          },
          {
            "id": 1843519259,
            "name": "영진보리밥쌈밥",
            "final_score": 0.298,
            "distance_from_center": 0.72
          },
          {
            "id": 15372694,
            "name": "부영식당",
            "final_score": 0.2543,
            "distance_from_center": 1.15
          },
          {
            "id": 1497296016,
            "name": "북강릉진국설렁탕",
            "final_score": 0.389,
            "distance_from_center": 1.27
          },
          {
            "id": 15372688,
            "name": "연곡이모네",
            "final_score": 0.3974,
            "distance_from_center": 1.28
          },
          {
            "id": 1316825170,
            "name": "믿음식당",
            "final_score": 0.2433,
            "distance_from_center": 1.3
          },
          {
            "id": 15373710,
            "name": "연곡면옥",
            "final_score": 0.118,
            "distance_from_center": 1.41
          },
          {
            "id": 15360393,
            "name": "현자네해물촌",
            "final_score": 0.3604,
            "distance_from_center": 1.45
          },
          {
            "id": 1691801657,
            "name": "참고맙소",
            "final_score": 0.1409,
            "distance_from_center": 1.46
          },
          {
            "id": 15372699,
            "name": "금강식당",
            "final_score": 0.2822,
            "distance_from_center": 1.51
          },
          {
            "id": 15372721,
            "name": "본가동해막국수",
            "final_score": 0.2925,
            "distance_from_center": 1.63
          },
          {
            "id": 318625076,
            "name": "주문진 상희네횟집 홍게무한리필",
            "final_score": 0.3868,
            "distance_from_center": 1.64
          }
        ],
        "Attraction": [
          {
            "id": 13491150,
            "name": "영진해변",
            "final_score": 0.3936,
            "distance_from_center": 0.1
          },
          {
            "id": 20054445,
            "name": "영진항",
            "final_score": 0.4031,
            "distance_from_center": 0.14
          },
          {
            "id": 13444336,
            "name": "연곡해변",
            "final_score": 0.3942,
            "distance_from_center": 1.04
          },
          {
            "id": 13490946,
            "name": "주문진항",
            "final_score": 0.5158,
            "distance_from_center": 2.61
          },
          {
            "id": 1848252796,
            "name": "강릉아기동물농장",
            "final_score": 0.2431,
            "distance_from_center": 2.75
          },
          {
            "id": 1600054868,
            "name": "해피아워크루즈",
            "final_score": 0.2452,
            "distance_from_center": 2.85
          },
          {
            "id": 34818378,
            "name": "주문진해양박물관",
            "final_score": 0.1752,
            "distance_from_center": 3.0
          },
          {
            "id": 1261782152,
            "name": "호린파크(경포대허브농장)",
            "final_score": 0.3108,
            "distance_from_center": 3.12
          },
          {
            "id": 20059236,
            "name": "주문리마을",
            "final_score": 0.1323,
            "distance_from_center": 3.23
          },
          {
            "id": 1800696554,
            "name": "하평해변(강릉)",
            "final_score": 0.3767,
            "distance_from_center": 3.36
          },
          {
            "id": 20054507,
            "name": "주문진 등대",
            "final_score": 0.3301,
            "distance_from_center": 3.46
          },
          {
            "id": 1117620826,
            "name": "뒷뜨루관광농원",
            "final_score": 0.3589,
            "distance_from_center": 3.74
          },
          {
            "id": 15704900,
            "name": "사천진해변(사천뒷불해수욕장)",
            "final_score": 0.2326,
            "distance_from_center": 3.92
          },
          {
            "id": 19501415,
            "name": "소돌아들바위공원",
            "final_score": 0.4324,
            "distance_from_center": 4.46
          },
          {
            "id": 13491657,
            "name": "소돌해수욕장",
            "final_score": 0.4693,
            "distance_from_center": 4.56
          }
        ]
      }
    },
    {
      "cluster_id": 2,
      "date": "2025-04-23",
      "weekday": "수",
      "seed_category": "Cafe",
      "seed_place": {
        "id": 1174295057,
        "name": "깔라마리",
        "final_score": 0.556
      },
      "center_lat": 37.82368,
      "center_lng": 128.88388,
      "categories": {
        "Cafe": [
          {
            "id": 1174295057,
            "name": "깔라마리",
            "final_score": 0.556,
            "distance_from_center": 0.0
          },
          {
            "id": 1854962812,
            "name": "테라로사 사천해변점",
            "final_score": 0.44,
            "distance_from_center": 0.17
          },
          {
            "id": 1288938606,
            "name": "오늘에",
            "final_score": 0.3363,
            "distance_from_center": 0.57
          },
          {
            "id": 1246262619,
            "name": "우가",
            "final_score": 0.4452,
            "distance_from_center": 1.37
          },
          {
            "id": 2069032826,
            "name": "원강희과자점",
            "final_score": 0.3447,
            "distance_from_center": 1.74
          },
          {
            "id": 1986607278,
            "name": "백야커피",
            "final_score": 0.3935,
            "distance_from_center": 1.9
          },
          {
            "id": 13535267,
            "name": "쉘리스",
            "final_score": 0.4331,
            "distance_from_center": 1.94
          },
          {
            "id": 1745145004,
            "name": "바우카페 본점",
            "final_score": 0.4638,
            "distance_from_center": 2.05
          },
          {
            "id": 1899236965,
            "name": "삼송빵집 강릉경포점",
            "final_score": 0.2555,
            "distance_from_center": 2.38
          },
          {
            "id": 1779443730,
            "name": "곳",
            "final_score": 0.5136,
            "distance_from_center": 2.41
          },
          {
            "id": 2058022471,
            "name": "온유",
            "final_score": 0.503,
            "distance_from_center": 2.57
          },
          {
            "id": 1083326838,
            "name": "씨엠디컴퍼니",
            "final_score": 0.3125,
            "distance_from_center": 2.83
          },
          {
            "id": 1439249340,
            "name": "서지초가뜰",
            "final_score": 0.4815,
            "distance_from_center": 3.63
          },
          {
            "id": 1176434004,
            "name": "AURA Cafe&Lounge",
            "final_score": 0.4937,
            "distance_from_center": 3.78
          },
          {
            "id": 1497289783,
            "name": "꾸옥 GGUOK",
            "final_score": 0.3066,
            "distance_from_center": 4.19
          }
        ],
        "Restaurant": [
          {
            "id": 35743969,
            "name": "솔밭추어탕",
            "final_score": 0.3812,
            "distance_from_center": 0.92
          },
          {
            "id": 945583235,
            "name": "산호막국수",
            "final_score": 0.3958,
            "distance_from_center": 1.15
          },
          {
            "id": 1015624214,
            "name": "사천샘골식당",
            "final_score": 0.3792,
            "distance_from_center": 1.61
          },
          {
            "id": 1036955196,
            "name": "제주해인물회",
            "final_score": 0.2743,
            "distance_from_center": 1.68
          },
          {
            "id": 19891301,
            "name": "장안횟집",
            "final_score": 0.306,
            "distance_from_center": 1.72
          },
          {
            "id": 15371788,
            "name": "전주식당",
            "final_score": 0.2139,
            "distance_from_center": 1.74
          },
          {
            "id": 2041829875,
            "name": "유천가든 강릉직영점",
            "final_score": 0.2859,
            "distance_from_center": 1.76
          },
          {
            "id": 1468367465,
            "name": "채선당 강릉사천항점",
            "final_score": 0.2197,
            "distance_from_center": 1.94
          },
          {
            "id": 1760318925,
            "name": "대관령주막",
            "final_score": 0.3,
            "distance_from_center": 2.06
          },
          {
            "id": 1951006286,
            "name": "흑진주",
            "final_score": 0.2606,
            "distance_from_center": 2.54
          },
          {
            "id": 15372120,
            "name": "금학분식",
            "final_score": 0.3718,
            "distance_from_center": 2.56
          },
          {
            "id": 15372123,
            "name": "사천소머리국밥",
            "final_score": 0.2209,
            "distance_from_center": 2.56
          },
          {
            "id": 15372194,
            "name": "사천면옥",
            "final_score": 0.2653,
            "distance_from_center": 2.68
          },
          {
            "id": 1671142700,
            "name": "시골순두부밥상",
            "final_score": 0.2349,
            "distance_from_center": 2.72
          },
          {
            "id": 1161455816,
            "name": "최일순 짬뽕순두부",
            "final_score": 0.3308,
            "distance_from_center": 2.72
          }
        ],
        "Attraction": [
          {
            "id": 1884028346,
            "name": "순포습지",
            "final_score": 0.3659,
            "distance_from_center": 0.57
          },
          {
            "id": 20103328,
            "name": "순포해변",
            "final_score": 0.3784,
            "distance_from_center": 0.74
          },
          {
            "id": 13491268,
            "name": "사천해변",
            "final_score": 0.5153,
            "distance_from_center": 0.82
          },
          {
            "id": 13491745,
            "name": "순긋해변",
            "final_score": 0.4024,
            "distance_from_center": 1.11
          },
          {
            "id": 1338629806,
            "name": "사근진해중공원 전망대",
            "final_score": 0.3883,
            "distance_from_center": 1.79
          },
          {
            "id": 15371716,
            "name": "사근진해변",
            "final_score": 0.3869,
            "distance_from_center": 1.79
          },
          {
            "id": 1338629806,
            "name": "사근진해중공원 전망대",
            "final_score": 0.3883,
            "distance_from_center": 1.79
          },
          {
            "id": 2145408639,
            "name": "강릉 방동리 무궁화",
            "final_score": 0.4681,
            "distance_from_center": 1.8
          },
          {
            "id": 12079976,
            "name": "경포해수욕장",
            "final_score": 0.4107,
            "distance_from_center": 2.87
          },
          {
            "id": 12409858,
            "name": "참소리에디슨손성목영화박물관",
            "final_score": 0.1268,
            "distance_from_center": 3.11
          },
          {
            "id": 13300191,
            "name": "경포도립공원",
            "final_score": 0.352,
            "distance_from_center": 3.28
          },
          {
            "id": 13491109,
            "name": "경포호",
            "final_score": 0.3322,
            "distance_from_center": 3.31
          },
          {
            "id": 1675156043,
            "name": "강릉 경포대",
            "final_score": 0.4503,
            "distance_from_center": 3.32
          },
          {
            "id": 15704484,
            "name": "갈골한과체험전시관",
            "final_score": 0.1657,
            "distance_from_center": 3.56
          },
          {
            "id": 1063021154,
            "name": "경포플라워가든",
            "final_score": 0.2614,
            "distance_from_center": 3.59
          }
        ]
      }
    }
  ]
}