{
  "user_id": "U0114",
  "start_date": "2025-10-06",
  "start_weekday": "월",
  "duration_days": 2,
  "budget": 800000,
  "num_clusters": 2,
  "clustering_method": "greedy_score_based_with_store_hours",
  "seed_strategy": "highest_score_only",
  "max_cluster_radius_km": 6,
  "min_places_per_category": 7,
  "places_per_category": 15,
  "Accommodation": 1000108328,
  "clusters": [
    {
      "cluster_id": 0,
      "date": "2025-10-06",
      "weekday": "월",
      "seed_category": "Restaurant",
      "seed_place": {
        "id": 1528730078,
        "name": "청화대뚝배기동태탕",
        "final_score": 0.5156
      },
      "center_lat": 37.772123,
      "center_lng": 128.911856,
      "categories": {
        "Cafe": [
          {
            "id": 1737820343,
            "name": "고메코나베이커리",
            "final_score": 0.1419,
            "distance_from_center": 0.25
          },
          {
            "id": 1588834856,
            "name": "르블레도르",
            "final_score": 0.2064,
            "distance_from_center": 0.31
          },
          {
            "id": 15318913,
            "name": "돔베이커리",
            "final_score": 0.245,
            "distance_from_center": 0.31
          },
          {
            "id": 1033478410,
            "name": "그다이마잇",
            "final_score": 0.3038,
            "distance_from_center": 0.36
          },
          {
            "id": 1391511090,
            "name": "삼척오란다 강릉점",
            "final_score": 0.2997,
            "distance_from_center": 0.55
          },
          {
            "id": 1891894301,
            "name": "플레이스 플러스",
            "final_score": 0.2075,
            "distance_from_center": 0.6
          },
          {
            "id": 66343890,
            "name": "강릉빵다방",
            "final_score": 0.1882,
            "distance_from_center": 0.65
          },
          {
            "id": 1838131828,
            "name": "강릉카페 체크이스트",
            "final_score": 0.1964,
            "distance_from_center": 0.67
          },
          {
            "id": 1612034459,
            "name": "어머야라",
            "final_score": 0.2809,
            "distance_from_center": 0.93
          },
          {
            "id": 1756159133,
            "name": "카페디드",
            "final_score": 0.2355,
            "distance_from_center": 0.95
          },
          {
            "id": 1830452681,
            "name": "스타벅스 강릉송정DT점",
            "final_score": 0.1089,
            "distance_from_center": 0.98
          },
          {
            "id": 1457952472,
            "name": "월선화",
            "final_score": 0.3955,
            "distance_from_center": 1.35
          },
          {
            "id": 1763916720,
            "name": "강릉커피콩빵 강릉당 강릉역점",
            "final_score": 0.1657,
            "distance_from_center": 1.37
          },
          {
            "id": 1824086717,
            "name": "디오슬로",
            "final_score": 0.2863,
            "distance_from_center": 1.38
          },
          {
            "id": 1656009767,
            "name": "메가MGC커피 강릉역점",
            "final_score": 0.2661,
            "distance_from_center": 1.39
          }
        ],
        "Restaurant": [
          {
            "id": 1528730078,
            "name": "청화대뚝배기동태탕",
            "final_score": 0.5156,
            "distance_from_center": 0.0
          },
          {
            "id": 1096114647,
            "name": "24시전주콩향기콩나물국밥",
            "final_score": 0.1608,
            "distance_from_center": 0.0
          },
          {
            "id": 36660889,
            "name": "강릉본가뒷고기",
            "final_score": 0.3247,
            "distance_from_center": 0.1
          },
          {
            "id": 37360894,
            "name": "강릉 본가족발",
            "final_score": 0.2596,
            "distance_from_center": 0.13
          },
          {
            "id": 15315308,
            "name": "금천칼국수",
            "final_score": 0.3688,
            "distance_from_center": 0.14
          },
          {
            "id": 1792962301,
            "name": "하슬라오정포차",
            "final_score": 0.2907,
            "distance_from_center": 0.14
          },
          {
            "id": 1993722803,
            "name": "강릉시니어클럽 한송정밥상",
            "final_score": 0.201,
            "distance_from_center": 0.15
          },
          {
            "id": 1971811879,
            "name": "찌개세끼",
            "final_score": 0.3544,
            "distance_from_center": 0.17
          },
          {
            "id": 1240841981,
            "name": "보래미즉석추어탕",
            "final_score": 0.3262,
            "distance_from_center": 0.2
          },
          {
            "id": 1839279712,
            "name": "강릉꽈배기&핫도그",
            "final_score": 0.0,
            "distance_from_center": 0.21
          },
          {
            "id": 2006495897,
            "name": "한식명가네",
            "final_score": 0.3325,
            "distance_from_center": 0.22
          },
          {
            "id": 1229297638,
            "name": "배불뚝이",
            "final_score": 0.357,
            "distance_from_center": 0.22
          },
          {
            "id": 1698491446,
            "name": "육장원",
            "final_score": 0.3733,
            "distance_from_center": 0.22
          },
          {
            "id": 37486590,
            "name": "몽실이",
            "final_score": 0.3535,
            "distance_from_center": 0.23
          },
          {
            "id": 449523007,
            "name": "송강식당",
            "final_score": 0.3075,
            "distance_from_center": 0.25
          }
        ],
        "Attraction": [
          {
            "id": 1550291849,
            "name": "강릉아트센터",
            "final_score": 0.162,
            "distance_from_center": 1.44
          },
          {
            "id": 1211834959,
            "name": "강릉올림픽뮤지엄",
            "final_score": 0.0226,
            "distance_from_center": 1.52
          },
          {
            "id": 32777223,
            "name": "자연아놀자 체험학습박물관",
            "final_score": 0.0049,
            "distance_from_center": 1.63
          },
          {
            "id": 13345874,
            "name": "강릉 동부시장",
            "final_score": 0.0,
            "distance_from_center": 1.69
          },
          {
            "id": 11663849,
            "name": "강릉향교",
            "final_score": 0.0832,
            "distance_from_center": 1.74
          },
          {
            "id": 1881857549,
            "name": "강릉 메타버스 체험관",
            "final_score": 0.0004,
            "distance_from_center": 1.82
          },
          {
            "id": 1357865119,
            "name": "고래책방",
            "final_score": 0.1546,
            "distance_from_center": 2.0
          },
          {
            "id": 37434460,
            "name": "경포 아쿠아리움",
            "final_score": 0.0159,
            "distance_from_center": 2.03
          },
          {
            "id": 1090555407,
            "name": "아르떼뮤지엄 강릉",
            "final_score": 0.0354,
            "distance_from_center": 2.03
          },
          {
            "id": 1130774967,
            "name": "허균·허난설헌 기념공원",
            "final_score": 0.1138,
            "distance_from_center": 2.2
          },
          {
            "id": 1287320440,
            "name": "강릉 월화거리",
            "final_score": 0.0404,
            "distance_from_center": 2.2
          },
          {
            "id": 20066218,
            "name": "허난설헌 생가터",
            "final_score": 0.0857,
            "distance_from_center": 2.21
          },
          {
            "id": 12762639,
            "name": "강릉시립미술관 교동",
            "final_score": 0.0778,
            "distance_from_center": 2.25
          },
          {
            "id": 31044854,
            "name": "경포가시연습지",
            "final_score": 0.0409,
            "distance_from_center": 2.25
          },
          {
            "id": 1112785467,
            "name": "런닝맨 강릉점",
            "final_score": 0.0133,
            "distance_from_center": 2.28
          }
        ]
      }
    },
    {
      "cluster_id": 1,
      "date": "2025-10-07",
      "weekday": "화",
      "seed_category": "Restaurant",
      "seed_place": {
        "id": 11860452,
        "name": "청기와",
        "final_score": 0.5098
      },
      "center_lat": 37.714661,
      "center_lng": 128.829137,
      "categories": {
        "Cafe": [
          {
            "id": 1056262384,
            "name": "카페 화조월석",
            "final_score": 0.3079,
            "distance_from_center": 0.3
          },
          {
            "id": 34537489,
            "name": "과객",
            "final_score": 0.3014,
            "distance_from_center": 2.49
          },
          {
            "id": 1761686436,
            "name": "카페 마눌",
            "final_score": 0.2306,
            "distance_from_center": 2.81
          },
          {
            "id": 15299378,
            "name": "포모도로",
            "final_score": 0.1114,
            "distance_from_center": 3.24
          },
          {
            "id": 1926050460,
            "name": "디코이덕",
            "final_score": 0.1168,
            "distance_from_center": 3.6
          },
          {
            "id": 19900143,
            "name": "라몬타냐",
            "final_score": 0.2517,
            "distance_from_center": 4.34
          },
          {
            "id": 1024529564,
            "name": "오브리에타",
            "final_score": 0.3078,
            "distance_from_center": 4.44
          },
          {
            "id": 1106082140,
            "name": "아이즈 로스터리 홍제동 본점",
            "final_score": 0.2522,
            "distance_from_center": 4.97
          },
          {
            "id": 2012122325,
            "name": "루모",
            "final_score": 0.2613,
            "distance_from_center": 5.21
          },
          {
            "id": 1174448798,
            "name": "스타벅스 강릉IC DT점",
            "final_score": 0.2436,
            "distance_from_center": 5.22
          },
          {
            "id": 2067021446,
            "name": "떡이네",
            "final_score": 0.2812,
            "distance_from_center": 5.34
          },
          {
            "id": 1633456108,
            "name": "투썸플레이스 유천지구점",
            "final_score": 0.1949,
            "distance_from_center": 5.65
          },
          {
            "id": 1546169801,
            "name": "강릉그림카페",
            "final_score": 0.1706,
            "distance_from_center": 5.68
          },
          {
            "id": 263503029,
            "name": "어썸",
            "final_score": 0.3578,
            "distance_from_center": 5.88
          }
        ],
        "Restaurant": [
          {
            "id": 11860452,
            "name": "청기와",
            "final_score": 0.5098,
            "distance_from_center": 0.0
          },
          {
            "id": 11857534,
            "name": "옛카나리아",
            "final_score": 0.3077,
            "distance_from_center": 0.04
          },
          {
            "id": 15364392,
            "name": "산촌",
            "final_score": 0.316,
            "distance_from_center": 0.09
          },
          {
            "id": 15364381,
            "name": "미향식당",
            "final_score": 0.3106,
            "distance_from_center": 0.11
          },
          {
            "id": 13051175,
            "name": "성산옛집",
            "final_score": 0.2631,
            "distance_from_center": 0.12
          },
          {
            "id": 1307856893,
            "name": "준호네 정원",
            "final_score": 0.3066,
            "distance_from_center": 0.15
          },
          {
            "id": 436974851,
            "name": "곱창전골명가도계물닭갈비",
            "final_score": 0.3286,
            "distance_from_center": 0.17
          },
          {
            "id": 1925143603,
            "name": "성산설렁탕",
            "final_score": 0.0,
            "distance_from_center": 0.18
          },
          {
            "id": 1194649037,
            "name": "성산밥집",
            "final_score": 0.1549,
            "distance_from_center": 0.27
          },
          {
            "id": 1154907883,
            "name": "보리향기",
            "final_score": 0.3631,
            "distance_from_center": 0.36
          },
          {
            "id": 1478745700,
            "name": "성산감자전",
            "final_score": 0.4202,
            "distance_from_center": 0.36
          },
          {
            "id": 15365261,
            "name": "버당말메기촌",
            "final_score": 0.3394,
            "distance_from_center": 0.37
          },
          {
            "id": 1449236862,
            "name": "오채연",
            "final_score": 0.3985,
            "distance_from_center": 0.38
          },
          {
            "id": 15364541,
            "name": "옛카네이션집",
            "final_score": 0.309,
            "distance_from_center": 0.43
          },
          {
            "id": 15306959,
            "name": "성산토속가든",
            "final_score": 0.3652,
            "distance_from_center": 0.48
          }
        ],
        "Attraction": [
          {
            "id": 13491494,
            "name": "남대천",
            "final_score": 0.0415,
            "distance_from_center": 0.25
          },
          {
            "id": 20107994,
            "name": "대관령박물관",
            "final_score": 0.1483,
            "distance_from_center": 2.22
          },
          {
            "id": 269545324,
            "name": "국립대관령치유의숲",
            "final_score": 0.0003,
            "distance_from_center": 2.75
          },
          {
            "id": 15699373,
            "name": "신사임당사친시비",
            "final_score": 0.1151,
            "distance_from_center": 3.4
          },
          {
            "id": 11491009,
            "name": "국립대관령자연휴양림",
            "final_score": 0.0964,
            "distance_from_center": 3.4
          },
          {
            "id": 19564244,
            "name": "강릉 솔향수목원",
            "final_score": 0.0535,
            "distance_from_center": 3.42
          },
          {
            "id": 15700020,
            "name": "제왕산",
            "final_score": 0.0002,
            "distance_from_center": 4.3
          },
          {
            "id": 1412053208,
            "name": "처음처럼&새로 브랜드 체험관",
            "final_score": 0.0017,
            "distance_from_center": 4.57
          },
          {
            "id": 37081677,
            "name": "수상한마법학교",
            "final_score": 0.0041,
            "distance_from_center": 4.74
          }
        ]
      }
    }
  ]
}