{
  "user_id": "U0127",
  "start_date": "2025-01-02",
  "start_weekday": "목",
  "duration_days": 3,
  "budget": 700000,
  "num_clusters": 3,
  "clustering_method": "greedy_score_based_with_store_hours",
  "seed_strategy": "highest_score_only",
  "max_cluster_radius_km": 6,
  "min_places_per_category": 7,
  "places_per_category": 15,
  "Accommodation": 1000108328,
  "clusters": [
    {
      "cluster_id": 0,
      "date": "2025-01-02",
      "weekday": "목",
      "seed_category": "Restaurant",
      "seed_place": {
        "id": 1131502371,
        "name": "후토",
        "final_score": 0.3284
      },
      "center_lat": 37.772118,
      "center_lng": 128.908704,
      "categories": {
        "Cafe": [
          {
            "id": 1588834856,
            "name": "르블레도르",
            "final_score": 0.1054,
            "distance_from_center": 0.4
          },
          {
            "id": 1737820343,
            "name": "고메코나베이커리",
            "final_score": 0.1239,
            "distance_from_center": 0.44
          },
          {
            "id": 1391511090,
            "name": "삼척오란다 강릉점",
            "final_score": 0.2123,
            "distance_from_center": 0.46
          },
          {
            "id": 1891894301,
            "name": "플레이스 플러스",
            "final_score": 0.1907,
            "distance_from_center": 0.49
          },
          {
            "id": 15318913,
            "name": "돔베이커리",
            "final_score": 0.2065,
            "distance_from_center": 0.53
          },
          {
            "id": 1033478410,
            "name": "그다이마잇",
            "final_score": 0.1894,
            "distance_from_center": 0.64
          },
          {
            "id": 1838131828,
            "name": "강릉카페 체크이스트",
            "final_score": 0.1756,
            "distance_from_center": 0.76
          },
          {
            "id": 1756159133,
            "name": "카페디드",
            "final_score": 0.1878,
            "distance_from_center": 0.79
          },
          {
            "id": 66343890,
            "name": "강릉빵다방",
            "final_score": 0.1748,
            "distance_from_center": 0.9
          },
          {
            "id": 1612034459,
            "name": "어머야라",
            "final_score": 0.219,
            "distance_from_center": 1.09
          },
          {
            "id": 1763916720,
            "name": "강릉커피콩빵 강릉당 강릉역점",
            "final_score": 0.1407,
            "distance_from_center": 1.18
          },
          {
            "id": 1331157860,
            "name": "이스트 베이커리",
            "final_score": 0.2462,
            "distance_from_center": 1.19
          },
          {
            "id": 1656009767,
            "name": "메가MGC커피 강릉역점",
            "final_score": 0.0878,
            "distance_from_center": 1.2
          },
          {
            "id": 1457952472,
            "name": "월선화",
            "final_score": 0.1538,
            "distance_from_center": 1.23
          },
          {
            "id": 1824086717,
            "name": "디오슬로",
            "final_score": 0.2015,
            "distance_from_center": 1.25
          }
        ],
        "Restaurant": [
          {
            "id": 1131502371,
            "name": "후토",
            "final_score": 0.3284,
            "distance_from_center": 0.0
          },
          {
            "id": 15389360,
            "name": "복짬",
            "final_score": 0.0027,
            "distance_from_center": 0.08
          },
          {
            "id": 12035825,
            "name": "정선달참나무숯불구이",
            "final_score": 0.1523,
            "distance_from_center": 0.11
          },
          {
            "id": 2006495897,
            "name": "한식명가네",
            "final_score": 0.1623,
            "distance_from_center": 0.12
          },
          {
            "id": 1229297638,
            "name": "배불뚝이",
            "final_score": 0.2215,
            "distance_from_center": 0.12
          },
          {
            "id": 1240841981,
            "name": "보래미즉석추어탕",
            "final_score": 0.2317,
            "distance_from_center": 0.12
          },
          {
            "id": 1287341137,
            "name": "국밥참맛있는집 강릉포남점",
            "final_score": 0.261,
            "distance_from_center": 0.21
          },
          {
            "id": 1525748684,
            "name": "가자골식당",
            "final_score": 0.2486,
            "distance_from_center": 0.25
          },
          {
            "id": 37486590,
            "name": "몽실이",
            "final_score": 0.1618,
            "distance_from_center": 0.26
          },
          {
            "id": 449523007,
            "name": "송강식당",
            "final_score": 0.1898,
            "distance_from_center": 0.27
          },
          {
            "id": 37360894,
            "name": "강릉 본가족발",
            "final_score": 0.0946,
            "distance_from_center": 0.27
          },
          {
            "id": 1096114647,
            "name": "24시전주콩향기콩나물국밥",
            "final_score": 0.1786,
            "distance_from_center": 0.28
          },
          {
            "id": 1528730078,
            "name": "청화대뚝배기동태탕",
            "final_score": 0.1953,
            "distance_from_center": 0.28
          },
          {
            "id": 1798114957,
            "name": "강릉대관령감자옹심이",
            "final_score": 0.0749,
            "distance_from_center": 0.29
          },
          {
            "id": 36660889,
            "name": "강릉본가뒷고기",
            "final_score": 0.1484,
            "distance_from_center": 0.29
          }
        ],
        "Attraction": [
          {
            "id": 1550291849,
            "name": "강릉아트센터",
            "final_score": 0.0769,
            "distance_from_center": 1.17
          },
          {
            "id": 1211834959,
            "name": "강릉올림픽뮤지엄",
            "final_score": 0.0585,
            "distance_from_center": 1.3
          },
          {
            "id": 11663849,
            "name": "강릉향교",
            "final_score": 0.0464,
            "distance_from_center": 1.52
          },
          {
            "id": 32777223,
            "name": "자연아놀자 체험학습박물관",
            "final_score": 0.0735,
            "distance_from_center": 1.53
          },
          {
            "id": 13345874,
            "name": "강릉 동부시장",
            "final_score": 0.0,
            "distance_from_center": 1.54
          },
          {
            "id": 1881857549,
            "name": "강릉 메타버스 체험관",
            "final_score": 0.1364,
            "distance_from_center": 1.77
          },
          {
            "id": 1357865119,
            "name": "고래책방",
            "final_score": 0.2821,
            "distance_from_center": 1.84
          },
          {
            "id": 1090555407,
            "name": "아르떼뮤지엄 강릉",
            "final_score": 0.1019,
            "distance_from_center": 2.0
          },
          {
            "id": 37434460,
            "name": "경포 아쿠아리움",
            "final_score": 0.0812,
            "distance_from_center": 2.0
          },
          {
            "id": 12762639,
            "name": "강릉시립미술관 교동",
            "final_score": 0.1974,
            "distance_from_center": 2.02
          },
          {
            "id": 1287320440,
            "name": "강릉 월화거리",
            "final_score": 0.0184,
            "distance_from_center": 2.06
          },
          {
            "id": 31044854,
            "name": "경포가시연습지",
            "final_score": 0.1508,
            "distance_from_center": 2.12
          },
          {
            "id": 1130774967,
            "name": "허균·허난설헌 기념공원",
            "final_score": 0.1415,
            "distance_from_center": 2.19
          },
          {
            "id": 13345873,
            "name": "강릉 중앙시장",
            "final_score": 0.0846,
            "distance_from_center": 2.2
          },
          {
            "id": 20066249,
            "name": "강릉 수리골 고택",
            "final_score": 0.2137,
            "distance_from_center": 2.2
          }
        ]
      }
    },
    {
      "cluster_id": 1,
      "date": "2025-01-03",
      "weekday": "금",
      "seed_category": "Restaurant",
      "seed_place": {
        "id": 38215574,
        "name": "네스트커리",
        "final_score": 0.3759
      },
      "center_lat": 37.762636,
      "center_lng": 128.938072,
      "categories": {
        "Cafe": [
          {
            "id": 1752487744,
            "name": "월량화",
            "final_score": 0.1698,
            "distance_from_center": 0.13
          },
          {
            "id": 1995194178,
            "name": "수줍은과자점",
            "final_score": 0.101,
            "distance_from_center": 0.21
          },
          {
            "id": 1721611016,
            "name": "아뜨9",
            "final_score": 0.1705,
            "distance_from_center": 1.31
          },
          {
            "id": 1267158607,
            "name": "성수미술관 강릉안목점",
            "final_score": 0.0085,
            "distance_from_center": 1.34
          },
          {
            "id": 1557387521,
            "name": "할리스 강릉안목해변점",
            "final_score": 0.11,
            "distance_from_center": 1.35
          },
          {
            "id": 15692078,
            "name": "카페알베로",
            "final_score": 0.0958,
            "distance_from_center": 1.35
          },
          {
            "id": 33021650,
            "name": "스타벅스 강릉안목해변점",
            "final_score": 0.1784,
            "distance_from_center": 1.35
          },
          {
            "id": 34203501,
            "name": "에이엠브레드앤커피",
            "final_score": 0.1755,
            "distance_from_center": 1.36
          },
          {
            "id": 1933690279,
            "name": "미르마르",
            "final_score": 0.169,
            "distance_from_center": 1.36
          },
          {
            "id": 20585367,
            "name": "카페베네 안목점",
            "final_score": 0.1573,
            "distance_from_center": 1.36
          },
          {
            "id": 38520417,
            "name": "커피 아메리카 강릉점",
            "final_score": 0.1654,
            "distance_from_center": 1.36
          },
          {
            "id": 36399670,
            "name": "키크러스 강릉점",
            "final_score": 0.1834,
            "distance_from_center": 1.36
          },
          {
            "id": 11887822,
            "name": "커피커퍼 안목점",
            "final_score": 0.1542,
            "distance_from_center": 1.37
          },
          {
            "id": 499938650,
            "name": "카페 뤼미에르",
            "final_score": 0.0534,
            "distance_from_center": 1.38
          },
          {
            "id": 1894965701,
            "name": "로지커피",
            "final_score": 0.1805,
            "distance_from_center": 1.38
          }
        ],
        "Restaurant": [
          {
            "id": 38215574,
            "name": "네스트커리",
            "final_score": 0.3759,
            "distance_from_center": 0.0
          },
          {
            "id": 1193922269,
            "name": "팔당원조칼제비 강릉남항진점",
            "final_score": 0.2179,
            "distance_from_center": 0.08
          },
          {
            "id": 1912362480,
            "name": "논가집옹심이 강릉본점",
            "final_score": 0.1118,
            "distance_from_center": 0.13
          },
          {
            "id": 1147672088,
            "name": "옹심이중국집",
            "final_score": 0.0843,
            "distance_from_center": 0.13
          },
          {
            "id": 15349260,
            "name": "감자적본부",
            "final_score": 0.0775,
            "distance_from_center": 0.16
          },
          {
            "id": 15349253,
            "name": "삼우옹심이",
            "final_score": 0.1173,
            "distance_from_center": 0.18
          },
          {
            "id": 19729238,
            "name": "가람집옹심이",
            "final_score": 0.281,
            "distance_from_center": 0.2
          },
          {
            "id": 21061573,
            "name": "솔바람감자적",
            "final_score": 0.2304,
            "distance_from_center": 0.21
          },
          {
            "id": 15349399,
            "name": "병산감자옹심이",
            "final_score": 0.0708,
            "distance_from_center": 0.21
          },
          {
            "id": 38636188,
            "name": "낙지대장",
            "final_score": 0.1096,
            "distance_from_center": 0.24
          },
          {
            "id": 1219260382,
            "name": "소나무가든",
            "final_score": 0.1168,
            "distance_from_center": 0.26
          },
          {
            "id": 15349490,
            "name": "만선감자옹심이",
            "final_score": 0.1639,
            "distance_from_center": 0.27
          },
          {
            "id": 32185304,
            "name": "만동면옥",
            "final_score": 0.2165,
            "distance_from_center": 0.29
          },
          {
            "id": 1690518281,
            "name": "평진냉면",
            "final_score": 0.2082,
            "distance_from_center": 0.5
          },
          {
            "id": 1770360235,
            "name": "찐전집",
            "final_score": 0.1342,
            "distance_from_center": 1.26
          }
        ],
        "Attraction": [
          {
            "id": 1243747688,
            "name": "병산 옹심이마을",
            "final_score": 0.1006,
            "distance_from_center": 0.27
          },
          {
            "id": 13491906,
            "name": "안목해변",
            "final_score": 0.1931,
            "distance_from_center": 1.38
          },
          {
            "id": 20947876,
            "name": "강릉커피거리",
            "final_score": 0.0038,
            "distance_from_center": 1.38
          },
          {
            "id": 32268465,
            "name": "환희컵박물관",
            "final_score": 0.0904,
            "distance_from_center": 1.4
          },
          {
            "id": 13491444,
            "name": "남항진해변",
            "final_score": 0.0604,
            "distance_from_center": 1.44
          },
          {
            "id": 939463951,
            "name": "강릉 안목해맞이공원",
            "final_score": 0.1696,
            "distance_from_center": 1.44
          },
          {
            "id": 15692195,
            "name": "강릉항",
            "final_score": 0.074,
            "distance_from_center": 1.55
          },
          {
            "id": 20065935,
            "name": "송정해변",
            "final_score": 0.0377,
            "distance_from_center": 1.95
          },
          {
            "id": 13126966,
            "name": "풍호마을",
            "final_score": 0.0003,
            "distance_from_center": 3.04
          },
          {
            "id": 1112785467,
            "name": "런닝맨 강릉점",
            "final_score": 0.1671,
            "distance_from_center": 3.49
          },
          {
            "id": 11592129,
            "name": "강릉교육문화관",
            "final_score": 0.2618,
            "distance_from_center": 3.83
          },
          {
            "id": 13491183,
            "name": "강문해변",
            "final_score": 0.1157,
            "distance_from_center": 3.95
          },
          {
            "id": 35188457,
            "name": "애니멀스토리",
            "final_score": 0.1277,
            "distance_from_center": 4.01
          },
          {
            "id": 1542622512,
            "name": "원더스카이",
            "final_score": 0.1072,
            "distance_from_center": 4.01
          },
          {
            "id": 31506191,
            "name": "초당순두부마을",
            "final_score": 0.1546,
            "distance_from_center": 4.06
          }
        ]
      }
    },
    {
      "cluster_id": 2,
      "date": "2025-01-04",
      "weekday": "토",
      "seed_category": "Restaurant",
      "seed_place": {
        "id": 1154907883,
        "name": "보리향기",
        "final_score": 0.3047
      },
      "center_lat": 37.717077,
      "center_lng": 128.831841,
      "categories": {
        "Cafe": [
          {
            "id": 1056262384,
            "name": "카페 화조월석",
            "final_score": 0.258,
            "distance_from_center": 0.08
          },
          {
            "id": 34537489,
            "name": "과객",
            "final_score": 0.1101,
            "distance_from_center": 2.15
          },
          {
            "id": 15299378,
            "name": "포모도로",
            "final_score": 0.1028,
            "distance_from_center": 2.89
          },
          {
            "id": 1761686436,
            "name": "카페 마눌",
            "final_score": 0.2478,
            "distance_from_center": 3.07
          },
          {
            "id": 1926050460,
            "name": "디코이덕",
            "final_score": 0.2346,
            "distance_from_center": 3.51
          },
          {
            "id": 19900143,
            "name": "라몬타냐",
            "final_score": 0.1356,
            "distance_from_center": 3.98
          },
          {
            "id": 1024529564,
            "name": "오브리에타",
            "final_score": 0.2271,
            "distance_from_center": 4.13
          },
          {
            "id": 1106082140,
            "name": "아이즈 로스터리 홍제동 본점",
            "final_score": 0.2067,
            "distance_from_center": 4.62
          },
          {
            "id": 1174448798,
            "name": "스타벅스 강릉IC DT점",
            "final_score": 0.2015,
            "distance_from_center": 4.86
          },
          {
            "id": 2012122325,
            "name": "루모",
            "final_score": 0.2715,
            "distance_from_center": 4.86
          },
          {
            "id": 2067021446,
            "name": "떡이네",
            "final_score": 0.243,
            "distance_from_center": 5.0
          },
          {
            "id": 1633456108,
            "name": "투썸플레이스 유천지구점",
            "final_score": 0.1136,
            "distance_from_center": 5.3
          },
          {
            "id": 1546169801,
            "name": "강릉그림카페",
            "final_score": 0.038,
            "distance_from_center": 5.32
          },
          {
            "id": 263503029,
            "name": "어썸",
            "final_score": 0.177,
            "distance_from_center": 5.52
          },
          {
            "id": 1750727150,
            "name": "미미케이크",
            "final_score": 0.18,
            "distance_from_center": 5.68
          }
        ],
        "Restaurant": [
          {
            "id": 1154907883,
            "name": "보리향기",
            "final_score": 0.3047,
            "distance_from_center": 0.0
          },
          {
            "id": 1478745700,
            "name": "성산감자전",
            "final_score": 0.2094,
            "distance_from_center": 0.0
          },
          {
            "id": 15364541,
            "name": "옛카네이션집",
            "final_score": 0.0731,
            "distance_from_center": 0.09
          },
          {
            "id": 1194649037,
            "name": "성산밥집",
            "final_score": 0.2153,
            "distance_from_center": 0.11
          },
          {
            "id": 15306959,
            "name": "성산토속가든",
            "final_score": 0.0394,
            "distance_from_center": 0.14
          },
          {
            "id": 15364381,
            "name": "미향식당",
            "final_score": 0.1092,
            "distance_from_center": 0.26
          },
          {
            "id": 11857534,
            "name": "옛카나리아",
            "final_score": 0.1123,
            "distance_from_center": 0.32
          },
          {
            "id": 11860452,
            "name": "청기와",
            "final_score": 0.1764,
            "distance_from_center": 0.36
          },
          {
            "id": 15364392,
            "name": "산촌",
            "final_score": 0.1984,
            "distance_from_center": 0.44
          },
          {
            "id": 13051175,
            "name": "성산옛집",
            "final_score": 0.1186,
            "distance_from_center": 0.46
          },
          {
            "id": 1307856893,
            "name": "준호네 정원",
            "final_score": 0.2782,
            "distance_from_center": 0.47
          },
          {
            "id": 15365261,
            "name": "버당말메기촌",
            "final_score": 0.2103,
            "distance_from_center": 0.48
          },
          {
            "id": 436974851,
            "name": "곱창전골명가도계물닭갈비",
            "final_score": 0.2676,
            "distance_from_center": 0.49
          },
          {
            "id": 1925143603,
            "name": "성산설렁탕",
            "final_score": 0.0,
            "distance_from_center": 0.51
          },
          {
            "id": 1449236862,
            "name": "오채연",
            "final_score": 0.1961,
            "distance_from_center": 0.65
          }
        ],
        "Attraction": [
          {
            "id": 13491494,
            "name": "남대천",
            "final_score": 0.0251,
            "distance_from_center": 0.58
          },
          {
            "id": 20107994,
            "name": "대관령박물관",
            "final_score": 0.3074,
            "distance_from_center": 2.45
          },
          {
            "id": 269545324,
            "name": "국립대관령치유의숲",
            "final_score": 0.1265,
            "distance_from_center": 3.05
          },
          {
            "id": 19564244,
            "name": "강릉 솔향수목원",
            "final_score": 0.1519,
            "distance_from_center": 3.39
          },
          {
            "id": 11491009,
            "name": "국립대관령자연휴양림",
            "final_score": 0.1142,
            "distance_from_center": 3.64
          },
          {
            "id": 15699373,
            "name": "신사임당사친시비",
            "final_score": 0.1972,
            "distance_from_center": 3.64
          },
          {
            "id": 1412053208,
            "name": "처음처럼&새로 브랜드 체험관",
            "final_score": 0.1313,
            "distance_from_center": 4.22
          },
          {
            "id": 37081677,
            "name": "수상한마법학교",
            "final_score": 0.0782,
            "distance_from_center": 4.42
          },
          {
            "id": 15700020,
            "name": "제왕산",
            "final_score": 0.0554,
            "distance_from_center": 4.57
          },
          {
            "id": 37090227,
            "name": "버드나무 브루어리",
            "final_score": 0.0525,
            "distance_from_center": 5.78
          },
          {
            "id": 11535675,
            "name": "강릉문화원",
            "final_score": 0.1829,
            "distance_from_center": 5.93
          }
        ]
      }
    }
  ]
}