{
  "user_id": "U0134",
  "start_date": "2025-04-29",
  "start_weekday": "화",
  "duration_days": 3,
  "budget": 2300000,
  "num_clusters": 3,
  "clustering_method": "greedy_score_based_with_store_hours",
  "seed_strategy": "highest_score_only",
  "max_cluster_radius_km": 6,
  "min_places_per_category": 7,
  "places_per_category": 15,
  "Accommodation": 10058072,
  "clusters": [
    {
      "cluster_id": 0,
      "date": "2025-04-29",
      "weekday": "화",
      "seed_category": "Attraction",
      "seed_place": {
        "id": 1940124735,
        "name": "강문솟대다리",
        "final_score": 0.5316
      },
      "center_lat": 37.798564,
      "center_lng": 128.912622,
      "categories": {
        "Cafe": [
          {
            "id": 1176434004,
            "name": "AURA Cafe&Lounge",
            "final_score": 0.3922,
            "distance_from_center": 0.14
          },
          {
            "id": 1497289783,
            "name": "꾸옥 GGUOK",
            "final_score": 0.243,
            "distance_from_center": 0.43
          },
          {
            "id": 189619233,
            "name": "강릉커피빵 본점",
            "final_score": 0.4102,
            "distance_from_center": 0.44
          },
          {
            "id": 1103533977,
            "name": "허스크밀",
            "final_score": 0.2435,
            "distance_from_center": 0.5
          },
          {
            "id": 1212033877,
            "name": "강릉샌드 초당점",
            "final_score": 0.2855,
            "distance_from_center": 0.5
          },
          {
            "id": 1763738753,
            "name": "마더커피 강문점",
            "final_score": 0.3726,
            "distance_from_center": 0.53
          },
          {
            "id": 1869523471,
            "name": "강릉 조개빵 강릉본점",
            "final_score": 0.3783,
            "distance_from_center": 0.55
          },
          {
            "id": 1709924447,
            "name": "롱블랙",
            "final_score": 0.469,
            "distance_from_center": 0.56
          },
          {
            "id": 1625751111,
            "name": "커피커퍼박물관",
            "final_score": 0.2735,
            "distance_from_center": 0.59
          },
          {
            "id": 1591483811,
            "name": "카페밀",
            "final_score": 0.2263,
            "distance_from_center": 0.59
          },
          {
            "id": 2067971861,
            "name": "안초당",
            "final_score": 0.3642,
            "distance_from_center": 0.63
          },
          {
            "id": 1639218638,
            "name": "덴켄",
            "final_score": 0.3878,
            "distance_from_center": 0.65
          },
          {
            "id": 998885728,
            "name": "카페 툇마루",
            "final_score": 0.1772,
            "distance_from_center": 0.66
          },
          {
            "id": 1926085994,
            "name": "스타벅스 강릉강문해변점",
            "final_score": 0.4317,
            "distance_from_center": 0.67
          },
          {
            "id": 1630731945,
            "name": "강릉 사임당 인절미 강문본점",
            "final_score": 0.2808,
            "distance_from_center": 0.69
          }
        ],
        "Restaurant": [
          {
            "id": 1391626004,
            "name": "설렘덩크",
            "final_score": 0.3313,
            "distance_from_center": 0.1
          },
          {
            "id": 1489310166,
            "name": "짬뽕 순두부 초당애",
            "final_score": 0.2504,
            "distance_from_center": 0.19
          },
          {
            "id": 1717795976,
            "name": "강릉칼제비 강릉본점",
            "final_score": 0.3835,
            "distance_from_center": 0.33
          },
          {
            "id": 2098103072,
            "name": "만야수산 경포대본점",
            "final_score": 0.3765,
            "distance_from_center": 0.33
          },
          {
            "id": 2096131729,
            "name": "바담냉면 강릉본점",
            "final_score": 0.3722,
            "distance_from_center": 0.33
          },
          {
            "id": 1962439120,
            "name": "해궁식당",
            "final_score": 0.2859,
            "distance_from_center": 0.37
          },
          {
            "id": 1635365791,
            "name": "팔도숯불조개구이",
            "final_score": 0.2462,
            "distance_from_center": 0.39
          },
          {
            "id": 1949567929,
            "name": "화니조개구이",
            "final_score": 0.4631,
            "distance_from_center": 0.39
          },
          {
            "id": 1815335754,
            "name": "오봉이해물칼국수 강릉본점",
            "final_score": 0.447,
            "distance_from_center": 0.39
          },
          {
            "id": 15327157,
            "name": "고향산천초당순두부",
            "final_score": 0.2939,
            "distance_from_center": 0.39
          },
          {
            "id": 1025642664,
            "name": "팔도전복해물뚝배기",
            "final_score": 0.2452,
            "distance_from_center": 0.45
          },
          {
            "id": 15328404,
            "name": "빛고을식당",
            "final_score": 0.3228,
            "distance_from_center": 0.5
          },
          {
            "id": 1087147744,
            "name": "강문칼국수",
            "final_score": 0.118,
            "distance_from_center": 0.53
          },
          {
            "id": 1693762102,
            "name": "서울양계",
            "final_score": 0.2477,
            "distance_from_center": 0.53
          },
          {
            "id": 1479188834,
            "name": "청춘돌우럭&물회 강릉본점",
            "final_score": 0.3989,
            "distance_from_center": 0.54
          }
        ],
        "Attraction": [
          {
            "id": 1940124735,
            "name": "강문솟대다리",
            "final_score": 0.5316,
            "distance_from_center": 0.0
          },
          {
            "id": 472414455,
            "name": "경포호수광장",
            "final_score": 0.3356,
            "distance_from_center": 0.29
          },
          {
            "id": 1063021154,
            "name": "경포플라워가든",
            "final_score": 0.2651,
            "distance_from_center": 0.35
          },
          {
            "id": 31506191,
            "name": "초당순두부마을",
            "final_score": 0.1461,
            "distance_from_center": 0.51
          },
          {
            "id": 13300191,
            "name": "경포도립공원",
            "final_score": 0.3663,
            "distance_from_center": 0.52
          },
          {
            "id": 1542622512,
            "name": "원더스카이",
            "final_score": 0.1173,
            "distance_from_center": 0.57
          },
          {
            "id": 13491183,
            "name": "강문해변",
            "final_score": 0.3803,
            "distance_from_center": 0.7
          },
          {
            "id": 20066218,
            "name": "허난설헌 생가터",
            "final_score": 0.3035,
            "distance_from_center": 0.78
          },
          {
            "id": 1130774967,
            "name": "허균·허난설헌 기념공원",
            "final_score": 0.4098,
            "distance_from_center": 0.79
          },
          {
            "id": 12079976,
            "name": "경포해수욕장",
            "final_score": 0.4812,
            "distance_from_center": 0.93
          },
          {
            "id": 37434460,
            "name": "경포 아쿠아리움",
            "final_score": 0.2941,
            "distance_from_center": 1.03
          },
          {
            "id": 1090555407,
            "name": "아르떼뮤지엄 강릉",
            "final_score": 0.3827,
            "distance_from_center": 1.03
          },
          {
            "id": 1112785467,
            "name": "런닝맨 강릉점",
            "final_score": 0.2812,
            "distance_from_center": 1.14
          },
          {
            "id": 1881857549,
            "name": "강릉 메타버스 체험관",
            "final_score": 0.159,
            "distance_from_center": 1.29
          },
          {
            "id": 12409858,
            "name": "참소리에디슨손성목영화박물관",
            "final_score": 0.1777,
            "distance_from_center": 1.35
          }
        ]
      }
    },
    {
      "cluster_id": 1,
      "date": "2025-04-30",
      "weekday": "수",
      "seed_category": "Attraction",
      "seed_place": {
        "id": 2145408639,
        "name": "강릉 방동리 무궁화",
        "final_score": 0.5118
      },
      "center_lat": 37.827434,
      "center_lng": 128.863937,
      "categories": {
        "Cafe": [
          {
            "id": 2058022471,
            "name": "온유",
            "final_score": 0.4872,
            "distance_from_center": 1.17
          },
          {
            "id": 1246262619,
            "name": "우가",
            "final_score": 0.4044,
            "distance_from_center": 1.39
          },
          {
            "id": 2069032826,
            "name": "원강희과자점",
            "final_score": 0.2541,
            "distance_from_center": 1.56
          },
          {
            "id": 1174295057,
            "name": "깔라마리",
            "final_score": 0.2865,
            "distance_from_center": 1.8
          },
          {
            "id": 13535267,
            "name": "쉘리스",
            "final_score": 0.3524,
            "distance_from_center": 1.81
          },
          {
            "id": 1745145004,
            "name": "바우카페 본점",
            "final_score": 0.3867,
            "distance_from_center": 1.82
          },
          {
            "id": 1779443730,
            "name": "곳",
            "final_score": 0.4081,
            "distance_from_center": 1.93
          },
          {
            "id": 1854962812,
            "name": "테라로사 사천해변점",
            "final_score": 0.3431,
            "distance_from_center": 1.94
          },
          {
            "id": 1288938606,
            "name": "오늘에",
            "final_score": 0.3886,
            "distance_from_center": 2.31
          },
          {
            "id": 1777557364,
            "name": "크림하우스",
            "final_score": 0.4203,
            "distance_from_center": 2.57
          },
          {
            "id": 1986607278,
            "name": "백야커피",
            "final_score": 0.3389,
            "distance_from_center": 3.56
          },
          {
            "id": 1899236965,
            "name": "삼송빵집 강릉경포점",
            "final_score": 0.3178,
            "distance_from_center": 3.99
          },
          {
            "id": 1439249340,
            "name": "서지초가뜰",
            "final_score": 0.4736,
            "distance_from_center": 4.31
          },
          {
            "id": 19861939,
            "name": "크레마코스타",
            "final_score": 0.3973,
            "distance_from_center": 4.35
          },
          {
            "id": 1083326838,
            "name": "씨엠디컴퍼니",
            "final_score": 0.3058,
            "distance_from_center": 4.4
          }
        ],
        "Restaurant": [
          {
            "id": 1760318925,
            "name": "대관령주막",
            "final_score": 0.2757,
            "distance_from_center": 0.84
          },
          {
            "id": 1015624214,
            "name": "사천샘골식당",
            "final_score": 0.3688,
            "distance_from_center": 1.14
          },
          {
            "id": 945583235,
            "name": "산호막국수",
            "final_score": 0.3764,
            "distance_from_center": 1.14
          },
          {
            "id": 35743969,
            "name": "솔밭추어탕",
            "final_score": 0.3294,
            "distance_from_center": 1.18
          },
          {
            "id": 1866632720,
            "name": "사천닭내장탕",
            "final_score": 0.2665,
            "distance_from_center": 1.33
          },
          {
            "id": 1951006286,
            "name": "흑진주",
            "final_score": 0.2362,
            "distance_from_center": 1.33
          },
          {
            "id": 15372120,
            "name": "금학분식",
            "final_score": 0.3373,
            "distance_from_center": 1.33
          },
          {
            "id": 15372123,
            "name": "사천소머리국밥",
            "final_score": 0.2469,
            "distance_from_center": 1.33
          },
          {
            "id": 21226036,
            "name": "개두릅장칼국수",
            "final_score": 0.2032,
            "distance_from_center": 1.39
          },
          {
            "id": 1117927212,
            "name": "병천순대모래내",
            "final_score": 0.1581,
            "distance_from_center": 1.41
          },
          {
            "id": 1468367465,
            "name": "채선당 강릉사천항점",
            "final_score": 0.3139,
            "distance_from_center": 1.44
          },
          {
            "id": 1693850894,
            "name": "낙천식당",
            "final_score": 0.2479,
            "distance_from_center": 1.45
          },
          {
            "id": 19891301,
            "name": "장안횟집",
            "final_score": 0.3064,
            "distance_from_center": 1.51
          },
          {
            "id": 15371788,
            "name": "전주식당",
            "final_score": 0.2501,
            "distance_from_center": 1.56
          },
          {
            "id": 15372194,
            "name": "사천면옥",
            "final_score": 0.2089,
            "distance_from_center": 1.61
          }
        ],
        "Attraction": [
          {
            "id": 2145408639,
            "name": "강릉 방동리 무궁화",
            "final_score": 0.5118,
            "distance_from_center": 0.0
          },
          {
            "id": 13491268,
            "name": "사천해변",
            "final_score": 0.4579,
            "distance_from_center": 1.23
          },
          {
            "id": 15704900,
            "name": "사천진해변(사천뒷불해수욕장)",
            "final_score": 0.2939,
            "distance_from_center": 1.83
          },
          {
            "id": 15704484,
            "name": "갈골한과체험전시관",
            "final_score": 0.0756,
            "distance_from_center": 1.84
          },
          {
            "id": 1261782152,
            "name": "호린파크(경포대허브농장)",
            "final_score": 0.4008,
            "distance_from_center": 1.9
          },
          {
            "id": 1800696554,
            "name": "하평해변(강릉)",
            "final_score": 0.4127,
            "distance_from_center": 2.05
          },
          {
            "id": 1848252796,
            "name": "강릉아기동물농장",
            "final_score": 0.2969,
            "distance_from_center": 2.11
          },
          {
            "id": 1884028346,
            "name": "순포습지",
            "final_score": 0.3977,
            "distance_from_center": 2.31
          },
          {
            "id": 20103328,
            "name": "순포해변",
            "final_score": 0.4278,
            "distance_from_center": 2.49
          },
          {
            "id": 1117620826,
            "name": "뒷뜨루관광농원",
            "final_score": 0.3675,
            "distance_from_center": 2.52
          },
          {
            "id": 13491745,
            "name": "순긋해변",
            "final_score": 0.4767,
            "distance_from_center": 2.82
          },
          {
            "id": 15371716,
            "name": "사근진해변",
            "final_score": 0.4306,
            "distance_from_center": 3.47
          },
          {
            "id": 1338629806,
            "name": "사근진해중공원 전망대",
            "final_score": 0.4478,
            "distance_from_center": 3.47
          },
          {
            "id": 1338629806,
            "name": "사근진해중공원 전망대",
            "final_score": 0.4478,
            "distance_from_center": 3.47
          },
          {
            "id": 13444336,
            "name": "연곡해변",
            "final_score": 0.4389,
            "distance_from_center": 3.76
          }
        ]
      }
    },
    {
      "cluster_id": 2,
      "date": "2025-05-01",
      "weekday": "목",
      "seed_category": "Cafe",
      "seed_place": {
        "id": 1174448798,
        "name": "스타벅스 강릉IC DT점",
        "final_score": 0.4861
      },
      "center_lat": 37.746793,
      "center_lng": 128.872405,
      "categories": {
        "Cafe": [
          {
            "id": 1174448798,
            "name": "스타벅스 강릉IC DT점",
            "final_score": 0.4861,
            "distance_from_center": 0.0
          },
          {
            "id": 2012122325,
            "name": "루모",
            "final_score": 0.3994,
            "distance_from_center": 0.73
          },
          {
            "id": 1750727150,
            "name": "미미케이크",
            "final_score": 0.2348,
            "distance_from_center": 0.91
          },
          {
            "id": 2067021446,
            "name": "떡이네",
            "final_score": 0.3786,
            "distance_from_center": 0.93
          },
          {
            "id": 19900143,
            "name": "라몬타냐",
            "final_score": 0.2849,
            "distance_from_center": 0.99
          },
          {
            "id": 1106082140,
            "name": "아이즈 로스터리 홍제동 본점",
            "final_score": 0.3971,
            "distance_from_center": 1.13
          },
          {
            "id": 263503029,
            "name": "어썸",
            "final_score": 0.3057,
            "distance_from_center": 1.2
          },
          {
            "id": 1633456108,
            "name": "투썸플레이스 유천지구점",
            "final_score": 0.1478,
            "distance_from_center": 1.23
          },
          {
            "id": 1081008717,
            "name": "홍제멘션 강릉 본점",
            "final_score": 0.3936,
            "distance_from_center": 1.26
          },
          {
            "id": 1546169801,
            "name": "강릉그림카페",
            "final_score": 0.3991,
            "distance_from_center": 1.28
          },
          {
            "id": 1605447318,
            "name": "젤라또까사",
            "final_score": 0.4197,
            "distance_from_center": 1.3
          },
          {
            "id": 1500318606,
            "name": "버떠",
            "final_score": 0.3801,
            "distance_from_center": 1.35
          },
          {
            "id": 1442771903,
            "name": "가디",
            "final_score": 0.3086,
            "distance_from_center": 1.56
          },
          {
            "id": 1495937611,
            "name": "음차차",
            "final_score": 0.3406,
            "distance_from_center": 1.59
          },
          {
            "id": 1026225860,
            "name": "새바람이오는그늘",
            "final_score": 0.3851,
            "distance_from_center": 1.62
          }
        ],
        "Restaurant": [
          {
            "id": 1567062059,
            "name": "회산막국수 강릉점",
            "final_score": 0.3291,
            "distance_from_center": 0.27
          },
          {
            "id": 1921017060,
            "name": "강릉명가",
            "final_score": 0.2646,
            "distance_from_center": 0.49
          },
          {
            "id": 37253078,
            "name": "뿅가곱창 강릉점",
            "final_score": 0.3286,
            "distance_from_center": 0.82
          },
          {
            "id": 1070243890,
            "name": "무단외박",
            "final_score": 0.2457,
            "distance_from_center": 0.84
          },
          {
            "id": 1371192904,
            "name": "갑진정식",
            "final_score": 0.266,
            "distance_from_center": 0.86
          },
          {
            "id": 1337210252,
            "name": "밥잘하는누나",
            "final_score": 0.0,
            "distance_from_center": 0.86
          },
          {
            "id": 1605479970,
            "name": "십이월육일",
            "final_score": 0.2539,
            "distance_from_center": 0.87
          },
          {
            "id": 15332511,
            "name": "초원이모네",
            "final_score": 0.2934,
            "distance_from_center": 0.89
          },
          {
            "id": 33732587,
            "name": "일미소문난생선구이",
            "final_score": 0.4056,
            "distance_from_center": 0.9
          },
          {
            "id": 1366265272,
            "name": "병천순대 내곡점",
            "final_score": 0.3004,
            "distance_from_center": 0.9
          },
          {
            "id": 1344917614,
            "name": "강릉홍가네옹심이",
            "final_score": 0.2177,
            "distance_from_center": 0.91
          },
          {
            "id": 37628157,
            "name": "동일장칼국수 내곡점",
            "final_score": 0.1599,
            "distance_from_center": 0.93
          },
          {
            "id": 1221051877,
            "name": "성수족발",
            "final_score": 0.1522,
            "distance_from_center": 0.93
          },
          {
            "id": 1565348057,
            "name": "솔향한우곰탕",
            "final_score": 0.2475,
            "distance_from_center": 0.94
          },
          {
            "id": 1380888385,
            "name": "얌샘김밥 강릉내곡점",
            "final_score": 0.2694,
            "distance_from_center": 0.94
          }
        ],
        "Attraction": [
          {
            "id": 1412053208,
            "name": "처음처럼&새로 브랜드 체험관",
            "final_score": 0.2951,
            "distance_from_center": 0.72
          },
          {
            "id": 37090227,
            "name": "버드나무 브루어리",
            "final_score": 0.3133,
            "distance_from_center": 1.07
          },
          {
            "id": 11535675,
            "name": "강릉문화원",
            "final_score": 0.1361,
            "distance_from_center": 1.34
          },
          {
            "id": 2062786512,
            "name": "강릉시립미술관 솔올",
            "final_score": 0.3559,
            "distance_from_center": 1.49
          },
          {
            "id": 38623679,
            "name": "명주예술마당",
            "final_score": 0.1947,
            "distance_from_center": 1.63
          },
          {
            "id": 749351147,
            "name": "강릉 임영관 삼문",
            "final_score": 0.202,
            "distance_from_center": 1.84
          },
          {
            "id": 1249952785,
            "name": "강릉 명주동 거리",
            "final_score": 0.3367,
            "distance_from_center": 1.85
          },
          {
            "id": 15693581,
            "name": "강릉 남산공원",
            "final_score": 0.3961,
            "distance_from_center": 1.85
          },
          {
            "id": 13345877,
            "name": "강릉 서부시장",
            "final_score": 0.2204,
            "distance_from_center": 1.87
          },
          {
            "id": 15685783,
            "name": "강릉 대도호부 관아",
            "final_score": 0.4393,
            "distance_from_center": 1.88
          },
          {
            "id": 37081677,
            "name": "수상한마법학교",
            "final_score": 0.1143,
            "distance_from_center": 1.91
          },
          {
            "id": 1775014582,
            "name": "리고엠",
            "final_score": 0.2445,
            "distance_from_center": 1.98
          },
          {
            "id": 12955259,
            "name": "단오타운전시관",
            "final_score": 0.1808,
            "distance_from_center": 2.0
          },
          {
            "id": 12762639,
            "name": "강릉시립미술관 교동",
            "final_score": 0.3342,
            "distance_from_center": 2.23
          },
          {
            "id": 35188457,
            "name": "애니멀스토리",
            "final_score": 0.2177,
            "distance_from_center": 2.35
          }
        ]
      }
    }
  ]
}