{
  "user_id": "U0133",
  "start_date": "2025-10-28",
  "start_weekday": "화",
  "duration_days": 5,
  "budget": 1200000,
  "num_clusters": 5,
  "clustering_method": "greedy_score_based_with_store_hours",
  "seed_strategy": "highest_score_only",
  "max_cluster_radius_km": 6,
  "min_places_per_category": 7,
  "places_per_category": 15,
  "Accommodation": 10060041,
  "clusters": [
    {
      "cluster_id": 0,
      "date": "2025-10-28",
      "weekday": "화",
      "seed_category": "Restaurant",
      "seed_place": {
        "id": 32038666,
        "name": "황소실비",
        "final_score": 0.5655
      },
      "center_lat": 37.768598,
      "center_lng": 128.878763,
      "categories": {
        "Cafe": [
          {
            "id": 1843451871,
            "name": "투썸플레이스 강릉교동택지점",
            "final_score": 0.3475,
            "distance_from_center": 0.07
          },
          {
            "id": 1784470266,
            "name": "메가MGC커피 강릉교동솔올점",
            "final_score": 0.0008,
            "distance_from_center": 0.12
          },
          {
            "id": 1867724165,
            "name": "사루",
            "final_score": 0.3738,
            "distance_from_center": 0.17
          },
          {
            "id": 1623800311,
            "name": "멜로우밀",
            "final_score": 0.3528,
            "distance_from_center": 0.18
          },
          {
            "id": 1625914520,
            "name": "사월의 모노웜",
            "final_score": 0.3061,
            "distance_from_center": 0.2
          },
          {
            "id": 1133303813,
            "name": "커피아워",
            "final_score": 0.3576,
            "distance_from_center": 0.26
          },
          {
            "id": 38274668,
            "name": "플레지르",
            "final_score": 0.3329,
            "distance_from_center": 0.27
          },
          {
            "id": 1662017638,
            "name": "쎄라비",
            "final_score": 0.2072,
            "distance_from_center": 0.3
          },
          {
            "id": 1662017638,
            "name": "쎄라비",
            "final_score": 0.2072,
            "distance_from_center": 0.3
          },
          {
            "id": 79408101,
            "name": "이디야커피 강릉교동택지점",
            "final_score": 0.3263,
            "distance_from_center": 0.35
          },
          {
            "id": 1683569661,
            "name": "디핑 초콜릿카페",
            "final_score": 0.2642,
            "distance_from_center": 0.36
          },
          {
            "id": 1292591709,
            "name": "헝키도리커피바",
            "final_score": 0.3827,
            "distance_from_center": 0.37
          },
          {
            "id": 1215792352,
            "name": "던킨 강릉교동점",
            "final_score": 0.5013,
            "distance_from_center": 0.44
          },
          {
            "id": 1352455905,
            "name": "화이트리에 강릉점",
            "final_score": 0.1589,
            "distance_from_center": 0.44
          },
          {
            "id": 1459760339,
            "name": "스타벅스 강릉교동광장점",
            "final_score": 0.3402,
            "distance_from_center": 0.5
          }
        ],
        "Restaurant": [
          {
            "id": 32038666,
            "name": "황소실비",
            "final_score": 0.5655,
            "distance_from_center": 0.0
          },
          {
            "id": 19782934,
            "name": "회빈장",
            "final_score": 0.3331,
            "distance_from_center": 0.03
          },
          {
            "id": 1847740796,
            "name": "오봉집 강릉점",
            "final_score": 0.4659,
            "distance_from_center": 0.03
          },
          {
            "id": 15311728,
            "name": "수미골",
            "final_score": 0.309,
            "distance_from_center": 0.05
          },
          {
            "id": 15380022,
            "name": "국수와파전",
            "final_score": 0.3439,
            "distance_from_center": 0.07
          },
          {
            "id": 1862735111,
            "name": "차차동",
            "final_score": 0.3663,
            "distance_from_center": 0.07
          },
          {
            "id": 1131992941,
            "name": "은하수구락부",
            "final_score": 0.1403,
            "distance_from_center": 0.07
          },
          {
            "id": 15310589,
            "name": "솔올부대찌개",
            "final_score": 0.3509,
            "distance_from_center": 0.07
          },
          {
            "id": 231087604,
            "name": "만억정흑염소",
            "final_score": 0.3245,
            "distance_from_center": 0.08
          },
          {
            "id": 12042486,
            "name": "밤마차 교동점",
            "final_score": 0.1443,
            "distance_from_center": 0.09
          },
          {
            "id": 1053416085,
            "name": "본래순대 교동택지점",
            "final_score": 0.4817,
            "distance_from_center": 0.09
          },
          {
            "id": 35852302,
            "name": "도전",
            "final_score": 0.2614,
            "distance_from_center": 0.1
          },
          {
            "id": 1376821892,
            "name": "구석",
            "final_score": 0.2944,
            "distance_from_center": 0.11
          },
          {
            "id": 11550609,
            "name": "굴사랑 교동택지점",
            "final_score": 0.4464,
            "distance_from_center": 0.12
          },
          {
            "id": 15376068,
            "name": "산마을",
            "final_score": 0.3313,
            "distance_from_center": 0.13
          }
        ],
        "Attraction": [
          {
            "id": 1775014582,
            "name": "리고엠",
            "final_score": 0.2788,
            "distance_from_center": 0.51
          },
          {
            "id": 21824426,
            "name": "강릉원주대학교 박물관",
            "final_score": 0.3899,
            "distance_from_center": 0.8
          },
          {
            "id": 19832807,
            "name": "강릉자수박물관",
            "final_score": 0.0451,
            "distance_from_center": 1.05
          },
          {
            "id": 2062786512,
            "name": "강릉시립미술관 솔올",
            "final_score": 0.2328,
            "distance_from_center": 1.08
          },
          {
            "id": 11535675,
            "name": "강릉문화원",
            "final_score": 0.1283,
            "distance_from_center": 1.17
          },
          {
            "id": 11620702,
            "name": "강릉 오죽헌·시립박물관",
            "final_score": 0.295,
            "distance_from_center": 1.18
          },
          {
            "id": 1346656418,
            "name": "경포생태저류지",
            "final_score": 0.097,
            "distance_from_center": 1.29
          },
          {
            "id": 12762639,
            "name": "강릉시립미술관 교동",
            "final_score": 0.2756,
            "distance_from_center": 1.38
          },
          {
            "id": 1550291849,
            "name": "강릉아트센터",
            "final_score": 0.2062,
            "distance_from_center": 1.5
          },
          {
            "id": 11663849,
            "name": "강릉향교",
            "final_score": 0.1333,
            "distance_from_center": 1.55
          },
          {
            "id": 13345877,
            "name": "강릉 서부시장",
            "final_score": 0.2471,
            "distance_from_center": 1.84
          },
          {
            "id": 1357865119,
            "name": "고래책방",
            "final_score": 0.3329,
            "distance_from_center": 1.99
          },
          {
            "id": 1211834959,
            "name": "강릉올림픽뮤지엄",
            "final_score": 0.1379,
            "distance_from_center": 2.01
          },
          {
            "id": 749351147,
            "name": "강릉 임영관 삼문",
            "final_score": 0.1483,
            "distance_from_center": 2.06
          },
          {
            "id": 15685783,
            "name": "강릉 대도호부 관아",
            "final_score": 0.2765,
            "distance_from_center": 2.07
          }
        ]
      }
    },
    {
      "cluster_id": 1,
      "date": "2025-10-29",
      "weekday": "수",
      "seed_category": "Restaurant",
      "seed_place": {
        "id": 1333300547,
        "name": "강릉옥",
        "final_score": 0.566
      },
      "center_lat": 37.75169,
      "center_lng": 128.886715,
      "categories": {
        "Cafe": [
          {
            "id": 1081008717,
            "name": "홍제멘션 강릉 본점",
            "final_score": 0.3545,
            "distance_from_center": 0.17
          },
          {
            "id": 1026225860,
            "name": "새바람이오는그늘",
            "final_score": 0.3698,
            "distance_from_center": 0.39
          },
          {
            "id": 1275789425,
            "name": "봄",
            "final_score": 0.3876,
            "distance_from_center": 0.44
          },
          {
            "id": 1232320005,
            "name": "카페 객사문",
            "final_score": 0.3621,
            "distance_from_center": 0.44
          },
          {
            "id": 1104085754,
            "name": "aie",
            "final_score": 0.3661,
            "distance_from_center": 0.46
          },
          {
            "id": 1700941376,
            "name": "즈므로스터리",
            "final_score": 0.2889,
            "distance_from_center": 0.47
          },
          {
            "id": 1606960077,
            "name": "카페초이",
            "final_score": 0.4465,
            "distance_from_center": 0.47
          },
          {
            "id": 1750727150,
            "name": "미미케이크",
            "final_score": 0.3439,
            "distance_from_center": 0.49
          },
          {
            "id": 1670844066,
            "name": "빵파르",
            "final_score": 0.2543,
            "distance_from_center": 0.5
          },
          {
            "id": 13320528,
            "name": "명주배롱",
            "final_score": 0.2441,
            "distance_from_center": 0.55
          },
          {
            "id": 1426647455,
            "name": "파인파인 강릉점",
            "final_score": 0.4088,
            "distance_from_center": 0.57
          },
          {
            "id": 2031533892,
            "name": "글루크",
            "final_score": 0.3796,
            "distance_from_center": 0.58
          },
          {
            "id": 1325516945,
            "name": "카페 오뉴월",
            "final_score": 0.2736,
            "distance_from_center": 0.59
          },
          {
            "id": 1500318606,
            "name": "버떠",
            "final_score": 0.384,
            "distance_from_center": 0.59
          },
          {
            "id": 1070351925,
            "name": "임당동162",
            "final_score": 0.3579,
            "distance_from_center": 0.62
          }
        ],
        "Restaurant": [
          {
            "id": 1333300547,
            "name": "강릉옥",
            "final_score": 0.566,
            "distance_from_center": 0.0
          },
          {
            "id": 32036410,
            "name": "통큰왕손만두찐빵",
            "final_score": 0.3454,
            "distance_from_center": 0.03
          },
          {
            "id": 1083519778,
            "name": "가누",
            "final_score": 0.4412,
            "distance_from_center": 0.04
          },
          {
            "id": 1574640686,
            "name": "쉐프윤찹쌀고로케 강릉점",
            "final_score": 0.3141,
            "distance_from_center": 0.06
          },
          {
            "id": 32268248,
            "name": "왕초신불닭",
            "final_score": 0.3769,
            "distance_from_center": 0.11
          },
          {
            "id": 37791032,
            "name": "춘천진선닭갈비",
            "final_score": 0.3352,
            "distance_from_center": 0.12
          },
          {
            "id": 20511455,
            "name": "회산장칼국수",
            "final_score": 0.4509,
            "distance_from_center": 0.16
          },
          {
            "id": 1751324799,
            "name": "홍제동언덕길그집",
            "final_score": 0.3025,
            "distance_from_center": 0.17
          },
          {
            "id": 2077873969,
            "name": "솔향돈우촌",
            "final_score": 0.4938,
            "distance_from_center": 0.23
          },
          {
            "id": 1005162827,
            "name": "피셔맨웍스",
            "final_score": 0.3646,
            "distance_from_center": 0.43
          },
          {
            "id": 1732446351,
            "name": "못난이맛집",
            "final_score": 0.0,
            "distance_from_center": 0.44
          },
          {
            "id": 1412551385,
            "name": "국민낙곱새 강릉점",
            "final_score": 0.3624,
            "distance_from_center": 0.44
          },
          {
            "id": 1029274799,
            "name": "돈마루솥뚜껑",
            "final_score": 0.5086,
            "distance_from_center": 0.44
          },
          {
            "id": 1228005515,
            "name": "두찜 강릉중앙점",
            "final_score": 0.2887,
            "distance_from_center": 0.45
          },
          {
            "id": 15295834,
            "name": "문화식당",
            "final_score": 0.3189,
            "distance_from_center": 0.45
          }
        ],
        "Attraction": [
          {
            "id": 38623679,
            "name": "명주예술마당",
            "final_score": 0.0784,
            "distance_from_center": 0.34
          },
          {
            "id": 37090227,
            "name": "버드나무 브루어리",
            "final_score": 0.3405,
            "distance_from_center": 0.43
          },
          {
            "id": 1249952785,
            "name": "강릉 명주동 거리",
            "final_score": 0.3258,
            "distance_from_center": 0.53
          },
          {
            "id": 15693581,
            "name": "강릉 남산공원",
            "final_score": 0.2154,
            "distance_from_center": 0.72
          },
          {
            "id": 12955259,
            "name": "단오타운전시관",
            "final_score": 0.1943,
            "distance_from_center": 0.83
          },
          {
            "id": 1287320440,
            "name": "강릉 월화거리",
            "final_score": 0.1989,
            "distance_from_center": 1.05
          },
          {
            "id": 13345873,
            "name": "강릉 중앙시장",
            "final_score": 0.3237,
            "distance_from_center": 1.08
          },
          {
            "id": 11592129,
            "name": "강릉교육문화관",
            "final_score": 0.2918,
            "distance_from_center": 1.32
          },
          {
            "id": 35188457,
            "name": "애니멀스토리",
            "final_score": 0.2145,
            "distance_from_center": 1.35
          },
          {
            "id": 13345874,
            "name": "강릉 동부시장",
            "final_score": 0.0,
            "distance_from_center": 1.52
          },
          {
            "id": 1412053208,
            "name": "처음처럼&새로 브랜드 체험관",
            "final_score": 0.0315,
            "distance_from_center": 1.95
          },
          {
            "id": 37081677,
            "name": "수상한마법학교",
            "final_score": 0.0676,
            "distance_from_center": 2.45
          },
          {
            "id": 20066249,
            "name": "강릉 수리골 고택",
            "final_score": 0.3286,
            "distance_from_center": 3.86
          },
          {
            "id": 11687693,
            "name": "강릉 선교장",
            "final_score": 0.1685,
            "distance_from_center": 3.88
          },
          {
            "id": 32777223,
            "name": "자연아놀자 체험학습박물관",
            "final_score": 0.1334,
            "distance_from_center": 4.03
          }
        ]
      }
    },
    {
      "cluster_id": 2,
      "date": "2025-10-30",
      "weekday": "목",
      "seed_category": "Restaurant",
      "seed_place": {
        "id": 1547280580,
        "name": "삼겹식당 강릉송정점",
        "final_score": 0.5619
      },
      "center_lat": 37.7746,
      "center_lng": 128.932636,
      "categories": {
        "Cafe": [
          {
            "id": 1289622019,
            "name": "카페캔슈",
            "final_score": 0.4077,
            "distance_from_center": 0.45
          },
          {
            "id": 1830452681,
            "name": "스타벅스 강릉송정DT점",
            "final_score": 0.2216,
            "distance_from_center": 0.9
          },
          {
            "id": 1425096858,
            "name": "강릉커피콩빵 강릉당 안목해변점",
            "final_score": 0.1825,
            "distance_from_center": 1.18
          },
          {
            "id": 15331732,
            "name": "커피씨엘",
            "final_score": 0.1094,
            "distance_from_center": 1.2
          },
          {
            "id": 1536161656,
            "name": "하슬라가배",
            "final_score": 0.3113,
            "distance_from_center": 1.23
          },
          {
            "id": 1009977259,
            "name": "강원옥찹쌀떡&치코스타코 안목점",
            "final_score": 0.1975,
            "distance_from_center": 1.24
          },
          {
            "id": 1019503112,
            "name": "강릉샌드 안목해변점",
            "final_score": 0.2827,
            "distance_from_center": 1.24
          },
          {
            "id": 499938650,
            "name": "카페 뤼미에르",
            "final_score": 0.2143,
            "distance_from_center": 1.29
          },
          {
            "id": 11887822,
            "name": "커피커퍼 안목점",
            "final_score": 0.2714,
            "distance_from_center": 1.3
          },
          {
            "id": 1933690279,
            "name": "미르마르",
            "final_score": 0.2931,
            "distance_from_center": 1.31
          },
          {
            "id": 34203501,
            "name": "에이엠브레드앤커피",
            "final_score": 0.398,
            "distance_from_center": 1.33
          },
          {
            "id": 2064259008,
            "name": "테라로사 강릉 신라모노그램점",
            "final_score": 0.341,
            "distance_from_center": 1.39
          },
          {
            "id": 1557387521,
            "name": "할리스 강릉안목해변점",
            "final_score": 0.2236,
            "distance_from_center": 1.42
          },
          {
            "id": 66343890,
            "name": "강릉빵다방",
            "final_score": 0.2945,
            "distance_from_center": 1.42
          },
          {
            "id": 15692078,
            "name": "카페알베로",
            "final_score": 0.1338,
            "distance_from_center": 1.43
          }
        ],
        "Restaurant": [
          {
            "id": 1547280580,
            "name": "삼겹식당 강릉송정점",
            "final_score": 0.5619,
            "distance_from_center": 0.0
          },
          {
            "id": 20364475,
            "name": "김윤미전복삼계탕 강릉본점",
            "final_score": 0.2073,
            "distance_from_center": 0.05
          },
          {
            "id": 15329662,
            "name": "밥먹는마을",
            "final_score": 0.3063,
            "distance_from_center": 0.22
          },
          {
            "id": 1953425523,
            "name": "태인네포차",
            "final_score": 0.4263,
            "distance_from_center": 0.25
          },
          {
            "id": 1143057643,
            "name": "고래밥한식뷔페",
            "final_score": 0.2262,
            "distance_from_center": 0.28
          },
          {
            "id": 1337206643,
            "name": "강릉염전조개구이",
            "final_score": 0.297,
            "distance_from_center": 0.41
          },
          {
            "id": 1524056023,
            "name": "여우애김밥 강릉송정점",
            "final_score": 0.2995,
            "distance_from_center": 0.45
          },
          {
            "id": 1167569582,
            "name": "송가촌",
            "final_score": 0.3152,
            "distance_from_center": 0.46
          },
          {
            "id": 1637551545,
            "name": "더프롤로그필드 강릉 대게 본점",
            "final_score": 0.3967,
            "distance_from_center": 0.54
          },
          {
            "id": 1770360235,
            "name": "찐전집",
            "final_score": 0.2884,
            "distance_from_center": 0.6
          },
          {
            "id": 1347619457,
            "name": "송정불향쭈꾸미",
            "final_score": 0.4375,
            "distance_from_center": 0.67
          },
          {
            "id": 1216081294,
            "name": "광덕식당",
            "final_score": 0.5565,
            "distance_from_center": 0.9
          },
          {
            "id": 1953548649,
            "name": "샤브올데이 강릉송정점",
            "final_score": 0.3096,
            "distance_from_center": 0.93
          },
          {
            "id": 1582249955,
            "name": "브라보칼국수 강릉본점",
            "final_score": 0.3578,
            "distance_from_center": 1.03
          },
          {
            "id": 1929924200,
            "name": "강릉역옹막 안목점",
            "final_score": 0.3389,
            "distance_from_center": 1.05
          }
        ],
        "Attraction": [
          {
            "id": 20065935,
            "name": "송정해변",
            "final_score": 0.0668,
            "distance_from_center": 0.73
          },
          {
            "id": 32268465,
            "name": "환희컵박물관",
            "final_score": 0.1782,
            "distance_from_center": 0.92
          },
          {
            "id": 939463951,
            "name": "강릉 안목해맞이공원",
            "final_score": 0.2645,
            "distance_from_center": 1.1
          },
          {
            "id": 13491906,
            "name": "안목해변",
            "final_score": 0.3735,
            "distance_from_center": 1.31
          },
          {
            "id": 20947876,
            "name": "강릉커피거리",
            "final_score": 0.1762,
            "distance_from_center": 1.31
          },
          {
            "id": 1243747688,
            "name": "병산 옹심이마을",
            "final_score": 0.293,
            "distance_from_center": 1.48
          },
          {
            "id": 15692195,
            "name": "강릉항",
            "final_score": 0.1923,
            "distance_from_center": 1.72
          },
          {
            "id": 1112785467,
            "name": "런닝맨 강릉점",
            "final_score": 0.0904,
            "distance_from_center": 2.08
          },
          {
            "id": 13491444,
            "name": "남항진해변",
            "final_score": 0.2085,
            "distance_from_center": 2.24
          },
          {
            "id": 13491183,
            "name": "강문해변",
            "final_score": 0.1646,
            "distance_from_center": 2.55
          },
          {
            "id": 1542622512,
            "name": "원더스카이",
            "final_score": 0.0937,
            "distance_from_center": 2.63
          },
          {
            "id": 31506191,
            "name": "초당순두부마을",
            "final_score": 0.3351,
            "distance_from_center": 2.68
          },
          {
            "id": 1881857549,
            "name": "강릉 메타버스 체험관",
            "final_score": 0.0004,
            "distance_from_center": 2.73
          },
          {
            "id": 37434460,
            "name": "경포 아쿠아리움",
            "final_score": 0.1173,
            "distance_from_center": 2.77
          },
          {
            "id": 1090555407,
            "name": "아르떼뮤지엄 강릉",
            "final_score": 0.2129,
            "distance_from_center": 2.77
          }
        ]
      }
    },
    {
      "cluster_id": 3,
      "date": "2025-10-31",
      "weekday": "금",
      "seed_category": "Restaurant",
      "seed_place": {
        "id": 1368387404,
        "name": "시나미왕갈비탕",
        "final_score": 0.5243
      },
      "center_lat": 37.751026,
      "center_lng": 128.89641,
      "categories": {
        "Cafe": [
          {
            "id": 38345396,
            "name": "지베이스",
            "final_score": 0.3245,
            "distance_from_center": 0.2
          },
          {
            "id": 35256483,
            "name": "설빙 강릉대학로점",
            "final_score": 0.4005,
            "distance_from_center": 0.26
          },
          {
            "id": 2094977764,
            "name": "장인더 강릉",
            "final_score": 0.333,
            "distance_from_center": 0.27
          },
          {
            "id": 30959782,
            "name": "투썸플레이스 강릉중앙점",
            "final_score": 0.3409,
            "distance_from_center": 0.27
          },
          {
            "id": 1086491623,
            "name": "파충류카페 강릉점",
            "final_score": 0.4463,
            "distance_from_center": 0.28
          },
          {
            "id": 1758181058,
            "name": "김성수제빵소 강릉점",
            "final_score": 0.3576,
            "distance_from_center": 0.31
          },
          {
            "id": 1683765421,
            "name": "타임슬립",
            "final_score": 0.2879,
            "distance_from_center": 0.31
          },
          {
            "id": 1669842519,
            "name": "오버웨잇 강릉본점",
            "final_score": 0.2086,
            "distance_from_center": 0.33
          },
          {
            "id": 1921017062,
            "name": "카페시로울",
            "final_score": 0.3285,
            "distance_from_center": 0.35
          },
          {
            "id": 2013389102,
            "name": "크레마코스타 중앙시장점",
            "final_score": 0.3598,
            "distance_from_center": 0.38
          },
          {
            "id": 1318617687,
            "name": "강릉이래요",
            "final_score": 0.2422,
            "distance_from_center": 0.38
          },
          {
            "id": 37160959,
            "name": "배스킨라빈스 강릉대학로점",
            "final_score": 0.1273,
            "distance_from_center": 0.39
          },
          {
            "id": 1355852682,
            "name": "젤라또마켓 순두부젤라또",
            "final_score": 0.2766,
            "distance_from_center": 0.4
          },
          {
            "id": 1697573959,
            "name": "강릉커피콩빵 강릉당 중앙시장점",
            "final_score": 0.2324,
            "distance_from_center": 0.41
          },
          {
            "id": 1246478918,
            "name": "중화짬뽕빵",
            "final_score": 0.2396,
            "distance_from_center": 0.41
          }
        ],
        "Restaurant": [
          {
            "id": 1368387404,
            "name": "시나미왕갈비탕",
            "final_score": 0.5243,
            "distance_from_center": 0.0
          },
          {
            "id": 1961675235,
            "name": "곱창미지수",
            "final_score": 0.4159,
            "distance_from_center": 0.0
          },
          {
            "id": 32443745,
            "name": "불향쭈꾸미볶음",
            "final_score": 0.2928,
            "distance_from_center": 0.05
          },
          {
            "id": 1560658401,
            "name": "솔옥",
            "final_score": 0.4409,
            "distance_from_center": 0.08
          },
          {
            "id": 1085464055,
            "name": "강릉길감자",
            "final_score": 0.2899,
            "distance_from_center": 0.08
          },
          {
            "id": 12052285,
            "name": "부부보쌈",
            "final_score": 0.4542,
            "distance_from_center": 0.09
          },
          {
            "id": 1603154990,
            "name": "성남대운식당",
            "final_score": 0.171,
            "distance_from_center": 0.09
          },
          {
            "id": 1495644418,
            "name": "다이닝원 강릉점",
            "final_score": 0.3359,
            "distance_from_center": 0.11
          },
          {
            "id": 1405926737,
            "name": "강릉모카번",
            "final_score": 0.3806,
            "distance_from_center": 0.15
          },
          {
            "id": 15299161,
            "name": "삼삼해물찜",
            "final_score": 0.2461,
            "distance_from_center": 0.17
          },
          {
            "id": 20264800,
            "name": "곽가네시오야끼",
            "final_score": 0.4781,
            "distance_from_center": 0.21
          },
          {
            "id": 15294097,
            "name": "춘천마신는닭갈비",
            "final_score": 0.3561,
            "distance_from_center": 0.22
          },
          {
            "id": 20601583,
            "name": "여고시절 카레떡볶이",
            "final_score": 0.2433,
            "distance_from_center": 0.23
          },
          {
            "id": 15299914,
            "name": "감자바우 장칼국수",
            "final_score": 0.3358,
            "distance_from_center": 0.23
          },
          {
            "id": 32037906,
            "name": "정윤이네먹거리",
            "final_score": 0.3065,
            "distance_from_center": 0.25
          }
        ],
        "Attraction": [
          {
            "id": 31044854,
            "name": "경포가시연습지",
            "final_score": 0.0562,
            "distance_from_center": 4.28
          },
          {
            "id": 1130774967,
            "name": "허균·허난설헌 기념공원",
            "final_score": 0.2431,
            "distance_from_center": 4.68
          },
          {
            "id": 20066218,
            "name": "허난설헌 생가터",
            "final_score": 0.1283,
            "distance_from_center": 4.7
          },
          {
            "id": 1300520912,
            "name": "르꼬따쥬",
            "final_score": 0.1358,
            "distance_from_center": 4.95
          },
          {
            "id": 1675156043,
            "name": "강릉 경포대",
            "final_score": 0.2285,
            "distance_from_center": 4.95
          },
          {
            "id": 13491109,
            "name": "경포호",
            "final_score": 0.1393,
            "distance_from_center": 4.96
          },
          {
            "id": 12409858,
            "name": "참소리에디슨손성목영화박물관",
            "final_score": 0.0778,
            "distance_from_center": 5.2
          },
          {
            "id": 13126966,
            "name": "풍호마을",
            "final_score": 0.0334,
            "distance_from_center": 5.29
          },
          {
            "id": 472414455,
            "name": "경포호수광장",
            "final_score": 0.0741,
            "distance_from_center": 5.33
          },
          {
            "id": 1063021154,
            "name": "경포플라워가든",
            "final_score": 0.0819,
            "distance_from_center": 5.33
          },
          {
            "id": 1940124735,
            "name": "강문솟대다리",
            "final_score": 0.2844,
            "distance_from_center": 5.47
          },
          {
            "id": 13300191,
            "name": "경포도립공원",
            "final_score": 0.2236,
            "distance_from_center": 5.88
          }
        ]
      }
    },
    {
      "cluster_id": 4,
      "date": "2025-11-01",
      "weekday": "토",
      "seed_category": "Restaurant",
      "seed_place": {
        "id": 12951301,
        "name": "교항면옥",
        "final_score": 0.524
      },
      "center_lat": 37.876155,
      "center_lng": 128.828553,
      "categories": {
        "Cafe": [
          {
            "id": 1249217189,
            "name": "오드커피",
            "final_score": 0.2869,
            "distance_from_center": 0.58
          },
          {
            "id": 1147229173,
            "name": "도깨비젤라또",
            "final_score": 0.2293,
            "distance_from_center": 0.59
          },
          {
            "id": 1169844332,
            "name": "스타벅스 강릉주문진점",
            "final_score": 0.2255,
            "distance_from_center": 0.62
          },
          {
            "id": 1876301121,
            "name": "포르토포레스트하우스",
            "final_score": 0.4788,
            "distance_from_center": 1.29
          },
          {
            "id": 1009179914,
            "name": "갈매기다방",
            "final_score": 0.3836,
            "distance_from_center": 1.42
          },
          {
            "id": 1839133695,
            "name": "빵을쇼핑하다빵명가치아바타CIABATTA",
            "final_score": 0.2847,
            "distance_from_center": 1.64
          },
          {
            "id": 11682971,
            "name": "보헤미안박이추커피본점",
            "final_score": 0.2136,
            "distance_from_center": 1.77
          },
          {
            "id": 15373350,
            "name": "브라질",
            "final_score": 0.3364,
            "distance_from_center": 1.79
          },
          {
            "id": 1900553385,
            "name": "바우카페",
            "final_score": 0.2385,
            "distance_from_center": 1.81
          },
          {
            "id": 1266299794,
            "name": "해옫 강릉",
            "final_score": 0.4559,
            "distance_from_center": 1.86
          },
          {
            "id": 1543529590,
            "name": "카페제니엘 주문진점",
            "final_score": 0.1746,
            "distance_from_center": 2.08
          },
          {
            "id": 1543529590,
            "name": "카페제니엘 주문진점",
            "final_score": 0.1746,
            "distance_from_center": 2.08
          },
          {
            "id": 2017141901,
            "name": "에브리데이크",
            "final_score": 0.3502,
            "distance_from_center": 2.1
          },
          {
            "id": 1396977535,
            "name": "소돌엔 등대점",
            "final_score": 0.2331,
            "distance_from_center": 2.44
          },
          {
            "id": 1019347699,
            "name": "플레이스 플러스",
            "final_score": 0.189,
            "distance_from_center": 2.98
          }
        ],
        "Restaurant": [
          {
            "id": 12951301,
            "name": "교항면옥",
            "final_score": 0.524,
            "distance_from_center": 0.0
          },
          {
            "id": 11799922,
            "name": "페리카나 도립대점",
            "final_score": 0.4005,
            "distance_from_center": 0.02
          },
          {
            "id": 20264808,
            "name": "주문진가마솥설렁탕",
            "final_score": 0.2913,
            "distance_from_center": 0.04
          },
          {
            "id": 1059361236,
            "name": "곱창백화점 주문진점",
            "final_score": 0.4332,
            "distance_from_center": 0.12
          },
          {
            "id": 15360393,
            "name": "현자네해물촌",
            "final_score": 0.3234,
            "distance_from_center": 0.37
          },
          {
            "id": 1947436708,
            "name": "얌샘김밥 주문진점",
            "final_score": 0.3087,
            "distance_from_center": 0.38
          },
          {
            "id": 1138422210,
            "name": "도야족발 주문진점",
            "final_score": 0.2315,
            "distance_from_center": 0.4
          },
          {
            "id": 1285422816,
            "name": "굴다리돌솥밥",
            "final_score": 0.3716,
            "distance_from_center": 0.5
          },
          {
            "id": 1805805554,
            "name": "오구피자 주문진점",
            "final_score": 0.2139,
            "distance_from_center": 0.55
          },
          {
            "id": 318625076,
            "name": "주문진 상희네횟집 홍게무한리필",
            "final_score": 0.2477,
            "distance_from_center": 0.57
          },
          {
            "id": 33133925,
            "name": "해랑대게횟집",
            "final_score": 0.3109,
            "distance_from_center": 0.58
          },
          {
            "id": 1151531006,
            "name": "강냉이소쿠리",
            "final_score": 0.2116,
            "distance_from_center": 0.62
          },
          {
            "id": 1345031898,
            "name": "87닭강정 주문진점",
            "final_score": 0.3101,
            "distance_from_center": 0.65
          },
          {
            "id": 1051463715,
            "name": "산마루쌈밥",
            "final_score": 0.4172,
            "distance_from_center": 0.65
          },
          {
            "id": 1947256113,
            "name": "맛드렁 집밥",
            "final_score": 0.4431,
            "distance_from_center": 0.79
          }
        ],
        "Attraction": [
          {
            "id": 13490946,
            "name": "주문진항",
            "final_score": 0.3418,
            "distance_from_center": 1.28
          },
          {
            "id": 1600054868,
            "name": "해피아워크루즈",
            "final_score": 0.1081,
            "distance_from_center": 1.49
          },
          {
            "id": 34818378,
            "name": "주문진해양박물관",
            "final_score": 0.134,
            "distance_from_center": 1.68
          },
          {
            "id": 13491150,
            "name": "영진해변",
            "final_score": 0.0681,
            "distance_from_center": 1.71
          },
          {
            "id": 20059236,
            "name": "주문리마을",
            "final_score": 0.266,
            "distance_from_center": 1.86
          },
          {
            "id": 20054445,
            "name": "영진항",
            "final_score": 0.2442,
            "distance_from_center": 1.94
          },
          {
            "id": 20054507,
            "name": "주문진 등대",
            "final_score": 0.1307,
            "distance_from_center": 2.44
          },
          {
            "id": 13444336,
            "name": "연곡해변",
            "final_score": 0.1478,
            "distance_from_center": 2.74
          },
          {
            "id": 19501415,
            "name": "소돌아들바위공원",
            "final_score": 0.0739,
            "distance_from_center": 3.3
          },
          {
            "id": 13491657,
            "name": "소돌해수욕장",
            "final_score": 0.2818,
            "distance_from_center": 3.35
          },
          {
            "id": 13491005,
            "name": "주문진해수욕장",
            "final_score": 0.3542,
            "distance_from_center": 3.93
          },
          {
            "id": 15698326,
            "name": "향호해변",
            "final_score": 0.0868,
            "distance_from_center": 4.03
          },
          {
            "id": 1154013651,
            "name": "주문진bts",
            "final_score": 0.069,
            "distance_from_center": 4.17
          },
          {
            "id": 1848252796,
            "name": "강릉아기동물농장",
            "final_score": 0.2648,
            "distance_from_center": 4.38
          },
          {
            "id": 12390002,
            "name": "강릉 복사꽃마을",
            "final_score": 0.216,
            "distance_from_center": 4.51
          }
        ]
      }
    }
  ]
}