{
  "user_id": "U0158",
  "start_date": "2025-12-03",
  "start_weekday": "수",
  "duration_days": 3,
  "budget": 600000,
  "num_clusters": 3,
  "clustering_method": "greedy_score_based_with_store_hours",
  "seed_strategy": "highest_score_only",
  "max_cluster_radius_km": 6,
  "min_places_per_category": 7,
  "places_per_category": 15,
  "Accommodation": 10065274,
  "clusters": [
    {
      "cluster_id": 0,
      "date": "2025-12-03",
      "weekday": "수",
      "seed_category": "Cafe",
      "seed_place": {
        "id": 1606960077,
        "name": "카페초이",
        "final_score": 0.4347
      },
      "center_lat": 37.754609,
      "center_lng": 128.890513,
      "categories": {
        "Cafe": [
          {
            "id": 1606960077,
            "name": "카페초이",
            "final_score": 0.4347,
            "distance_from_center": 0.0
          },
          {
            "id": 1700941376,
            "name": "즈므로스터리",
            "final_score": 0.3012,
            "distance_from_center": 0.03
          },
          {
            "id": 1232320005,
            "name": "카페 객사문",
            "final_score": 0.4175,
            "distance_from_center": 0.1
          },
          {
            "id": 1070351925,
            "name": "임당동162",
            "final_score": 0.1673,
            "distance_from_center": 0.19
          },
          {
            "id": 2091156925,
            "name": "호리가",
            "final_score": 0.0497,
            "distance_from_center": 0.2
          },
          {
            "id": 1670844066,
            "name": "빵파르",
            "final_score": 0.1399,
            "distance_from_center": 0.26
          },
          {
            "id": 1315387703,
            "name": "베리베리딸기",
            "final_score": 0.2337,
            "distance_from_center": 0.28
          },
          {
            "id": 1442187201,
            "name": "이프 iifff",
            "final_score": 0.2694,
            "distance_from_center": 0.31
          },
          {
            "id": 1149019688,
            "name": "코즈밀",
            "final_score": 0.1552,
            "distance_from_center": 0.32
          },
          {
            "id": 1013733901,
            "name": "르봉마젤 소품샵",
            "final_score": 0.364,
            "distance_from_center": 0.36
          },
          {
            "id": 1111813353,
            "name": "플레이스 플러스",
            "final_score": 0.3054,
            "distance_from_center": 0.38
          },
          {
            "id": 1253183545,
            "name": "교동빵집",
            "final_score": 0.1202,
            "distance_from_center": 0.39
          },
          {
            "id": 30959782,
            "name": "투썸플레이스 강릉중앙점",
            "final_score": 0.292,
            "distance_from_center": 0.4
          },
          {
            "id": 1647063521,
            "name": "그라우브",
            "final_score": 0.3713,
            "distance_from_center": 0.4
          },
          {
            "id": 1024642914,
            "name": "오브더모먼트",
            "final_score": 0.1576,
            "distance_from_center": 0.41
          }
        ],
        "Restaurant": [
          {
            "id": 15295834,
            "name": "문화식당",
            "final_score": 0.2315,
            "distance_from_center": 0.01
          },
          {
            "id": 1005162827,
            "name": "피셔맨웍스",
            "final_score": 0.2866,
            "distance_from_center": 0.03
          },
          {
            "id": 1412551385,
            "name": "국민낙곱새 강릉점",
            "final_score": 0.0981,
            "distance_from_center": 0.04
          },
          {
            "id": 1228005515,
            "name": "두찜 강릉중앙점",
            "final_score": 0.0779,
            "distance_from_center": 0.06
          },
          {
            "id": 1381045567,
            "name": "향이네 꼬마김밥",
            "final_score": 0.2183,
            "distance_from_center": 0.06
          },
          {
            "id": 1361647162,
            "name": "냉삼꼬세",
            "final_score": 0.1206,
            "distance_from_center": 0.06
          },
          {
            "id": 1259569608,
            "name": "연화 닭발과파전",
            "final_score": 0.0001,
            "distance_from_center": 0.07
          },
          {
            "id": 1283618889,
            "name": "서부시장냉삼",
            "final_score": 0.3248,
            "distance_from_center": 0.1
          },
          {
            "id": 1880324643,
            "name": "비노에올리바",
            "final_score": 0.2537,
            "distance_from_center": 0.11
          },
          {
            "id": 19900264,
            "name": "만선식당",
            "final_score": 0.0,
            "distance_from_center": 0.13
          },
          {
            "id": 15291386,
            "name": "모래틈식당",
            "final_score": 0.0169,
            "distance_from_center": 0.15
          },
          {
            "id": 15292474,
            "name": "벌집",
            "final_score": 0.2399,
            "distance_from_center": 0.2
          },
          {
            "id": 1103356219,
            "name": "서당골산채",
            "final_score": 0.1916,
            "distance_from_center": 0.21
          },
          {
            "id": 15293053,
            "name": "묘정",
            "final_score": 0.1234,
            "distance_from_center": 0.22
          },
          {
            "id": 33556999,
            "name": "나린면옥",
            "final_score": 0.2452,
            "distance_from_center": 0.29
          }
        ],
        "Attraction": [
          {
            "id": 13345877,
            "name": "강릉 서부시장",
            "final_score": 0.1936,
            "distance_from_center": 0.06
          },
          {
            "id": 749351147,
            "name": "강릉 임영관 삼문",
            "final_score": 0.1559,
            "distance_from_center": 0.2
          },
          {
            "id": 15685783,
            "name": "강릉 대도호부 관아",
            "final_score": 0.2775,
            "distance_from_center": 0.2
          },
          {
            "id": 1249952785,
            "name": "강릉 명주동 거리",
            "final_score": 0.2808,
            "distance_from_center": 0.43
          },
          {
            "id": 38623679,
            "name": "명주예술마당",
            "final_score": 0.1393,
            "distance_from_center": 0.46
          },
          {
            "id": 1287320440,
            "name": "강릉 월화거리",
            "final_score": 0.1119,
            "distance_from_center": 0.63
          },
          {
            "id": 12762639,
            "name": "강릉시립미술관 교동",
            "final_score": 0.2963,
            "distance_from_center": 0.67
          },
          {
            "id": 13345873,
            "name": "강릉 중앙시장",
            "final_score": 0.2311,
            "distance_from_center": 0.72
          },
          {
            "id": 1357865119,
            "name": "고래책방",
            "final_score": 0.3463,
            "distance_from_center": 0.72
          },
          {
            "id": 15693581,
            "name": "강릉 남산공원",
            "final_score": 0.1435,
            "distance_from_center": 0.77
          },
          {
            "id": 12955259,
            "name": "단오타운전시관",
            "final_score": 0.3601,
            "distance_from_center": 0.81
          },
          {
            "id": 37090227,
            "name": "버드나무 브루어리",
            "final_score": 0.255,
            "distance_from_center": 0.88
          },
          {
            "id": 13345874,
            "name": "강릉 동부시장",
            "final_score": 0.0,
            "distance_from_center": 1.06
          },
          {
            "id": 2062786512,
            "name": "강릉시립미술관 솔올",
            "final_score": 0.2154,
            "distance_from_center": 1.07
          },
          {
            "id": 11663849,
            "name": "강릉향교",
            "final_score": 0.1366,
            "distance_from_center": 1.08
          }
        ]
      }
    },
    {
      "cluster_id": 1,
      "date": "2025-12-04",
      "weekday": "목",
      "seed_category": "Restaurant",
      "seed_place": {
        "id": 1950305815,
        "name": "주문진 미인상회",
        "final_score": 0.4223
      },
      "center_lat": 37.886142,
      "center_lng": 128.823976,
      "categories": {
        "Cafe": [
          {
            "id": 1266299794,
            "name": "해옫 강릉",
            "final_score": 0.3627,
            "distance_from_center": 0.79
          },
          {
            "id": 1169844332,
            "name": "스타벅스 강릉주문진점",
            "final_score": 0.2765,
            "distance_from_center": 0.85
          },
          {
            "id": 2017141901,
            "name": "에브리데이크",
            "final_score": 0.3099,
            "distance_from_center": 1.11
          },
          {
            "id": 1147229173,
            "name": "도깨비젤라또",
            "final_score": 0.1579,
            "distance_from_center": 1.13
          },
          {
            "id": 1249217189,
            "name": "오드커피",
            "final_score": 0.2876,
            "distance_from_center": 1.21
          },
          {
            "id": 1543529590,
            "name": "카페제니엘 주문진점",
            "final_score": 0.2244,
            "distance_from_center": 1.26
          },
          {
            "id": 1543529590,
            "name": "카페제니엘 주문진점",
            "final_score": 0.2244,
            "distance_from_center": 1.26
          },
          {
            "id": 1396977535,
            "name": "소돌엔 등대점",
            "final_score": 0.0936,
            "distance_from_center": 1.5
          },
          {
            "id": 1019347699,
            "name": "플레이스 플러스",
            "final_score": 0.1946,
            "distance_from_center": 1.92
          },
          {
            "id": 1299462841,
            "name": "소돌엔 강릉",
            "final_score": 0.1947,
            "distance_from_center": 2.26
          },
          {
            "id": 1876301121,
            "name": "포르토포레스트하우스",
            "final_score": 0.3898,
            "distance_from_center": 2.29
          },
          {
            "id": 1009179914,
            "name": "갈매기다방",
            "final_score": 0.3693,
            "distance_from_center": 2.43
          },
          {
            "id": 1839133695,
            "name": "빵을쇼핑하다빵명가치아바타CIABATTA",
            "final_score": 0.2327,
            "distance_from_center": 2.64
          },
          {
            "id": 15373350,
            "name": "브라질",
            "final_score": 0.2868,
            "distance_from_center": 2.79
          },
          {
            "id": 1900553385,
            "name": "바우카페",
            "final_score": 0.2436,
            "distance_from_center": 2.81
          }
        ],
        "Restaurant": [
          {
            "id": 1950305815,
            "name": "주문진 미인상회",
            "final_score": 0.4223,
            "distance_from_center": 0.0
          },
          {
            "id": 1463664286,
            "name": "주문진호시",
            "final_score": 0.3031,
            "distance_from_center": 0.09
          },
          {
            "id": 31096902,
            "name": "원조칼국수",
            "final_score": 0.2851,
            "distance_from_center": 0.11
          },
          {
            "id": 1104323584,
            "name": "감자마을",
            "final_score": 0.113,
            "distance_from_center": 0.11
          },
          {
            "id": 21116582,
            "name": "주문진 돈의맛",
            "final_score": 0.2895,
            "distance_from_center": 0.14
          },
          {
            "id": 1720905897,
            "name": "이맛에온다 본점",
            "final_score": 0.0001,
            "distance_from_center": 0.18
          },
          {
            "id": 15696942,
            "name": "맛있는엄마밥상",
            "final_score": 0.2517,
            "distance_from_center": 0.24
          },
          {
            "id": 1136211401,
            "name": "삼첩분식 주문진점",
            "final_score": 0.3135,
            "distance_from_center": 0.25
          },
          {
            "id": 38314569,
            "name": "주문진신짬뽕",
            "final_score": 0.1005,
            "distance_from_center": 0.27
          },
          {
            "id": 21382681,
            "name": "꽃보다소",
            "final_score": 0.3718,
            "distance_from_center": 0.3
          },
          {
            "id": 1240895948,
            "name": "주공면옥",
            "final_score": 0.0429,
            "distance_from_center": 0.32
          },
          {
            "id": 15362879,
            "name": "감칠맛회국수",
            "final_score": 0.2709,
            "distance_from_center": 0.34
          },
          {
            "id": 1062358382,
            "name": "원영생선구이",
            "final_score": 0.1891,
            "distance_from_center": 0.36
          },
          {
            "id": 1890450106,
            "name": "명주뜰",
            "final_score": 0.359,
            "distance_from_center": 0.41
          },
          {
            "id": 36911308,
            "name": "육반장 주문진점",
            "final_score": 0.2112,
            "distance_from_center": 0.42
          }
        ],
        "Attraction": [
          {
            "id": 13490946,
            "name": "주문진항",
            "final_score": 0.2996,
            "distance_from_center": 0.55
          },
          {
            "id": 1600054868,
            "name": "해피아워크루즈",
            "final_score": 0.1091,
            "distance_from_center": 0.56
          },
          {
            "id": 34818378,
            "name": "주문진해양박물관",
            "final_score": 0.0661,
            "distance_from_center": 0.71
          },
          {
            "id": 20059236,
            "name": "주문리마을",
            "final_score": 0.3362,
            "distance_from_center": 0.8
          },
          {
            "id": 20054507,
            "name": "주문진 등대",
            "final_score": 0.1388,
            "distance_from_center": 1.54
          },
          {
            "id": 19501415,
            "name": "소돌아들바위공원",
            "final_score": 0.0492,
            "distance_from_center": 2.23
          },
          {
            "id": 13491657,
            "name": "소돌해수욕장",
            "final_score": 0.1095,
            "distance_from_center": 2.25
          },
          {
            "id": 13491150,
            "name": "영진해변",
            "final_score": 0.1383,
            "distance_from_center": 2.72
          },
          {
            "id": 13491005,
            "name": "주문진해수욕장",
            "final_score": 0.2933,
            "distance_from_center": 2.76
          },
          {
            "id": 15698326,
            "name": "향호해변",
            "final_score": 0.0956,
            "distance_from_center": 2.86
          },
          {
            "id": 20054445,
            "name": "영진항",
            "final_score": 0.1528,
            "distance_from_center": 2.95
          },
          {
            "id": 1154013651,
            "name": "주문진bts",
            "final_score": 0.0494,
            "distance_from_center": 3.0
          },
          {
            "id": 13444336,
            "name": "연곡해변",
            "final_score": 0.1921,
            "distance_from_center": 3.82
          },
          {
            "id": 12390002,
            "name": "강릉 복사꽃마을",
            "final_score": 0.1907,
            "distance_from_center": 4.14
          },
          {
            "id": 1848252796,
            "name": "강릉아기동물농장",
            "final_score": 0.1745,
            "distance_from_center": 5.5
          }
        ]
      }
    },
    {
      "cluster_id": 2,
      "date": "2025-12-05",
      "weekday": "금",
      "seed_category": "Cafe",
      "seed_place": {
        "id": 1651019497,
        "name": "스타벅스 강릉중앙점",
        "final_score": 0.4172
      },
      "center_lat": 37.754889,
      "center_lng": 128.896073,
      "categories": {
        "Cafe": [
          {
            "id": 1651019497,
            "name": "스타벅스 강릉중앙점",
            "final_score": 0.4172,
            "distance_from_center": 0.0
          },
          {
            "id": 37160959,
            "name": "배스킨라빈스 강릉대학로점",
            "final_score": 0.062,
            "distance_from_center": 0.04
          },
          {
            "id": 1921017062,
            "name": "카페시로울",
            "final_score": 0.2464,
            "distance_from_center": 0.08
          },
          {
            "id": 2013389102,
            "name": "크레마코스타 중앙시장점",
            "final_score": 0.3527,
            "distance_from_center": 0.11
          },
          {
            "id": 2094977764,
            "name": "장인더 강릉",
            "final_score": 0.2645,
            "distance_from_center": 0.16
          },
          {
            "id": 1086491623,
            "name": "파충류카페 강릉점",
            "final_score": 0.3555,
            "distance_from_center": 0.16
          },
          {
            "id": 1758181058,
            "name": "김성수제빵소 강릉점",
            "final_score": 0.2306,
            "distance_from_center": 0.17
          },
          {
            "id": 35256483,
            "name": "설빙 강릉대학로점",
            "final_score": 0.3267,
            "distance_from_center": 0.18
          },
          {
            "id": 1099817979,
            "name": "달콤하잉",
            "final_score": 0.2644,
            "distance_from_center": 0.19
          },
          {
            "id": 1001417136,
            "name": "리도커피",
            "final_score": 0.3954,
            "distance_from_center": 0.23
          },
          {
            "id": 1659347323,
            "name": "강릉샌드",
            "final_score": 0.2935,
            "distance_from_center": 0.24
          },
          {
            "id": 1277825412,
            "name": "바스투체어",
            "final_score": 0.2624,
            "distance_from_center": 0.24
          },
          {
            "id": 1318617687,
            "name": "강릉이래요",
            "final_score": 0.0195,
            "distance_from_center": 0.24
          },
          {
            "id": 1683765421,
            "name": "타임슬립",
            "final_score": 0.2873,
            "distance_from_center": 0.25
          },
          {
            "id": 1526049518,
            "name": "커피러버스",
            "final_score": 0.1333,
            "distance_from_center": 0.26
          }
        ],
        "Restaurant": [
          {
            "id": 1670400618,
            "name": "김밥천국 임당점",
            "final_score": 0.1889,
            "distance_from_center": 0.04
          },
          {
            "id": 1771946366,
            "name": "배꼽시계",
            "final_score": 0.0949,
            "distance_from_center": 0.06
          },
          {
            "id": 34266306,
            "name": "인사동손칼국시",
            "final_score": 0.0914,
            "distance_from_center": 0.09
          },
          {
            "id": 1406475436,
            "name": "이쉐프의돈까스",
            "final_score": 0.306,
            "distance_from_center": 0.1
          },
          {
            "id": 1593466816,
            "name": "내마음에찜 강릉본점",
            "final_score": 0.0788,
            "distance_from_center": 0.1
          },
          {
            "id": 15290632,
            "name": "백제삼계탕",
            "final_score": 0.2175,
            "distance_from_center": 0.11
          },
          {
            "id": 1130880606,
            "name": "월화의 부엌",
            "final_score": 0.3133,
            "distance_from_center": 0.12
          },
          {
            "id": 1117655474,
            "name": "선채향",
            "final_score": 0.1601,
            "distance_from_center": 0.12
          },
          {
            "id": 539519138,
            "name": "김밥나라 강릉본점",
            "final_score": 0.0913,
            "distance_from_center": 0.14
          },
          {
            "id": 1844878772,
            "name": "삼척풍물호떡",
            "final_score": 0.0629,
            "distance_from_center": 0.14
          },
          {
            "id": 37668482,
            "name": "고봉민김밥인 강릉문화의거리점",
            "final_score": 0.2863,
            "distance_from_center": 0.15
          },
          {
            "id": 1199090198,
            "name": "임당골 감자탕",
            "final_score": 0.266,
            "distance_from_center": 0.15
          },
          {
            "id": 1821311733,
            "name": "강릉떡볶이",
            "final_score": 0.1573,
            "distance_from_center": 0.16
          },
          {
            "id": 35371344,
            "name": "옛진고개식당",
            "final_score": 0.0182,
            "distance_from_center": 0.16
          },
          {
            "id": 1065465081,
            "name": "찜사랑 생선찜전문점",
            "final_score": 0.2612,
            "distance_from_center": 0.17
          }
        ],
        "Attraction": [
          {
            "id": 11592129,
            "name": "강릉교육문화관",
            "final_score": 0.3504,
            "distance_from_center": 1.04
          },
          {
            "id": 35188457,
            "name": "애니멀스토리",
            "final_score": 0.1631,
            "distance_from_center": 1.21
          },
          {
            "id": 1550291849,
            "name": "강릉아트센터",
            "final_score": 0.0922,
            "distance_from_center": 1.87
          },
          {
            "id": 1775014582,
            "name": "리고엠",
            "final_score": 0.3379,
            "distance_from_center": 1.97
          },
          {
            "id": 11535675,
            "name": "강릉문화원",
            "final_score": 0.2553,
            "distance_from_center": 2.0
          },
          {
            "id": 1211834959,
            "name": "강릉올림픽뮤지엄",
            "final_score": 0.1687,
            "distance_from_center": 2.72
          },
          {
            "id": 1412053208,
            "name": "처음처럼&새로 브랜드 체험관",
            "final_score": 0.1886,
            "distance_from_center": 2.83
          },
          {
            "id": 21824426,
            "name": "강릉원주대학교 박물관",
            "final_score": 0.3999,
            "distance_from_center": 2.89
          },
          {
            "id": 19832807,
            "name": "강릉자수박물관",
            "final_score": 0.0424,
            "distance_from_center": 2.92
          },
          {
            "id": 1346656418,
            "name": "경포생태저류지",
            "final_score": 0.0967,
            "distance_from_center": 3.03
          },
          {
            "id": 11620702,
            "name": "강릉 오죽헌·시립박물관",
            "final_score": 0.3464,
            "distance_from_center": 3.06
          },
          {
            "id": 37081677,
            "name": "수상한마법학교",
            "final_score": 0.1668,
            "distance_from_center": 3.09
          },
          {
            "id": 32777223,
            "name": "자연아놀자 체험학습박물관",
            "final_score": 0.1187,
            "distance_from_center": 3.45
          },
          {
            "id": 20066249,
            "name": "강릉 수리골 고택",
            "final_score": 0.1387,
            "distance_from_center": 3.51
          },
          {
            "id": 11687693,
            "name": "강릉 선교장",
            "final_score": 0.1029,
            "distance_from_center": 3.65
          }
        ]
      }
    }
  ]
}