{
  "user_id": "U0157",
  "start_date": "2025-04-16",
  "start_weekday": "수",
  "duration_days": 1,
  "budget": 100000,
  "num_clusters": 1,
  "clustering_method": "greedy_score_based_with_store_hours",
  "seed_strategy": "highest_score_only",
  "max_cluster_radius_km": 6,
  "min_places_per_category": 7,
  "places_per_category": 15,
  "Accommodation": null,
  "clusters": [
    {
      "cluster_id": 0,
      "date": "2025-04-16",
      "weekday": "수",
      "seed_category": "Restaurant",
      "seed_place": {
        "id": 15351961,
        "name": "남향막국수 본점",
        "final_score": 0.6452
      },
      "center_lat": 37.798018,
      "center_lng": 128.894895,
      "categories": {
        "Cafe": [
          {
            "id": 1083326838,
            "name": "씨엠디컴퍼니",
            "final_score": 0.525,
            "distance_from_center": 1.05
          },
          {
            "id": 1899236965,
            "name": "삼송빵집 강릉경포점",
            "final_score": 0.4357,
            "distance_from_center": 1.23
          },
          {
            "id": 1439249340,
            "name": "서지초가뜰",
            "final_score": 0.4755,
            "distance_from_center": 1.45
          },
          {
            "id": 1986607278,
            "name": "백야커피",
            "final_score": 0.4068,
            "distance_from_center": 1.55
          },
          {
            "id": 2003320621,
            "name": "차전자",
            "final_score": 0.4534,
            "distance_from_center": 1.6
          },
          {
            "id": 1195768568,
            "name": "플레이스 플러스",
            "final_score": 0.5539,
            "distance_from_center": 1.62
          },
          {
            "id": 1188561598,
            "name": "초당밀",
            "final_score": 0.3984,
            "distance_from_center": 1.63
          },
          {
            "id": 1836092492,
            "name": "허니홈비 강릉본점",
            "final_score": 0.5263,
            "distance_from_center": 1.67
          },
          {
            "id": 1176434004,
            "name": "AURA Cafe&Lounge",
            "final_score": 0.3438,
            "distance_from_center": 1.67
          },
          {
            "id": 1986612032,
            "name": "롱브레드 초당",
            "final_score": 0.3217,
            "distance_from_center": 1.73
          },
          {
            "id": 1103533977,
            "name": "허스크밀",
            "final_score": 0.3811,
            "distance_from_center": 1.78
          },
          {
            "id": 998885728,
            "name": "카페 툇마루",
            "final_score": 0.4736,
            "distance_from_center": 1.82
          },
          {
            "id": 1212033877,
            "name": "강릉샌드 초당점",
            "final_score": 0.4681,
            "distance_from_center": 1.82
          },
          {
            "id": 2067971861,
            "name": "안초당",
            "final_score": 0.5611,
            "distance_from_center": 1.83
          },
          {
            "id": 2038520626,
            "name": "시만차 포그",
            "final_score": 0.5379,
            "distance_from_center": 1.85
          }
        ],
        "Restaurant": [
          {
            "id": 15351961,
            "name": "남향막국수 본점",
            "final_score": 0.6452,
            "distance_from_center": 0.0
          },
          {
            "id": 35700874,
            "name": "솔담한정식 강릉본점",
            "final_score": 0.3672,
            "distance_from_center": 0.15
          },
          {
            "id": 2064849699,
            "name": "호수정 한정식 강릉본점",
            "final_score": 0.4617,
            "distance_from_center": 0.16
          },
          {
            "id": 1657903037,
            "name": "명경막국수",
            "final_score": 0.3907,
            "distance_from_center": 0.21
          },
          {
            "id": 804014354,
            "name": "까막장이야기",
            "final_score": 0.4159,
            "distance_from_center": 0.24
          },
          {
            "id": 1853032344,
            "name": "다연경포밥집",
            "final_score": 0.4037,
            "distance_from_center": 0.92
          },
          {
            "id": 1511206408,
            "name": "안현가",
            "final_score": 0.4199,
            "distance_from_center": 0.94
          },
          {
            "id": 1804546960,
            "name": "강문가",
            "final_score": 0.4335,
            "distance_from_center": 0.94
          },
          {
            "id": 1479763913,
            "name": "호해",
            "final_score": 0.3491,
            "distance_from_center": 1.0
          },
          {
            "id": 12780466,
            "name": "경포가든",
            "final_score": 0.5382,
            "distance_from_center": 1.03
          },
          {
            "id": 1190165195,
            "name": "소담낙지 강릉경포",
            "final_score": 0.2747,
            "distance_from_center": 1.05
          },
          {
            "id": 15695978,
            "name": "경포초당순두부식당",
            "final_score": 0.4096,
            "distance_from_center": 1.05
          },
          {
            "id": 1161455816,
            "name": "최일순 짬뽕순두부",
            "final_score": 0.393,
            "distance_from_center": 1.05
          },
          {
            "id": 1671142700,
            "name": "시골순두부밥상",
            "final_score": 0.3725,
            "distance_from_center": 1.05
          },
          {
            "id": 19338559,
            "name": "경포전주식당",
            "final_score": 0.37,
            "distance_from_center": 1.09
          }
        ],
        "Attraction": [
          {
            "id": 12409858,
            "name": "참소리에디슨손성목영화박물관",
            "final_score": 0.2432,
            "distance_from_center": 0.21
          },
          {
            "id": 13491109,
            "name": "경포호",
            "final_score": 0.2383,
            "distance_from_center": 0.31
          },
          {
            "id": 1675156043,
            "name": "강릉 경포대",
            "final_score": 0.3319,
            "distance_from_center": 0.31
          },
          {
            "id": 31044854,
            "name": "경포가시연습지",
            "final_score": 0.2301,
            "distance_from_center": 1.01
          },
          {
            "id": 1063021154,
            "name": "경포플라워가든",
            "final_score": 0.2032,
            "distance_from_center": 1.21
          },
          {
            "id": 472414455,
            "name": "경포호수광장",
            "final_score": 0.271,
            "distance_from_center": 1.29
          },
          {
            "id": 20066249,
            "name": "강릉 수리골 고택",
            "final_score": 0.3372,
            "distance_from_center": 1.35
          },
          {
            "id": 12079976,
            "name": "경포해수욕장",
            "final_score": 0.5401,
            "distance_from_center": 1.41
          },
          {
            "id": 13300191,
            "name": "경포도립공원",
            "final_score": 0.3793,
            "distance_from_center": 1.44
          },
          {
            "id": 37434460,
            "name": "경포 아쿠아리움",
            "final_score": 0.2884,
            "distance_from_center": 1.44
          },
          {
            "id": 1090555407,
            "name": "아르떼뮤지엄 강릉",
            "final_score": 0.4099,
            "distance_from_center": 1.44
          },
          {
            "id": 20066218,
            "name": "허난설헌 생가터",
            "final_score": 0.2972,
            "distance_from_center": 1.46
          },
          {
            "id": 1130774967,
            "name": "허균·허난설헌 기념공원",
            "final_score": 0.4215,
            "distance_from_center": 1.48
          },
          {
            "id": 1881857549,
            "name": "강릉 메타버스 체험관",
            "final_score": 0.1727,
            "distance_from_center": 1.51
          },
          {
            "id": 11687693,
            "name": "강릉 선교장",
            "final_score": 0.3985,
            "distance_from_center": 1.54
          }
        ]
      }
    }
  ]
}