{
  "user_id": "U0161",
  "start_date": "2025-10-03",
  "start_weekday": "금",
  "duration_days": 3,
  "budget": 600000,
  "num_clusters": 3,
  "clustering_method": "greedy_score_based_with_store_hours",
  "seed_strategy": "highest_score_only",
  "max_cluster_radius_km": 6,
  "min_places_per_category": 7,
  "places_per_category": 15,
  "Accommodation": 10060041,
  "clusters": [
    {
      "cluster_id": 0,
      "date": "2025-10-03",
      "weekday": "금",
      "seed_category": "Restaurant",
      "seed_place": {
        "id": 32038666,
        "name": "황소실비",
        "final_score": 0.5832
      },
      "center_lat": 37.768598,
      "center_lng": 128.878763,
      "categories": {
        "Cafe": [
          {
            "id": 1843451871,
            "name": "투썸플레이스 강릉교동택지점",
            "final_score": 0.3398,
            "distance_from_center": 0.07
          },
          {
            "id": 1784470266,
            "name": "메가MGC커피 강릉교동솔올점",
            "final_score": 0.0008,
            "distance_from_center": 0.12
          },
          {
            "id": 1867724165,
            "name": "사루",
            "final_score": 0.452,
            "distance_from_center": 0.17
          },
          {
            "id": 1623800311,
            "name": "멜로우밀",
            "final_score": 0.4181,
            "distance_from_center": 0.18
          },
          {
            "id": 1625914520,
            "name": "사월의 모노웜",
            "final_score": 0.3095,
            "distance_from_center": 0.2
          },
          {
            "id": 1133303813,
            "name": "커피아워",
            "final_score": 0.3862,
            "distance_from_center": 0.26
          },
          {
            "id": 38274668,
            "name": "플레지르",
            "final_score": 0.3058,
            "distance_from_center": 0.27
          },
          {
            "id": 1662017638,
            "name": "쎄라비",
            "final_score": 0.3064,
            "distance_from_center": 0.3
          },
          {
            "id": 1662017638,
            "name": "쎄라비",
            "final_score": 0.3064,
            "distance_from_center": 0.3
          },
          {
            "id": 79408101,
            "name": "이디야커피 강릉교동택지점",
            "final_score": 0.3788,
            "distance_from_center": 0.35
          },
          {
            "id": 1683569661,
            "name": "디핑 초콜릿카페",
            "final_score": 0.3835,
            "distance_from_center": 0.36
          },
          {
            "id": 1292591709,
            "name": "헝키도리커피바",
            "final_score": 0.424,
            "distance_from_center": 0.37
          },
          {
            "id": 1352455905,
            "name": "화이트리에 강릉점",
            "final_score": 0.1179,
            "distance_from_center": 0.44
          },
          {
            "id": 1215792352,
            "name": "던킨 강릉교동점",
            "final_score": 0.5198,
            "distance_from_center": 0.44
          },
          {
            "id": 1459760339,
            "name": "스타벅스 강릉교동광장점",
            "final_score": 0.3473,
            "distance_from_center": 0.5
          }
        ],
        "Restaurant": [
          {
            "id": 32038666,
            "name": "황소실비",
            "final_score": 0.5832,
            "distance_from_center": 0.0
          },
          {
            "id": 19782934,
            "name": "회빈장",
            "final_score": 0.287,
            "distance_from_center": 0.03
          },
          {
            "id": 1847740796,
            "name": "오봉집 강릉점",
            "final_score": 0.3993,
            "distance_from_center": 0.03
          },
          {
            "id": 15311728,
            "name": "수미골",
            "final_score": 0.2895,
            "distance_from_center": 0.05
          },
          {
            "id": 15380022,
            "name": "국수와파전",
            "final_score": 0.341,
            "distance_from_center": 0.07
          },
          {
            "id": 1862735111,
            "name": "차차동",
            "final_score": 0.4191,
            "distance_from_center": 0.07
          },
          {
            "id": 1131992941,
            "name": "은하수구락부",
            "final_score": 0.1903,
            "distance_from_center": 0.07
          },
          {
            "id": 15310589,
            "name": "솔올부대찌개",
            "final_score": 0.3731,
            "distance_from_center": 0.07
          },
          {
            "id": 231087604,
            "name": "만억정흑염소",
            "final_score": 0.434,
            "distance_from_center": 0.08
          },
          {
            "id": 12042486,
            "name": "밤마차 교동점",
            "final_score": 0.1392,
            "distance_from_center": 0.09
          },
          {
            "id": 1053416085,
            "name": "본래순대 교동택지점",
            "final_score": 0.5025,
            "distance_from_center": 0.09
          },
          {
            "id": 35852302,
            "name": "도전",
            "final_score": 0.2354,
            "distance_from_center": 0.1
          },
          {
            "id": 1376821892,
            "name": "구석",
            "final_score": 0.3347,
            "distance_from_center": 0.11
          },
          {
            "id": 11550609,
            "name": "굴사랑 교동택지점",
            "final_score": 0.4699,
            "distance_from_center": 0.12
          },
          {
            "id": 15376068,
            "name": "산마을",
            "final_score": 0.3878,
            "distance_from_center": 0.13
          }
        ],
        "Attraction": [
          {
            "id": 1775014582,
            "name": "리고엠",
            "final_score": 0.2911,
            "distance_from_center": 0.51
          },
          {
            "id": 21824426,
            "name": "강릉원주대학교 박물관",
            "final_score": 0.4294,
            "distance_from_center": 0.8
          },
          {
            "id": 19832807,
            "name": "강릉자수박물관",
            "final_score": 0.115,
            "distance_from_center": 1.05
          },
          {
            "id": 2062786512,
            "name": "강릉시립미술관 솔올",
            "final_score": 0.1736,
            "distance_from_center": 1.08
          },
          {
            "id": 11535675,
            "name": "강릉문화원",
            "final_score": 0.2005,
            "distance_from_center": 1.17
          },
          {
            "id": 11620702,
            "name": "강릉 오죽헌·시립박물관",
            "final_score": 0.3391,
            "distance_from_center": 1.18
          },
          {
            "id": 1346656418,
            "name": "경포생태저류지",
            "final_score": 0.133,
            "distance_from_center": 1.29
          },
          {
            "id": 12762639,
            "name": "강릉시립미술관 교동",
            "final_score": 0.3761,
            "distance_from_center": 1.38
          },
          {
            "id": 1550291849,
            "name": "강릉아트센터",
            "final_score": 0.1556,
            "distance_from_center": 1.5
          },
          {
            "id": 11663849,
            "name": "강릉향교",
            "final_score": 0.1866,
            "distance_from_center": 1.55
          },
          {
            "id": 13345877,
            "name": "강릉 서부시장",
            "final_score": 0.3217,
            "distance_from_center": 1.84
          },
          {
            "id": 1357865119,
            "name": "고래책방",
            "final_score": 0.4054,
            "distance_from_center": 1.99
          },
          {
            "id": 1211834959,
            "name": "강릉올림픽뮤지엄",
            "final_score": 0.1886,
            "distance_from_center": 2.01
          },
          {
            "id": 749351147,
            "name": "강릉 임영관 삼문",
            "final_score": 0.1406,
            "distance_from_center": 2.06
          },
          {
            "id": 15685783,
            "name": "강릉 대도호부 관아",
            "final_score": 0.3945,
            "distance_from_center": 2.07
          }
        ]
      }
    },
    {
      "cluster_id": 1,
      "date": "2025-10-04",
      "weekday": "토",
      "seed_category": "Restaurant",
      "seed_place": {
        "id": 1567062059,
        "name": "회산막국수 강릉점",
        "final_score": 0.5794
      },
      "center_lat": 37.744862,
      "center_lng": 128.870636,
      "categories": {
        "Cafe": [
          {
            "id": 1174448798,
            "name": "스타벅스 강릉IC DT점",
            "final_score": 0.4277,
            "distance_from_center": 0.27
          },
          {
            "id": 2012122325,
            "name": "루모",
            "final_score": 0.4767,
            "distance_from_center": 0.71
          },
          {
            "id": 19900143,
            "name": "라몬타냐",
            "final_score": 0.412,
            "distance_from_center": 0.73
          },
          {
            "id": 2067021446,
            "name": "떡이네",
            "final_score": 0.4618,
            "distance_from_center": 0.93
          },
          {
            "id": 1106082140,
            "name": "아이즈 로스터리 홍제동 본점",
            "final_score": 0.3478,
            "distance_from_center": 1.13
          },
          {
            "id": 1750727150,
            "name": "미미케이크",
            "final_score": 0.3135,
            "distance_from_center": 1.13
          },
          {
            "id": 1633456108,
            "name": "투썸플레이스 유천지구점",
            "final_score": 0.1876,
            "distance_from_center": 1.37
          },
          {
            "id": 263503029,
            "name": "어썸",
            "final_score": 0.4379,
            "distance_from_center": 1.38
          },
          {
            "id": 1546169801,
            "name": "강릉그림카페",
            "final_score": 0.3386,
            "distance_from_center": 1.41
          },
          {
            "id": 1081008717,
            "name": "홍제멘션 강릉 본점",
            "final_score": 0.4041,
            "distance_from_center": 1.48
          },
          {
            "id": 1605447318,
            "name": "젤라또까사",
            "final_score": 0.5171,
            "distance_from_center": 1.57
          },
          {
            "id": 1500318606,
            "name": "버떠",
            "final_score": 0.4324,
            "distance_from_center": 1.62
          },
          {
            "id": 1442771903,
            "name": "가디",
            "final_score": 0.3861,
            "distance_from_center": 1.77
          },
          {
            "id": 15299378,
            "name": "포모도로",
            "final_score": 0.3415,
            "distance_from_center": 1.81
          },
          {
            "id": 1026225860,
            "name": "새바람이오는그늘",
            "final_score": 0.4345,
            "distance_from_center": 1.83
          }
        ],
        "Restaurant": [
          {
            "id": 1567062059,
            "name": "회산막국수 강릉점",
            "final_score": 0.5794,
            "distance_from_center": 0.0
          },
          {
            "id": 1371192904,
            "name": "갑진정식",
            "final_score": 0.3504,
            "distance_from_center": 0.6
          },
          {
            "id": 1921017060,
            "name": "강릉명가",
            "final_score": 0.4121,
            "distance_from_center": 0.66
          },
          {
            "id": 1605479970,
            "name": "십이월육일",
            "final_score": 0.407,
            "distance_from_center": 0.77
          },
          {
            "id": 37253078,
            "name": "뿅가곱창 강릉점",
            "final_score": 0.5141,
            "distance_from_center": 0.79
          },
          {
            "id": 1070243890,
            "name": "무단외박",
            "final_score": 0.3871,
            "distance_from_center": 0.8
          },
          {
            "id": 1366265272,
            "name": "병천순대 내곡점",
            "final_score": 0.4632,
            "distance_from_center": 0.81
          },
          {
            "id": 12038496,
            "name": "형분식한식",
            "final_score": 0.1431,
            "distance_from_center": 0.85
          },
          {
            "id": 1129330317,
            "name": "치킨인류 내곡홍제점",
            "final_score": 0.4152,
            "distance_from_center": 0.85
          },
          {
            "id": 1653794749,
            "name": "갱스터분식카페",
            "final_score": 0.2356,
            "distance_from_center": 0.85
          },
          {
            "id": 615540229,
            "name": "밥톨",
            "final_score": 0.4547,
            "distance_from_center": 0.86
          },
          {
            "id": 36505019,
            "name": "회산솔식당",
            "final_score": 0.4647,
            "distance_from_center": 0.87
          },
          {
            "id": 37628157,
            "name": "동일장칼국수 내곡점",
            "final_score": 0.2778,
            "distance_from_center": 0.93
          },
          {
            "id": 32736679,
            "name": "뼈장군",
            "final_score": 0.3518,
            "distance_from_center": 0.96
          },
          {
            "id": 1337210252,
            "name": "밥잘하는누나",
            "final_score": 0.0,
            "distance_from_center": 0.99
          }
        ],
        "Attraction": [
          {
            "id": 1412053208,
            "name": "처음처럼&새로 브랜드 체험관",
            "final_score": 0.1034,
            "distance_from_center": 0.47
          },
          {
            "id": 37090227,
            "name": "버드나무 브루어리",
            "final_score": 0.36,
            "distance_from_center": 1.27
          },
          {
            "id": 37081677,
            "name": "수상한마법학교",
            "final_score": 0.1236,
            "distance_from_center": 1.76
          },
          {
            "id": 38623679,
            "name": "명주예술마당",
            "final_score": 0.1552,
            "distance_from_center": 1.84
          },
          {
            "id": 15693581,
            "name": "강릉 남산공원",
            "final_score": 0.259,
            "distance_from_center": 2.04
          },
          {
            "id": 1249952785,
            "name": "강릉 명주동 거리",
            "final_score": 0.3889,
            "distance_from_center": 2.06
          },
          {
            "id": 12955259,
            "name": "단오타운전시관",
            "final_score": 0.2041,
            "distance_from_center": 2.18
          },
          {
            "id": 35188457,
            "name": "애니멀스토리",
            "final_score": 0.2491,
            "distance_from_center": 2.48
          },
          {
            "id": 11592129,
            "name": "강릉교육문화관",
            "final_score": 0.3476,
            "distance_from_center": 2.57
          },
          {
            "id": 1287320440,
            "name": "강릉 월화거리",
            "final_score": 0.3329,
            "distance_from_center": 2.66
          },
          {
            "id": 13345873,
            "name": "강릉 중앙시장",
            "final_score": 0.4537,
            "distance_from_center": 2.66
          },
          {
            "id": 13345874,
            "name": "강릉 동부시장",
            "final_score": 0.0,
            "distance_from_center": 3.12
          },
          {
            "id": 1300520912,
            "name": "르꼬따쥬",
            "final_score": 0.2045,
            "distance_from_center": 4.78
          },
          {
            "id": 11687693,
            "name": "강릉 선교장",
            "final_score": 0.2183,
            "distance_from_center": 4.81
          },
          {
            "id": 20066249,
            "name": "강릉 수리골 고택",
            "final_score": 0.3462,
            "distance_from_center": 4.94
          }
        ]
      }
    },
    {
      "cluster_id": 2,
      "date": "2025-10-05",
      "weekday": "일",
      "seed_category": "Restaurant",
      "seed_place": {
        "id": 1775815561,
        "name": "청년고기장수 강릉주문진점",
        "final_score": 0.5721
      },
      "center_lat": 37.893105,
      "center_lng": 128.825776,
      "categories": {
        "Cafe": [
          {
            "id": 1266299794,
            "name": "해옫 강릉",
            "final_score": 0.5135,
            "distance_from_center": 0.12
          },
          {
            "id": 2017141901,
            "name": "에브리데이크",
            "final_score": 0.406,
            "distance_from_center": 0.41
          },
          {
            "id": 1543529590,
            "name": "카페제니엘 주문진점",
            "final_score": 0.2872,
            "distance_from_center": 0.73
          },
          {
            "id": 1543529590,
            "name": "카페제니엘 주문진점",
            "final_score": 0.2872,
            "distance_from_center": 0.73
          },
          {
            "id": 1396977535,
            "name": "소돌엔 등대점",
            "final_score": 0.3116,
            "distance_from_center": 0.8
          },
          {
            "id": 1019347699,
            "name": "플레이스 플러스",
            "final_score": 0.2617,
            "distance_from_center": 1.13
          },
          {
            "id": 1169844332,
            "name": "스타벅스 강릉주문진점",
            "final_score": 0.2952,
            "distance_from_center": 1.41
          },
          {
            "id": 1299462841,
            "name": "소돌엔 강릉",
            "final_score": 0.2247,
            "distance_from_center": 1.48
          },
          {
            "id": 1147229173,
            "name": "도깨비젤라또",
            "final_score": 0.273,
            "distance_from_center": 1.67
          },
          {
            "id": 1249217189,
            "name": "오드커피",
            "final_score": 0.3648,
            "distance_from_center": 1.75
          },
          {
            "id": 1876301121,
            "name": "포르토포레스트하우스",
            "final_score": 0.5152,
            "distance_from_center": 2.82
          },
          {
            "id": 1009179914,
            "name": "갈매기다방",
            "final_score": 0.4622,
            "distance_from_center": 2.95
          },
          {
            "id": 1839133695,
            "name": "빵을쇼핑하다빵명가치아바타CIABATTA",
            "final_score": 0.3499,
            "distance_from_center": 3.16
          },
          {
            "id": 15373350,
            "name": "브라질",
            "final_score": 0.3766,
            "distance_from_center": 3.3
          },
          {
            "id": 1900553385,
            "name": "바우카페",
            "final_score": 0.2982,
            "distance_from_center": 3.32
          }
        ],
        "Restaurant": [
          {
            "id": 1775815561,
            "name": "청년고기장수 강릉주문진점",
            "final_score": 0.5721,
            "distance_from_center": 0.0
          },
          {
            "id": 36623104,
            "name": "주문진행운식당",
            "final_score": 0.3434,
            "distance_from_center": 0.09
          },
          {
            "id": 20357470,
            "name": "삼미식당",
            "final_score": 0.4067,
            "distance_from_center": 0.16
          },
          {
            "id": 15354357,
            "name": "바다식당",
            "final_score": 0.1434,
            "distance_from_center": 0.16
          },
          {
            "id": 36892469,
            "name": "솔바람텃골",
            "final_score": 0.3758,
            "distance_from_center": 0.16
          },
          {
            "id": 1974654226,
            "name": "강원도엄나무닭강정",
            "final_score": 0.453,
            "distance_from_center": 0.16
          },
          {
            "id": 36777124,
            "name": "철뚝소머리집",
            "final_score": 0.4051,
            "distance_from_center": 0.17
          },
          {
            "id": 1215971214,
            "name": "주문진전주식당",
            "final_score": 0.3006,
            "distance_from_center": 0.18
          },
          {
            "id": 1956257025,
            "name": "맛있는하루",
            "final_score": 0.3917,
            "distance_from_center": 0.19
          },
          {
            "id": 1026602629,
            "name": "삼성식당",
            "final_score": 0.2544,
            "distance_from_center": 0.21
          },
          {
            "id": 21736411,
            "name": "왕솔밭칼국수",
            "final_score": 0.39,
            "distance_from_center": 0.22
          },
          {
            "id": 1239178298,
            "name": "수향수산횟집",
            "final_score": 0.409,
            "distance_from_center": 0.23
          },
          {
            "id": 1581548946,
            "name": "국수나무 주문진점",
            "final_score": 0.3519,
            "distance_from_center": 0.24
          },
          {
            "id": 1515374261,
            "name": "주문진고기장터",
            "final_score": 0.4796,
            "distance_from_center": 0.25
          },
          {
            "id": 1706696364,
            "name": "미화식당",
            "final_score": 0.3583,
            "distance_from_center": 0.25
          }
        ],
        "Attraction": [
          {
            "id": 20059236,
            "name": "주문리마을",
            "final_score": 0.309,
            "distance_from_center": 0.12
          },
          {
            "id": 34818378,
            "name": "주문진해양박물관",
            "final_score": 0.2148,
            "distance_from_center": 0.34
          },
          {
            "id": 1600054868,
            "name": "해피아워크루즈",
            "final_score": 0.1973,
            "distance_from_center": 0.47
          },
          {
            "id": 13490946,
            "name": "주문진항",
            "final_score": 0.466,
            "distance_from_center": 0.71
          },
          {
            "id": 20054507,
            "name": "주문진 등대",
            "final_score": 0.1786,
            "distance_from_center": 0.87
          },
          {
            "id": 19501415,
            "name": "소돌아들바위공원",
            "final_score": 0.1423,
            "distance_from_center": 1.44
          },
          {
            "id": 13491657,
            "name": "소돌해수욕장",
            "final_score": 0.3626,
            "distance_from_center": 1.47
          },
          {
            "id": 13491005,
            "name": "주문진해수욕장",
            "final_score": 0.4445,
            "distance_from_center": 2.04
          },
          {
            "id": 15698326,
            "name": "향호해변",
            "final_score": 0.1565,
            "distance_from_center": 2.15
          },
          {
            "id": 1154013651,
            "name": "주문진bts",
            "final_score": 0.0846,
            "distance_from_center": 2.29
          },
          {
            "id": 13491150,
            "name": "영진해변",
            "final_score": 0.1398,
            "distance_from_center": 3.23
          },
          {
            "id": 20054445,
            "name": "영진항",
            "final_score": 0.2957,
            "distance_from_center": 3.44
          },
          {
            "id": 13444336,
            "name": "연곡해변",
            "final_score": 0.3088,
            "distance_from_center": 4.35
          },
          {
            "id": 12390002,
            "name": "강릉 복사꽃마을",
            "final_score": 0.2485,
            "distance_from_center": 4.49
          }
        ]
      }
    }
  ]
}