{
  "user_id": "U0160",
  "start_date": "2025-05-22",
  "start_weekday": "목",
  "duration_days": 3,
  "budget": 400000,
  "num_clusters": 3,
  "clustering_method": "greedy_score_based_with_store_hours",
  "seed_strategy": "highest_score_only",
  "max_cluster_radius_km": 6,
  "min_places_per_category": 7,
  "places_per_category": 15,
  "Accommodation": 1000108328,
  "clusters": [
    {
      "cluster_id": 0,
      "date": "2025-05-22",
      "weekday": "목",
      "seed_category": "Cafe",
      "seed_place": {
        "id": 1495937611,
        "name": "음차차",
        "final_score": 0.5455
      },
      "center_lat": 37.757631,
      "center_lng": 128.884281,
      "categories": {
        "Cafe": [
          {
            "id": 1495937611,
            "name": "음차차",
            "final_score": 0.5455,
            "distance_from_center": 0.0
          },
          {
            "id": 1500318606,
            "name": "버떠",
            "final_score": 0.4603,
            "distance_from_center": 0.24
          },
          {
            "id": 1605447318,
            "name": "젤라또까사",
            "final_score": 0.4802,
            "distance_from_center": 0.3
          },
          {
            "id": 1670844066,
            "name": "빵파르",
            "final_score": 0.4111,
            "distance_from_center": 0.38
          },
          {
            "id": 1504291324,
            "name": "백금당 강릉점",
            "final_score": 0.3551,
            "distance_from_center": 0.51
          },
          {
            "id": 1442187201,
            "name": "이프 iifff",
            "final_score": 0.4365,
            "distance_from_center": 0.6
          },
          {
            "id": 1149019688,
            "name": "코즈밀",
            "final_score": 0.362,
            "distance_from_center": 0.61
          },
          {
            "id": 1700941376,
            "name": "즈므로스터리",
            "final_score": 0.3638,
            "distance_from_center": 0.61
          },
          {
            "id": 1111813353,
            "name": "플레이스 플러스",
            "final_score": 0.4803,
            "distance_from_center": 0.63
          },
          {
            "id": 1606960077,
            "name": "카페초이",
            "final_score": 0.4685,
            "distance_from_center": 0.64
          },
          {
            "id": 1024642914,
            "name": "오브더모먼트",
            "final_score": 0.3606,
            "distance_from_center": 0.64
          },
          {
            "id": 2091156925,
            "name": "호리가",
            "final_score": 0.3347,
            "distance_from_center": 0.64
          },
          {
            "id": 1506869074,
            "name": "카페 코버트",
            "final_score": 0.2924,
            "distance_from_center": 0.66
          },
          {
            "id": 1270153623,
            "name": "두딩",
            "final_score": 0.3619,
            "distance_from_center": 0.69
          },
          {
            "id": 1253183545,
            "name": "교동빵집",
            "final_score": 0.2093,
            "distance_from_center": 0.71
          }
        ],
        "Restaurant": [
          {
            "id": 15380240,
            "name": "푸짐한밥상푸짐한포차",
            "final_score": 0.4735,
            "distance_from_center": 0.22
          },
          {
            "id": 1272262138,
            "name": "그리운바다성산포",
            "final_score": 0.3803,
            "distance_from_center": 0.23
          },
          {
            "id": 1054137817,
            "name": "삼시세끼",
            "final_score": 0.1741,
            "distance_from_center": 0.23
          },
          {
            "id": 15378791,
            "name": "영세감자탕",
            "final_score": 0.2524,
            "distance_from_center": 0.25
          },
          {
            "id": 1635128478,
            "name": "기와집닭칼국수",
            "final_score": 0.3524,
            "distance_from_center": 0.3
          },
          {
            "id": 1317273169,
            "name": "천진동해장국",
            "final_score": 0.374,
            "distance_from_center": 0.34
          },
          {
            "id": 1029274799,
            "name": "돈마루솥뚜껑",
            "final_score": 0.5014,
            "distance_from_center": 0.42
          },
          {
            "id": 11860152,
            "name": "평지해장국",
            "final_score": 0.2624,
            "distance_from_center": 0.43
          },
          {
            "id": 1085897691,
            "name": "매콤이",
            "final_score": 0.2427,
            "distance_from_center": 0.43
          },
          {
            "id": 21563187,
            "name": "남애막국수",
            "final_score": 0.4364,
            "distance_from_center": 0.46
          },
          {
            "id": 11824656,
            "name": "롯데리아 강릉터미날점",
            "final_score": 0.2381,
            "distance_from_center": 0.52
          },
          {
            "id": 15287430,
            "name": "맛따라길따라",
            "final_score": 0.2463,
            "distance_from_center": 0.53
          },
          {
            "id": 1751324799,
            "name": "홍제동언덕길그집",
            "final_score": 0.3,
            "distance_from_center": 0.54
          },
          {
            "id": 1799014321,
            "name": "선우기사식당",
            "final_score": 0.3422,
            "distance_from_center": 0.58
          },
          {
            "id": 32268248,
            "name": "왕초신불닭",
            "final_score": 0.3391,
            "distance_from_center": 0.58
          }
        ],
        "Attraction": [
          {
            "id": 2062786512,
            "name": "강릉시립미술관 솔올",
            "final_score": 0.2612,
            "distance_from_center": 0.43
          },
          {
            "id": 13345877,
            "name": "강릉 서부시장",
            "final_score": 0.2379,
            "distance_from_center": 0.64
          },
          {
            "id": 12762639,
            "name": "강릉시립미술관 교동",
            "final_score": 0.3026,
            "distance_from_center": 0.67
          },
          {
            "id": 749351147,
            "name": "강릉 임영관 삼문",
            "final_score": 0.1976,
            "distance_from_center": 0.83
          },
          {
            "id": 15685783,
            "name": "강릉 대도호부 관아",
            "final_score": 0.3535,
            "distance_from_center": 0.84
          },
          {
            "id": 11535675,
            "name": "강릉문화원",
            "final_score": 0.1759,
            "distance_from_center": 0.93
          },
          {
            "id": 38623679,
            "name": "명주예술마당",
            "final_score": 0.1342,
            "distance_from_center": 0.96
          },
          {
            "id": 1775014582,
            "name": "리고엠",
            "final_score": 0.317,
            "distance_from_center": 0.97
          },
          {
            "id": 1249952785,
            "name": "강릉 명주동 거리",
            "final_score": 0.4167,
            "distance_from_center": 1.04
          },
          {
            "id": 37090227,
            "name": "버드나무 브루어리",
            "final_score": 0.4116,
            "distance_from_center": 1.04
          },
          {
            "id": 1357865119,
            "name": "고래책방",
            "final_score": 0.4507,
            "distance_from_center": 1.14
          },
          {
            "id": 11663849,
            "name": "강릉향교",
            "final_score": 0.1856,
            "distance_from_center": 1.17
          },
          {
            "id": 1287320440,
            "name": "강릉 월화거리",
            "final_score": 0.2029,
            "distance_from_center": 1.17
          },
          {
            "id": 13345873,
            "name": "강릉 중앙시장",
            "final_score": 0.2887,
            "distance_from_center": 1.32
          },
          {
            "id": 15693581,
            "name": "강릉 남산공원",
            "final_score": 0.2004,
            "distance_from_center": 1.33
          }
        ]
      }
    },
    {
      "cluster_id": 1,
      "date": "2025-05-23",
      "weekday": "금",
      "seed_category": "Cafe",
      "seed_place": {
        "id": 1426989487,
        "name": "안다미로",
        "final_score": 0.5448
      },
      "center_lat": 37.746309,
      "center_lng": 128.898678,
      "categories": {
        "Cafe": [
          {
            "id": 1426989487,
            "name": "안다미로",
            "final_score": 0.5448,
            "distance_from_center": 0.0
          },
          {
            "id": 1682187275,
            "name": "카페 정화",
            "final_score": 0.3663,
            "distance_from_center": 0.34
          },
          {
            "id": 1325516945,
            "name": "카페 오뉴월",
            "final_score": 0.3653,
            "distance_from_center": 0.67
          },
          {
            "id": 2031533892,
            "name": "글루크",
            "final_score": 0.4035,
            "distance_from_center": 0.68
          },
          {
            "id": 1426647455,
            "name": "파인파인 강릉점",
            "final_score": 0.4477,
            "distance_from_center": 0.7
          },
          {
            "id": 13320528,
            "name": "명주배롱",
            "final_score": 0.4291,
            "distance_from_center": 0.72
          },
          {
            "id": 38345396,
            "name": "지베이스",
            "final_score": 0.3815,
            "distance_from_center": 0.75
          },
          {
            "id": 1669842519,
            "name": "오버웨잇 강릉본점",
            "final_score": 0.2819,
            "distance_from_center": 0.76
          },
          {
            "id": 1275789425,
            "name": "봄",
            "final_score": 0.4477,
            "distance_from_center": 0.78
          },
          {
            "id": 1246478918,
            "name": "중화짬뽕빵",
            "final_score": 0.2361,
            "distance_from_center": 0.79
          },
          {
            "id": 1683765421,
            "name": "타임슬립",
            "final_score": 0.3646,
            "distance_from_center": 0.79
          },
          {
            "id": 1104085754,
            "name": "aie",
            "final_score": 0.3124,
            "distance_from_center": 0.8
          },
          {
            "id": 35256483,
            "name": "설빙 강릉대학로점",
            "final_score": 0.4518,
            "distance_from_center": 0.8
          },
          {
            "id": 1355852682,
            "name": "젤라또마켓 순두부젤라또",
            "final_score": 0.3986,
            "distance_from_center": 0.8
          },
          {
            "id": 1026225860,
            "name": "새바람이오는그늘",
            "final_score": 0.4563,
            "distance_from_center": 0.82
          }
        ],
        "Restaurant": [
          {
            "id": 21734984,
            "name": "어야네",
            "final_score": 0.2094,
            "distance_from_center": 0.17
          },
          {
            "id": 1679108075,
            "name": "만나옹심이손칼국수",
            "final_score": 0.5179,
            "distance_from_center": 0.18
          },
          {
            "id": 15337939,
            "name": "안땔골식당",
            "final_score": 0.05,
            "distance_from_center": 0.18
          },
          {
            "id": 15338842,
            "name": "빙고주막",
            "final_score": 0.3429,
            "distance_from_center": 0.18
          },
          {
            "id": 1642640928,
            "name": "질가집",
            "final_score": 0.4549,
            "distance_from_center": 0.22
          },
          {
            "id": 1261902989,
            "name": "달구지막창 강릉1호점",
            "final_score": 0.4724,
            "distance_from_center": 0.25
          },
          {
            "id": 37370900,
            "name": "가보자땡초족발보쌈 강릉점",
            "final_score": 0.5127,
            "distance_from_center": 0.27
          },
          {
            "id": 15338997,
            "name": "보배골",
            "final_score": 0.4791,
            "distance_from_center": 0.31
          },
          {
            "id": 801470123,
            "name": "바른치킨 강릉단오점",
            "final_score": 0.4962,
            "distance_from_center": 0.32
          },
          {
            "id": 15338377,
            "name": "반상먹거리",
            "final_score": 0.4223,
            "distance_from_center": 0.33
          },
          {
            "id": 32185195,
            "name": "성원닭내장",
            "final_score": 0.2032,
            "distance_from_center": 0.35
          },
          {
            "id": 1698706278,
            "name": "미래먹거리",
            "final_score": 0.1787,
            "distance_from_center": 0.37
          },
          {
            "id": 1236919265,
            "name": "고깃집",
            "final_score": 0.4583,
            "distance_from_center": 0.38
          },
          {
            "id": 37927755,
            "name": "강릉꼬막비빔밥 풍호맛뜨락",
            "final_score": 0.37,
            "distance_from_center": 0.38
          },
          {
            "id": 1410871338,
            "name": "잠수교수제갈비",
            "final_score": 0.4242,
            "distance_from_center": 0.38
          }
        ],
        "Attraction": [
          {
            "id": 11592129,
            "name": "강릉교육문화관",
            "final_score": 0.3115,
            "distance_from_center": 0.11
          },
          {
            "id": 35188457,
            "name": "애니멀스토리",
            "final_score": 0.205,
            "distance_from_center": 0.23
          },
          {
            "id": 12955259,
            "name": "단오타운전시관",
            "final_score": 0.1634,
            "distance_from_center": 0.38
          },
          {
            "id": 13345874,
            "name": "강릉 동부시장",
            "final_score": 0.0,
            "distance_from_center": 1.52
          },
          {
            "id": 37081677,
            "name": "수상한마법학교",
            "final_score": 0.1089,
            "distance_from_center": 2.46
          },
          {
            "id": 1412053208,
            "name": "처음처럼&새로 브랜드 체험관",
            "final_score": 0.2077,
            "distance_from_center": 2.65
          },
          {
            "id": 1550291849,
            "name": "강릉아트센터",
            "final_score": 0.3667,
            "distance_from_center": 2.84
          },
          {
            "id": 1211834959,
            "name": "강릉올림픽뮤지엄",
            "final_score": 0.1795,
            "distance_from_center": 3.68
          },
          {
            "id": 21824426,
            "name": "강릉원주대학교 박물관",
            "final_score": 0.3509,
            "distance_from_center": 3.7
          },
          {
            "id": 19832807,
            "name": "강릉자수박물관",
            "final_score": 0.0215,
            "distance_from_center": 3.87
          },
          {
            "id": 1346656418,
            "name": "경포생태저류지",
            "final_score": 0.1191,
            "distance_from_center": 4.0
          },
          {
            "id": 11620702,
            "name": "강릉 오죽헌·시립박물관",
            "final_score": 0.3049,
            "distance_from_center": 4.02
          },
          {
            "id": 1243747688,
            "name": "병산 옹심이마을",
            "final_score": 0.2134,
            "distance_from_center": 4.17
          },
          {
            "id": 32777223,
            "name": "자연아놀자 체험학습박물관",
            "final_score": 0.152,
            "distance_from_center": 4.36
          },
          {
            "id": 20066249,
            "name": "강릉 수리골 고택",
            "final_score": 0.369,
            "distance_from_center": 4.49
          }
        ]
      }
    },
    {
      "cluster_id": 2,
      "date": "2025-05-24",
      "weekday": "토",
      "seed_category": "Cafe",
      "seed_place": {
        "id": 1209837360,
        "name": "초당고래로스팅카페",
        "final_score": 0.5416
      },
      "center_lat": 37.78854,
      "center_lng": 128.913525,
      "categories": {
        "Cafe": [
          {
            "id": 1209837360,
            "name": "초당고래로스팅카페",
            "final_score": 0.5416,
            "distance_from_center": 0.0
          },
          {
            "id": 1621771668,
            "name": "카페 초당순 강릉본점",
            "final_score": 0.3647,
            "distance_from_center": 0.07
          },
          {
            "id": 1974801379,
            "name": "카페콥스",
            "final_score": 0.3266,
            "distance_from_center": 0.09
          },
          {
            "id": 1834719170,
            "name": "초당소금빵",
            "final_score": 0.2709,
            "distance_from_center": 0.12
          },
          {
            "id": 1405929814,
            "name": "초당커피정미소 본점",
            "final_score": 0.2913,
            "distance_from_center": 0.15
          },
          {
            "id": 1959930841,
            "name": "강릉 미어지게",
            "final_score": 0.3146,
            "distance_from_center": 0.16
          },
          {
            "id": 1794472949,
            "name": "에브리모먼트커피",
            "final_score": 0.2666,
            "distance_from_center": 0.22
          },
          {
            "id": 1037671264,
            "name": "카페동화",
            "final_score": 0.3154,
            "distance_from_center": 0.31
          },
          {
            "id": 1195768568,
            "name": "플레이스 플러스",
            "final_score": 0.4289,
            "distance_from_center": 0.33
          },
          {
            "id": 1995634579,
            "name": "강릉 초당찰떡",
            "final_score": 0.396,
            "distance_from_center": 0.34
          },
          {
            "id": 1046848158,
            "name": "초당커피",
            "final_score": 0.449,
            "distance_from_center": 0.34
          },
          {
            "id": 1994587010,
            "name": "말차로",
            "final_score": 0.3457,
            "distance_from_center": 0.34
          },
          {
            "id": 1492455872,
            "name": "카페기와",
            "final_score": 0.4758,
            "distance_from_center": 0.38
          },
          {
            "id": 1087262116,
            "name": "강원옥 찹쌀떡",
            "final_score": 0.5401,
            "distance_from_center": 0.4
          },
          {
            "id": 2038520626,
            "name": "시만차 포그",
            "final_score": 0.41,
            "distance_from_center": 0.41
          }
        ],
        "Restaurant": [
          {
            "id": 33152153,
            "name": "초당토박이할머니순두부",
            "final_score": 0.271,
            "distance_from_center": 0.04
          },
          {
            "id": 35828643,
            "name": "초당송도불향쭈꾸미 본점",
            "final_score": 0.4248,
            "distance_from_center": 0.05
          },
          {
            "id": 1265044520,
            "name": "그옛날초당순두부",
            "final_score": 0.2687,
            "distance_from_center": 0.08
          },
          {
            "id": 2094272054,
            "name": "강릉짬뽕순두부마법사",
            "final_score": 0.3111,
            "distance_from_center": 0.09
          },
          {
            "id": 1632217656,
            "name": "메시56",
            "final_score": 0.3427,
            "distance_from_center": 0.1
          },
          {
            "id": 1653763172,
            "name": "뉴솔향초당순두부",
            "final_score": 0.2869,
            "distance_from_center": 0.17
          },
          {
            "id": 1453209507,
            "name": "산마루황태촌 초당직영점",
            "final_score": 0.4792,
            "distance_from_center": 0.18
          },
          {
            "id": 1292073957,
            "name": "초당명가 짬뽕순두부",
            "final_score": 0.4359,
            "distance_from_center": 0.19
          },
          {
            "id": 631054551,
            "name": "강릉 낭만게장&백숙",
            "final_score": 0.3655,
            "distance_from_center": 0.2
          },
          {
            "id": 1359335955,
            "name": "초당민들레",
            "final_score": 0.3368,
            "distance_from_center": 0.21
          },
          {
            "id": 37698425,
            "name": "메밀향기",
            "final_score": 0.2884,
            "distance_from_center": 0.23
          },
          {
            "id": 1951460203,
            "name": "은대봉",
            "final_score": 0.41,
            "distance_from_center": 0.25
          },
          {
            "id": 13052149,
            "name": "정은숙초당순두부",
            "final_score": 0.405,
            "distance_from_center": 0.28
          },
          {
            "id": 32039146,
            "name": "부일손칼국수",
            "final_score": 0.2708,
            "distance_from_center": 0.3
          },
          {
            "id": 11859878,
            "name": "강릉짬뽕순두부 동화가든 본점",
            "final_score": 0.3518,
            "distance_from_center": 0.31
          }
        ],
        "Attraction": [
          {
            "id": 1130774967,
            "name": "허균·허난설헌 기념공원",
            "final_score": 0.3365,
            "distance_from_center": 0.49
          },
          {
            "id": 20066218,
            "name": "허난설헌 생가터",
            "final_score": 0.183,
            "distance_from_center": 0.51
          },
          {
            "id": 1090555407,
            "name": "아르떼뮤지엄 강릉",
            "final_score": 0.2312,
            "distance_from_center": 0.52
          },
          {
            "id": 37434460,
            "name": "경포 아쿠아리움",
            "final_score": 0.0644,
            "distance_from_center": 0.52
          },
          {
            "id": 1542622512,
            "name": "원더스카이",
            "final_score": 0.1794,
            "distance_from_center": 0.62
          },
          {
            "id": 1881857549,
            "name": "강릉 메타버스 체험관",
            "final_score": 0.0298,
            "distance_from_center": 0.62
          },
          {
            "id": 31506191,
            "name": "초당순두부마을",
            "final_score": 0.4031,
            "distance_from_center": 0.69
          },
          {
            "id": 1112785467,
            "name": "런닝맨 강릉점",
            "final_score": 0.1497,
            "distance_from_center": 0.76
          },
          {
            "id": 13491183,
            "name": "강문해변",
            "final_score": 0.2748,
            "distance_from_center": 0.85
          },
          {
            "id": 472414455,
            "name": "경포호수광장",
            "final_score": 0.1377,
            "distance_from_center": 1.09
          },
          {
            "id": 1940124735,
            "name": "강문솟대다리",
            "final_score": 0.3038,
            "distance_from_center": 1.12
          },
          {
            "id": 1063021154,
            "name": "경포플라워가든",
            "final_score": 0.1325,
            "distance_from_center": 1.13
          },
          {
            "id": 31044854,
            "name": "경포가시연습지",
            "final_score": 0.0959,
            "distance_from_center": 1.31
          },
          {
            "id": 13300191,
            "name": "경포도립공원",
            "final_score": 0.2573,
            "distance_from_center": 1.61
          },
          {
            "id": 13491109,
            "name": "경포호",
            "final_score": 0.1492,
            "distance_from_center": 1.68
          }
        ]
      }
    }
  ]
}