{
  "user_id": "U0178",
  "start_date": "2025-10-21",
  "start_weekday": "화",
  "duration_days": 2,
  "budget": 600000,
  "num_clusters": 2,
  "clustering_method": "greedy_score_based_with_store_hours",
  "seed_strategy": "highest_score_only",
  "max_cluster_radius_km": 6,
  "min_places_per_category": 7,
  "places_per_category": 15,
  "Accommodation": 10060041,
  "clusters": [
    {
      "cluster_id": 0,
      "date": "2025-10-21",
      "weekday": "화",
      "seed_category": "Restaurant",
      "seed_place": {
        "id": 21061573,
        "name": "솔바람감자적",
        "final_score": 0.4598
      },
      "center_lat": 37.76319,
      "center_lng": 128.940386,
      "categories": {
        "Cafe": [
          {
            "id": 1752487744,
            "name": "월량화",
            "final_score": 0.2746,
            "distance_from_center": 0.1
          },
          {
            "id": 1995194178,
            "name": "수줍은과자점",
            "final_score": 0.1452,
            "distance_from_center": 0.25
          },
          {
            "id": 1721611016,
            "name": "아뜨9",
            "final_score": 0.2496,
            "distance_from_center": 1.1
          },
          {
            "id": 15692078,
            "name": "카페알베로",
            "final_score": 0.1339,
            "distance_from_center": 1.17
          },
          {
            "id": 1557387521,
            "name": "할리스 강릉안목해변점",
            "final_score": 0.1502,
            "distance_from_center": 1.17
          },
          {
            "id": 33021650,
            "name": "스타벅스 강릉안목해변점",
            "final_score": 0.2022,
            "distance_from_center": 1.17
          },
          {
            "id": 20585367,
            "name": "카페베네 안목점",
            "final_score": 0.1105,
            "distance_from_center": 1.17
          },
          {
            "id": 36399670,
            "name": "키크러스 강릉점",
            "final_score": 0.2359,
            "distance_from_center": 1.18
          },
          {
            "id": 38520417,
            "name": "커피 아메리카 강릉점",
            "final_score": 0.1608,
            "distance_from_center": 1.18
          },
          {
            "id": 1894965701,
            "name": "로지커피",
            "final_score": 0.1734,
            "distance_from_center": 1.19
          },
          {
            "id": 19823055,
            "name": "산토리니커피",
            "final_score": 0.182,
            "distance_from_center": 1.19
          },
          {
            "id": 34203501,
            "name": "에이엠브레드앤커피",
            "final_score": 0.2669,
            "distance_from_center": 1.19
          },
          {
            "id": 1220981140,
            "name": "정남미명과 강릉본점",
            "final_score": 0.2383,
            "distance_from_center": 1.2
          },
          {
            "id": 1933690279,
            "name": "미르마르",
            "final_score": 0.216,
            "distance_from_center": 1.2
          },
          {
            "id": 11887822,
            "name": "커피커퍼 안목점",
            "final_score": 0.2239,
            "distance_from_center": 1.21
          }
        ],
        "Restaurant": [
          {
            "id": 21061573,
            "name": "솔바람감자적",
            "final_score": 0.4598,
            "distance_from_center": 0.0
          },
          {
            "id": 15349399,
            "name": "병산감자옹심이",
            "final_score": 0.2093,
            "distance_from_center": 0.0
          },
          {
            "id": 15349253,
            "name": "삼우옹심이",
            "final_score": 0.1882,
            "distance_from_center": 0.06
          },
          {
            "id": 15349490,
            "name": "만선감자옹심이",
            "final_score": 0.1888,
            "distance_from_center": 0.08
          },
          {
            "id": 32185304,
            "name": "만동면옥",
            "final_score": 0.3044,
            "distance_from_center": 0.08
          },
          {
            "id": 15349260,
            "name": "감자적본부",
            "final_score": 0.1146,
            "distance_from_center": 0.14
          },
          {
            "id": 1219260382,
            "name": "소나무가든",
            "final_score": 0.1848,
            "distance_from_center": 0.14
          },
          {
            "id": 1147672088,
            "name": "옹심이중국집",
            "final_score": 0.2184,
            "distance_from_center": 0.15
          },
          {
            "id": 1912362480,
            "name": "논가집옹심이 강릉본점",
            "final_score": 0.2324,
            "distance_from_center": 0.17
          },
          {
            "id": 38215574,
            "name": "네스트커리",
            "final_score": 0.3005,
            "distance_from_center": 0.21
          },
          {
            "id": 38636188,
            "name": "낙지대장",
            "final_score": 0.2146,
            "distance_from_center": 0.22
          },
          {
            "id": 19729238,
            "name": "가람집옹심이",
            "final_score": 0.326,
            "distance_from_center": 0.25
          },
          {
            "id": 1193922269,
            "name": "팔당원조칼제비 강릉남항진점",
            "final_score": 0.254,
            "distance_from_center": 0.27
          },
          {
            "id": 1690518281,
            "name": "평진냉면",
            "final_score": 0.3004,
            "distance_from_center": 0.34
          },
          {
            "id": 32185305,
            "name": "건강삼계탕",
            "final_score": 0.0786,
            "distance_from_center": 0.49
          }
        ],
        "Attraction": [
          {
            "id": 1243747688,
            "name": "병산 옹심이마을",
            "final_score": 0.0832,
            "distance_from_center": 0.06
          },
          {
            "id": 13491906,
            "name": "안목해변",
            "final_score": 0.2134,
            "distance_from_center": 1.22
          },
          {
            "id": 20947876,
            "name": "강릉커피거리",
            "final_score": 0.0752,
            "distance_from_center": 1.22
          },
          {
            "id": 13491444,
            "name": "남항진해변",
            "final_score": 0.0065,
            "distance_from_center": 1.23
          },
          {
            "id": 32268465,
            "name": "환희컵박물관",
            "final_score": 0.1226,
            "distance_from_center": 1.28
          },
          {
            "id": 939463951,
            "name": "강릉 안목해맞이공원",
            "final_score": 0.171,
            "distance_from_center": 1.31
          },
          {
            "id": 15692195,
            "name": "강릉항",
            "final_score": 0.1697,
            "distance_from_center": 1.35
          },
          {
            "id": 20065935,
            "name": "송정해변",
            "final_score": 0.0281,
            "distance_from_center": 1.91
          },
          {
            "id": 13126966,
            "name": "풍호마을",
            "final_score": 0.0091,
            "distance_from_center": 3.01
          },
          {
            "id": 13345874,
            "name": "강릉 동부시장",
            "final_score": 0.0,
            "distance_from_center": 3.52
          },
          {
            "id": 1112785467,
            "name": "런닝맨 강릉점",
            "final_score": 0.1178,
            "distance_from_center": 3.52
          },
          {
            "id": 13345873,
            "name": "강릉 중앙시장",
            "final_score": 0.1632,
            "distance_from_center": 3.81
          },
          {
            "id": 1357865119,
            "name": "고래책방",
            "final_score": 0.2191,
            "distance_from_center": 3.83
          },
          {
            "id": 1287320440,
            "name": "강릉 월화거리",
            "final_score": 0.0427,
            "distance_from_center": 3.86
          },
          {
            "id": 11663849,
            "name": "강릉향교",
            "final_score": 0.0851,
            "distance_from_center": 3.97
          }
        ]
      }
    },
    {
      "cluster_id": 1,
      "date": "2025-10-22",
      "weekday": "수",
      "seed_category": "Restaurant",
      "seed_place": {
        "id": 32185195,
        "name": "성원닭내장",
        "final_score": 0.4535
      },
      "center_lat": 37.749204,
      "center_lng": 128.900378,
      "categories": {
        "Cafe": [
          {
            "id": 1682187275,
            "name": "카페 정화",
            "final_score": 0.2524,
            "distance_from_center": 0.33
          },
          {
            "id": 1426989487,
            "name": "안다미로",
            "final_score": 0.2993,
            "distance_from_center": 0.35
          },
          {
            "id": 1246478918,
            "name": "중화짬뽕빵",
            "final_score": 0.382,
            "distance_from_center": 0.46
          },
          {
            "id": 1669842519,
            "name": "오버웨잇 강릉본점",
            "final_score": 0.1795,
            "distance_from_center": 0.46
          },
          {
            "id": 1355852682,
            "name": "젤라또마켓 순두부젤라또",
            "final_score": 0.2582,
            "distance_from_center": 0.48
          },
          {
            "id": 1689574654,
            "name": "굴리아케이크",
            "final_score": 0.1705,
            "distance_from_center": 0.5
          },
          {
            "id": 1202298255,
            "name": "팡파미유 중앙시장점",
            "final_score": 0.2665,
            "distance_from_center": 0.5
          },
          {
            "id": 1683765421,
            "name": "타임슬립",
            "final_score": 0.287,
            "distance_from_center": 0.51
          },
          {
            "id": 1697573959,
            "name": "강릉커피콩빵 강릉당 중앙시장점",
            "final_score": 0.2405,
            "distance_from_center": 0.52
          },
          {
            "id": 35256483,
            "name": "설빙 강릉대학로점",
            "final_score": 0.2643,
            "distance_from_center": 0.56
          },
          {
            "id": 1318617687,
            "name": "강릉이래요",
            "final_score": 0.0779,
            "distance_from_center": 0.56
          },
          {
            "id": 1758181058,
            "name": "김성수제빵소 강릉점",
            "final_score": 0.2077,
            "distance_from_center": 0.57
          },
          {
            "id": 1517734190,
            "name": "강원옥찹쌀떡 중앙시장점",
            "final_score": 0.3127,
            "distance_from_center": 0.57
          },
          {
            "id": 1086491623,
            "name": "파충류카페 강릉점",
            "final_score": 0.2097,
            "distance_from_center": 0.58
          },
          {
            "id": 38345396,
            "name": "지베이스",
            "final_score": 0.271,
            "distance_from_center": 0.59
          }
        ],
        "Restaurant": [
          {
            "id": 32185195,
            "name": "성원닭내장",
            "final_score": 0.4535,
            "distance_from_center": 0.0
          },
          {
            "id": 1236919265,
            "name": "고깃집",
            "final_score": 0.2867,
            "distance_from_center": 0.06
          },
          {
            "id": 1410871338,
            "name": "잠수교수제갈비",
            "final_score": 0.2516,
            "distance_from_center": 0.07
          },
          {
            "id": 1698706278,
            "name": "미래먹거리",
            "final_score": 0.1249,
            "distance_from_center": 0.09
          },
          {
            "id": 15338997,
            "name": "보배골",
            "final_score": 0.3015,
            "distance_from_center": 0.27
          },
          {
            "id": 801470123,
            "name": "바른치킨 강릉단오점",
            "final_score": 0.291,
            "distance_from_center": 0.3
          },
          {
            "id": 1679108075,
            "name": "만나옹심이손칼국수",
            "final_score": 0.2721,
            "distance_from_center": 0.36
          },
          {
            "id": 1642640928,
            "name": "질가집",
            "final_score": 0.3091,
            "distance_from_center": 0.36
          },
          {
            "id": 21734984,
            "name": "어야네",
            "final_score": 0.1516,
            "distance_from_center": 0.37
          },
          {
            "id": 1405926737,
            "name": "강릉모카번",
            "final_score": 0.3113,
            "distance_from_center": 0.37
          },
          {
            "id": 37370900,
            "name": "가보자땡초족발보쌈 강릉점",
            "final_score": 0.302,
            "distance_from_center": 0.4
          },
          {
            "id": 15338377,
            "name": "반상먹거리",
            "final_score": 0.2616,
            "distance_from_center": 0.4
          },
          {
            "id": 32037906,
            "name": "정윤이네먹거리",
            "final_score": 0.2681,
            "distance_from_center": 0.4
          },
          {
            "id": 1368387404,
            "name": "시나미왕갈비탕",
            "final_score": 0.3055,
            "distance_from_center": 0.4
          },
          {
            "id": 1961675235,
            "name": "곱창미지수",
            "final_score": 0.3103,
            "distance_from_center": 0.4
          }
        ],
        "Attraction": [
          {
            "id": 11592129,
            "name": "강릉교육문화관",
            "final_score": 0.1766,
            "distance_from_center": 0.35
          },
          {
            "id": 12955259,
            "name": "단오타운전시관",
            "final_score": 0.2282,
            "distance_from_center": 0.48
          },
          {
            "id": 35188457,
            "name": "애니멀스토리",
            "final_score": 0.0339,
            "distance_from_center": 0.57
          },
          {
            "id": 15693581,
            "name": "강릉 남산공원",
            "final_score": 0.0991,
            "distance_from_center": 0.62
          },
          {
            "id": 1249952785,
            "name": "강릉 명주동 거리",
            "final_score": 0.2461,
            "distance_from_center": 0.71
          },
          {
            "id": 15685783,
            "name": "강릉 대도호부 관아",
            "final_score": 0.1425,
            "distance_from_center": 0.86
          },
          {
            "id": 749351147,
            "name": "강릉 임영관 삼문",
            "final_score": 0.0972,
            "distance_from_center": 0.87
          },
          {
            "id": 38623679,
            "name": "명주예술마당",
            "final_score": 0.1088,
            "distance_from_center": 0.9
          },
          {
            "id": 13345877,
            "name": "강릉 서부시장",
            "final_score": 0.1084,
            "distance_from_center": 1.06
          },
          {
            "id": 37090227,
            "name": "버드나무 브루어리",
            "final_score": 0.2084,
            "distance_from_center": 1.4
          },
          {
            "id": 12762639,
            "name": "강릉시립미술관 교동",
            "final_score": 0.1424,
            "distance_from_center": 1.52
          },
          {
            "id": 2062786512,
            "name": "강릉시립미술관 솔올",
            "final_score": 0.2956,
            "distance_from_center": 2.12
          },
          {
            "id": 1550291849,
            "name": "강릉아트센터",
            "final_score": 0.1644,
            "distance_from_center": 2.54
          },
          {
            "id": 11535675,
            "name": "강릉문화원",
            "final_score": 0.1366,
            "distance_from_center": 2.56
          },
          {
            "id": 1775014582,
            "name": "리고엠",
            "final_score": 0.1459,
            "distance_from_center": 2.65
          }
        ]
      }
    }
  ]
}