{
  "user_id": "U0177",
  "start_date": "2025-08-02",
  "start_weekday": "토",
  "duration_days": 4,
  "budget": 1400000,
  "num_clusters": 4,
  "clustering_method": "greedy_score_based_with_store_hours",
  "seed_strategy": "highest_score_only",
  "max_cluster_radius_km": 6,
  "min_places_per_category": 7,
  "places_per_category": 15,
  "Accommodation": 10058072,
  "clusters": [
    {
      "cluster_id": 0,
      "date": "2025-08-02",
      "weekday": "토",
      "seed_category": "Cafe",
      "seed_place": {
        "id": 33021650,
        "name": "스타벅스 강릉안목해변점",
        "final_score": 0.5336
      },
      "center_lat": 37.771379,
      "center_lng": 128.948736,
      "categories": {
        "Cafe": [
          {
            "id": 33021650,
            "name": "스타벅스 강릉안목해변점",
            "final_score": 0.5336,
            "distance_from_center": 0.0
          },
          {
            "id": 1267158607,
            "name": "성수미술관 강릉안목점",
            "final_score": 0.0862,
            "distance_from_center": 0.02
          },
          {
            "id": 15692078,
            "name": "카페알베로",
            "final_score": 0.2821,
            "distance_from_center": 0.03
          },
          {
            "id": 1557387521,
            "name": "할리스 강릉안목해변점",
            "final_score": 0.2726,
            "distance_from_center": 0.05
          },
          {
            "id": 36399670,
            "name": "키크러스 강릉점",
            "final_score": 0.4284,
            "distance_from_center": 0.07
          },
          {
            "id": 38520417,
            "name": "커피 아메리카 강릉점",
            "final_score": 0.3185,
            "distance_from_center": 0.07
          },
          {
            "id": 20585367,
            "name": "카페베네 안목점",
            "final_score": 0.3989,
            "distance_from_center": 0.11
          },
          {
            "id": 1894965701,
            "name": "로지커피",
            "final_score": 0.4729,
            "distance_from_center": 0.13
          },
          {
            "id": 19823055,
            "name": "산토리니커피",
            "final_score": 0.3474,
            "distance_from_center": 0.14
          },
          {
            "id": 34203501,
            "name": "에이엠브레드앤커피",
            "final_score": 0.3337,
            "distance_from_center": 0.15
          },
          {
            "id": 1220981140,
            "name": "정남미명과 강릉본점",
            "final_score": 0.1968,
            "distance_from_center": 0.16
          },
          {
            "id": 1933690279,
            "name": "미르마르",
            "final_score": 0.3958,
            "distance_from_center": 0.18
          },
          {
            "id": 11887822,
            "name": "커피커퍼 안목점",
            "final_score": 0.4106,
            "distance_from_center": 0.19
          },
          {
            "id": 499938650,
            "name": "카페 뤼미에르",
            "final_score": 0.3852,
            "distance_from_center": 0.21
          },
          {
            "id": 1009977259,
            "name": "강원옥찹쌀떡&치코스타코 안목점",
            "final_score": 0.2652,
            "distance_from_center": 0.26
          }
        ],
        "Restaurant": [
          {
            "id": 1182217392,
            "name": "페리페리버거 강릉안목해변점",
            "final_score": 0.1939,
            "distance_from_center": 0.02
          },
          {
            "id": 1084805019,
            "name": "미역국 전문점 안목애",
            "final_score": 0.0618,
            "distance_from_center": 0.06
          },
          {
            "id": 1165823672,
            "name": "안목해변 술집 문문",
            "final_score": 0.2404,
            "distance_from_center": 0.14
          },
          {
            "id": 1991602969,
            "name": "솔향",
            "final_score": 0.3068,
            "distance_from_center": 0.25
          },
          {
            "id": 1613946855,
            "name": "명문",
            "final_score": 0.3222,
            "distance_from_center": 0.25
          },
          {
            "id": 38268032,
            "name": "버거웍스",
            "final_score": 0.1898,
            "distance_from_center": 0.27
          },
          {
            "id": 12912326,
            "name": "형제매운양푼갈비",
            "final_score": 0.1647,
            "distance_from_center": 0.34
          },
          {
            "id": 1261122567,
            "name": "안목항물회",
            "final_score": 0.2506,
            "distance_from_center": 0.37
          },
          {
            "id": 1929924200,
            "name": "강릉역옹막 안목점",
            "final_score": 0.1787,
            "distance_from_center": 0.42
          },
          {
            "id": 1582249955,
            "name": "브라보칼국수 강릉본점",
            "final_score": 0.2432,
            "distance_from_center": 0.5
          },
          {
            "id": 15349681,
            "name": "남항진어촌식당",
            "final_score": 0.2703,
            "distance_from_center": 0.54
          },
          {
            "id": 20948060,
            "name": "남항진순대국밥",
            "final_score": 0.1799,
            "distance_from_center": 0.76
          },
          {
            "id": 15349625,
            "name": "아라담횟집",
            "final_score": 0.3408,
            "distance_from_center": 0.79
          },
          {
            "id": 1690518281,
            "name": "평진냉면",
            "final_score": 0.2565,
            "distance_from_center": 0.85
          },
          {
            "id": 1770360235,
            "name": "찐전집",
            "final_score": 0.2054,
            "distance_from_center": 0.87
          }
        ],
        "Attraction": [
          {
            "id": 13491906,
            "name": "안목해변",
            "final_score": 0.2785,
            "distance_from_center": 0.19
          },
          {
            "id": 20947876,
            "name": "강릉커피거리",
            "final_score": 0.2176,
            "distance_from_center": 0.19
          },
          {
            "id": 15692195,
            "name": "강릉항",
            "final_score": 0.0558,
            "distance_from_center": 0.26
          },
          {
            "id": 939463951,
            "name": "강릉 안목해맞이공원",
            "final_score": 0.2972,
            "distance_from_center": 0.46
          },
          {
            "id": 32268465,
            "name": "환희컵박물관",
            "final_score": 0.1537,
            "distance_from_center": 0.6
          },
          {
            "id": 13491444,
            "name": "남항진해변",
            "final_score": 0.1073,
            "distance_from_center": 0.95
          },
          {
            "id": 1243747688,
            "name": "병산 옹심이마을",
            "final_score": 0.1016,
            "distance_from_center": 1.15
          },
          {
            "id": 20065935,
            "name": "송정해변",
            "final_score": 0.2028,
            "distance_from_center": 1.41
          },
          {
            "id": 1112785467,
            "name": "런닝맨 강릉점",
            "final_score": 0.1072,
            "distance_from_center": 3.25
          },
          {
            "id": 13126966,
            "name": "풍호마을",
            "final_score": 0.111,
            "distance_from_center": 3.68
          },
          {
            "id": 13491183,
            "name": "강문해변",
            "final_score": 0.2646,
            "distance_from_center": 3.69
          },
          {
            "id": 1542622512,
            "name": "원더스카이",
            "final_score": 0.0597,
            "distance_from_center": 3.86
          },
          {
            "id": 31506191,
            "name": "초당순두부마을",
            "final_score": 0.1469,
            "distance_from_center": 3.89
          },
          {
            "id": 1130774967,
            "name": "허균·허난설헌 기념공원",
            "final_score": 0.2312,
            "distance_from_center": 4.11
          },
          {
            "id": 20066218,
            "name": "허난설헌 생가터",
            "final_score": 0.1825,
            "distance_from_center": 4.12
          }
        ]
      }
    },
    {
      "cluster_id": 1,
      "date": "2025-08-03",
      "weekday": "일",
      "seed_category": "Cafe",
      "seed_place": {
        "id": 1900553385,
        "name": "바우카페",
        "final_score": 0.4809
      },
      "center_lat": 37.868183,
      "center_lng": 128.846522,
      "categories": {
        "Cafe": [
          {
            "id": 1900553385,
            "name": "바우카페",
            "final_score": 0.4809,
            "distance_from_center": 0.0
          },
          {
            "id": 15373350,
            "name": "브라질",
            "final_score": 0.4007,
            "distance_from_center": 0.02
          },
          {
            "id": 1839133695,
            "name": "빵을쇼핑하다빵명가치아바타CIABATTA",
            "final_score": 0.2699,
            "distance_from_center": 0.17
          },
          {
            "id": 1009179914,
            "name": "갈매기다방",
            "final_score": 0.3281,
            "distance_from_center": 0.39
          },
          {
            "id": 1876301121,
            "name": "포르토포레스트하우스",
            "final_score": 0.3001,
            "distance_from_center": 0.53
          },
          {
            "id": 11682971,
            "name": "보헤미안박이추커피본점",
            "final_score": 0.2824,
            "distance_from_center": 0.53
          },
          {
            "id": 1249217189,
            "name": "오드커피",
            "final_score": 0.3143,
            "distance_from_center": 1.6
          },
          {
            "id": 1147229173,
            "name": "도깨비젤라또",
            "final_score": 0.2689,
            "distance_from_center": 1.68
          },
          {
            "id": 1169844332,
            "name": "스타벅스 강릉주문진점",
            "final_score": 0.4004,
            "distance_from_center": 1.96
          },
          {
            "id": 1777557364,
            "name": "크림하우스",
            "final_score": 0.3589,
            "distance_from_center": 2.34
          },
          {
            "id": 1543529590,
            "name": "카페제니엘 주문진점",
            "final_score": 0.3256,
            "distance_from_center": 3.11
          },
          {
            "id": 1543529590,
            "name": "카페제니엘 주문진점",
            "final_score": 0.3256,
            "distance_from_center": 3.11
          },
          {
            "id": 1266299794,
            "name": "해옫 강릉",
            "final_score": 0.3256,
            "distance_from_center": 3.23
          },
          {
            "id": 2017141901,
            "name": "에브리데이크",
            "final_score": 0.2737,
            "distance_from_center": 3.32
          },
          {
            "id": 1779443730,
            "name": "곳",
            "final_score": 0.3785,
            "distance_from_center": 3.58
          }
        ],
        "Restaurant": [
          {
            "id": 15705872,
            "name": "홍질목",
            "final_score": 0.1695,
            "distance_from_center": 0.55
          },
          {
            "id": 1043586683,
            "name": "내촌옥",
            "final_score": 0.3059,
            "distance_from_center": 0.72
          },
          {
            "id": 1229266906,
            "name": "달구지막창 주문진점",
            "final_score": 0.1638,
            "distance_from_center": 0.72
          },
          {
            "id": 1843519259,
            "name": "영진보리밥쌈밥",
            "final_score": 0.2168,
            "distance_from_center": 0.72
          },
          {
            "id": 1167311952,
            "name": "메밀애감자",
            "final_score": 0.2084,
            "distance_from_center": 0.73
          },
          {
            "id": 15372694,
            "name": "부영식당",
            "final_score": 0.1984,
            "distance_from_center": 1.15
          },
          {
            "id": 1497296016,
            "name": "북강릉진국설렁탕",
            "final_score": 0.2849,
            "distance_from_center": 1.27
          },
          {
            "id": 15372688,
            "name": "연곡이모네",
            "final_score": 0.3165,
            "distance_from_center": 1.28
          },
          {
            "id": 1316825170,
            "name": "믿음식당",
            "final_score": 0.2361,
            "distance_from_center": 1.3
          },
          {
            "id": 15373710,
            "name": "연곡면옥",
            "final_score": 0.0919,
            "distance_from_center": 1.41
          },
          {
            "id": 15360393,
            "name": "현자네해물촌",
            "final_score": 0.172,
            "distance_from_center": 1.45
          },
          {
            "id": 1691801657,
            "name": "참고맙소",
            "final_score": 0.2256,
            "distance_from_center": 1.46
          },
          {
            "id": 15372699,
            "name": "금강식당",
            "final_score": 0.1866,
            "distance_from_center": 1.51
          },
          {
            "id": 15372721,
            "name": "본가동해막국수",
            "final_score": 0.1907,
            "distance_from_center": 1.63
          },
          {
            "id": 318625076,
            "name": "주문진 상희네횟집 홍게무한리필",
            "final_score": 0.2835,
            "distance_from_center": 1.64
          }
        ],
        "Attraction": [
          {
            "id": 13491150,
            "name": "영진해변",
            "final_score": 0.2256,
            "distance_from_center": 0.1
          },
          {
            "id": 20054445,
            "name": "영진항",
            "final_score": 0.187,
            "distance_from_center": 0.14
          },
          {
            "id": 13444336,
            "name": "연곡해변",
            "final_score": 0.301,
            "distance_from_center": 1.04
          },
          {
            "id": 13490946,
            "name": "주문진항",
            "final_score": 0.3626,
            "distance_from_center": 2.61
          },
          {
            "id": 1848252796,
            "name": "강릉아기동물농장",
            "final_score": 0.1331,
            "distance_from_center": 2.75
          },
          {
            "id": 1600054868,
            "name": "해피아워크루즈",
            "final_score": 0.1203,
            "distance_from_center": 2.85
          },
          {
            "id": 34818378,
            "name": "주문진해양박물관",
            "final_score": 0.0972,
            "distance_from_center": 3.0
          },
          {
            "id": 1261782152,
            "name": "호린파크(경포대허브농장)",
            "final_score": 0.1577,
            "distance_from_center": 3.12
          },
          {
            "id": 20059236,
            "name": "주문리마을",
            "final_score": 0.1316,
            "distance_from_center": 3.23
          },
          {
            "id": 1800696554,
            "name": "하평해변(강릉)",
            "final_score": 0.2527,
            "distance_from_center": 3.36
          },
          {
            "id": 20054507,
            "name": "주문진 등대",
            "final_score": 0.2213,
            "distance_from_center": 3.46
          },
          {
            "id": 1117620826,
            "name": "뒷뜨루관광농원",
            "final_score": 0.2265,
            "distance_from_center": 3.74
          },
          {
            "id": 15704900,
            "name": "사천진해변(사천뒷불해수욕장)",
            "final_score": 0.2512,
            "distance_from_center": 3.92
          },
          {
            "id": 19501415,
            "name": "소돌아들바위공원",
            "final_score": 0.17,
            "distance_from_center": 4.46
          },
          {
            "id": 13491657,
            "name": "소돌해수욕장",
            "final_score": 0.1874,
            "distance_from_center": 4.56
          }
        ]
      }
    },
    {
      "cluster_id": 2,
      "date": "2025-08-04",
      "weekday": "월",
      "seed_category": "Cafe",
      "seed_place": {
        "id": 1212033877,
        "name": "강릉샌드 초당점",
        "final_score": 0.4559
      },
      "center_lat": 37.794545,
      "center_lng": 128.915144,
      "categories": {
        "Cafe": [
          {
            "id": 1212033877,
            "name": "강릉샌드 초당점",
            "final_score": 0.4559,
            "distance_from_center": 0.0
          },
          {
            "id": 1103533977,
            "name": "허스크밀",
            "final_score": 0.297,
            "distance_from_center": 0.05
          },
          {
            "id": 1625751111,
            "name": "커피커퍼박물관",
            "final_score": 0.4028,
            "distance_from_center": 0.09
          },
          {
            "id": 2067971861,
            "name": "안초당",
            "final_score": 0.3616,
            "distance_from_center": 0.15
          },
          {
            "id": 1591483811,
            "name": "카페밀",
            "final_score": 0.2346,
            "distance_from_center": 0.16
          },
          {
            "id": 998885728,
            "name": "카페 툇마루",
            "final_score": 0.4158,
            "distance_from_center": 0.2
          },
          {
            "id": 1869523471,
            "name": "강릉 조개빵 강릉본점",
            "final_score": 0.3182,
            "distance_from_center": 0.2
          },
          {
            "id": 1497289783,
            "name": "꾸옥 GGUOK",
            "final_score": 0.242,
            "distance_from_center": 0.21
          },
          {
            "id": 1948973432,
            "name": "데일리오아시스 강릉점",
            "final_score": 0.1407,
            "distance_from_center": 0.24
          },
          {
            "id": 189619233,
            "name": "강릉커피빵 본점",
            "final_score": 0.2197,
            "distance_from_center": 0.25
          },
          {
            "id": 1709924447,
            "name": "롱블랙",
            "final_score": 0.3455,
            "distance_from_center": 0.26
          },
          {
            "id": 1763738753,
            "name": "마더커피 강문점",
            "final_score": 0.4078,
            "distance_from_center": 0.26
          },
          {
            "id": 2038520626,
            "name": "시만차 포그",
            "final_score": 0.2594,
            "distance_from_center": 0.27
          },
          {
            "id": 1630731945,
            "name": "강릉 사임당 인절미 강문본점",
            "final_score": 0.2353,
            "distance_from_center": 0.29
          },
          {
            "id": 1639218638,
            "name": "덴켄",
            "final_score": 0.2773,
            "distance_from_center": 0.3
          }
        ],
        "Restaurant": [
          {
            "id": 1962439120,
            "name": "해궁식당",
            "final_score": 0.181,
            "distance_from_center": 0.14
          },
          {
            "id": 1025642664,
            "name": "팔도전복해물뚝배기",
            "final_score": 0.2309,
            "distance_from_center": 0.16
          },
          {
            "id": 15327157,
            "name": "고향산천초당순두부",
            "final_score": 0.192,
            "distance_from_center": 0.17
          },
          {
            "id": 36643281,
            "name": "강릉전복해물뚝배기 강릉",
            "final_score": 0.1916,
            "distance_from_center": 0.18
          },
          {
            "id": 36952290,
            "name": "오월에초당",
            "final_score": 0.0557,
            "distance_from_center": 0.18
          },
          {
            "id": 1693762102,
            "name": "서울양계",
            "final_score": 0.226,
            "distance_from_center": 0.19
          },
          {
            "id": 1087147744,
            "name": "강문칼국수",
            "final_score": 0.0487,
            "distance_from_center": 0.21
          },
          {
            "id": 1479188834,
            "name": "청춘돌우럭&물회 강릉본점",
            "final_score": 0.2287,
            "distance_from_center": 0.24
          },
          {
            "id": 1416755080,
            "name": "선호라면",
            "final_score": 0.2917,
            "distance_from_center": 0.25
          },
          {
            "id": 1880153847,
            "name": "강릉 하월당 초당짬뽕순두부",
            "final_score": 0.3238,
            "distance_from_center": 0.29
          },
          {
            "id": 15320203,
            "name": "강릉짬뽕순두부 강릉본점",
            "final_score": 0.0876,
            "distance_from_center": 0.29
          },
          {
            "id": 1966143636,
            "name": "초당본가짬뽕순두부",
            "final_score": 0.2049,
            "distance_from_center": 0.3
          },
          {
            "id": 1824668746,
            "name": "초당꼬마김밥 강릉점",
            "final_score": 0.2519,
            "distance_from_center": 0.31
          },
          {
            "id": 2041883893,
            "name": "아라시",
            "final_score": 0.2394,
            "distance_from_center": 0.31
          },
          {
            "id": 1009432770,
            "name": "초당훈이순두부짬뽕",
            "final_score": 0.2059,
            "distance_from_center": 0.32
          }
        ],
        "Attraction": [
          {
            "id": 1940124735,
            "name": "강문솟대다리",
            "final_score": 0.2756,
            "distance_from_center": 0.5
          },
          {
            "id": 472414455,
            "name": "경포호수광장",
            "final_score": 0.1385,
            "distance_from_center": 0.61
          },
          {
            "id": 1063021154,
            "name": "경포플라워가든",
            "final_score": 0.1553,
            "distance_from_center": 0.68
          },
          {
            "id": 1090555407,
            "name": "아르떼뮤지엄 강릉",
            "final_score": 0.2118,
            "distance_from_center": 0.81
          },
          {
            "id": 37434460,
            "name": "경포 아쿠아리움",
            "final_score": 0.1184,
            "distance_from_center": 0.81
          },
          {
            "id": 13300191,
            "name": "경포도립공원",
            "final_score": 0.1782,
            "distance_from_center": 1.01
          },
          {
            "id": 1881857549,
            "name": "강릉 메타버스 체험관",
            "final_score": 0.0783,
            "distance_from_center": 1.05
          },
          {
            "id": 12079976,
            "name": "경포해수욕장",
            "final_score": 0.2621,
            "distance_from_center": 1.42
          },
          {
            "id": 32777223,
            "name": "자연아놀자 체험학습박물관",
            "final_score": 0.0631,
            "distance_from_center": 1.43
          },
          {
            "id": 31044854,
            "name": "경포가시연습지",
            "final_score": 0.0985,
            "distance_from_center": 1.55
          },
          {
            "id": 12409858,
            "name": "참소리에디슨손성목영화박물관",
            "final_score": 0.1024,
            "distance_from_center": 1.61
          },
          {
            "id": 13491109,
            "name": "경포호",
            "final_score": 0.1264,
            "distance_from_center": 1.64
          },
          {
            "id": 1675156043,
            "name": "강릉 경포대",
            "final_score": 0.3196,
            "distance_from_center": 1.64
          },
          {
            "id": 20066249,
            "name": "강릉 수리골 고택",
            "final_score": 0.2174,
            "distance_from_center": 2.3
          },
          {
            "id": 1211834959,
            "name": "강릉올림픽뮤지엄",
            "final_score": 0.1758,
            "distance_from_center": 2.32
          }
        ]
      }
    },
    {
      "cluster_id": 3,
      "date": "2025-08-05",
      "weekday": "화",
      "seed_category": "Cafe",
      "seed_place": {
        "id": 1106082140,
        "name": "아이즈 로스터리 홍제동 본점",
        "final_score": 0.4542
      },
      "center_lat": 37.751595,
      "center_lng": 128.861041,
      "categories": {
        "Cafe": [
          {
            "id": 1106082140,
            "name": "아이즈 로스터리 홍제동 본점",
            "final_score": 0.4542,
            "distance_from_center": 0.0
          },
          {
            "id": 1633456108,
            "name": "투썸플레이스 유천지구점",
            "final_score": 0.3011,
            "distance_from_center": 0.68
          },
          {
            "id": 1546169801,
            "name": "강릉그림카페",
            "final_score": 0.2268,
            "distance_from_center": 0.7
          },
          {
            "id": 263503029,
            "name": "어썸",
            "final_score": 0.2574,
            "distance_from_center": 0.92
          },
          {
            "id": 1174448798,
            "name": "스타벅스 강릉IC DT점",
            "final_score": 0.3803,
            "distance_from_center": 1.13
          },
          {
            "id": 1442771903,
            "name": "가디",
            "final_score": 0.2142,
            "distance_from_center": 1.31
          },
          {
            "id": 19900143,
            "name": "라몬타냐",
            "final_score": 0.2277,
            "distance_from_center": 1.57
          },
          {
            "id": 38482509,
            "name": "52블럭",
            "final_score": 0.292,
            "distance_from_center": 1.8
          },
          {
            "id": 1024529564,
            "name": "오브리에타",
            "final_score": 0.2799,
            "distance_from_center": 1.81
          },
          {
            "id": 2012122325,
            "name": "루모",
            "final_score": 0.3009,
            "distance_from_center": 1.83
          },
          {
            "id": 1605447318,
            "name": "젤라또까사",
            "final_score": 0.343,
            "distance_from_center": 1.86
          },
          {
            "id": 21095658,
            "name": "베이커리 가루",
            "final_score": 0.2018,
            "distance_from_center": 1.87
          },
          {
            "id": 1750727150,
            "name": "미미케이크",
            "final_score": 0.3155,
            "distance_from_center": 1.9
          },
          {
            "id": 36767042,
            "name": "크리스피크림도넛 강릉교동점",
            "final_score": 0.0873,
            "distance_from_center": 1.93
          },
          {
            "id": 1500318606,
            "name": "버떠",
            "final_score": 0.3039,
            "distance_from_center": 1.95
          }
        ],
        "Restaurant": [
          {
            "id": 1417252039,
            "name": "왕바우아구찜",
            "final_score": 0.2868,
            "distance_from_center": 0.42
          },
          {
            "id": 1221269927,
            "name": "교동동태탕",
            "final_score": 0.1319,
            "distance_from_center": 0.64
          },
          {
            "id": 1333635362,
            "name": "육달 막국수",
            "final_score": 0.2821,
            "distance_from_center": 0.64
          },
          {
            "id": 1237585846,
            "name": "마들식당",
            "final_score": 0.2022,
            "distance_from_center": 0.64
          },
          {
            "id": 1772252227,
            "name": "쯩라이",
            "final_score": 0.1842,
            "distance_from_center": 0.68
          },
          {
            "id": 1822153122,
            "name": "육고집 강릉점",
            "final_score": 0.2292,
            "distance_from_center": 0.7
          },
          {
            "id": 1990844214,
            "name": "강릉고깃집 금돈",
            "final_score": 0.0724,
            "distance_from_center": 0.73
          },
          {
            "id": 1209433896,
            "name": "우리한우상회 강릉유천점",
            "final_score": 0.2869,
            "distance_from_center": 0.79
          },
          {
            "id": 1661351403,
            "name": "세미맛닭갈비",
            "final_score": 0.2478,
            "distance_from_center": 0.79
          },
          {
            "id": 1336883142,
            "name": "스시생",
            "final_score": 0.1674,
            "distance_from_center": 0.84
          },
          {
            "id": 1243193207,
            "name": "무국적식탁",
            "final_score": 0.1115,
            "distance_from_center": 0.84
          },
          {
            "id": 1604871899,
            "name": "계륵장군 유천점",
            "final_score": 0.2623,
            "distance_from_center": 0.85
          },
          {
            "id": 1740512409,
            "name": "장수루양꼬치 강릉점",
            "final_score": 0.2054,
            "distance_from_center": 0.91
          },
          {
            "id": 1836672984,
            "name": "본죽 강릉유천점",
            "final_score": 0.2197,
            "distance_from_center": 0.95
          },
          {
            "id": 1563178271,
            "name": "스시교코",
            "final_score": 0.2685,
            "distance_from_center": 0.96
          }
        ],
        "Attraction": [
          {
            "id": 11535675,
            "name": "강릉문화원",
            "final_score": 0.1019,
            "distance_from_center": 1.38
          },
          {
            "id": 1412053208,
            "name": "처음처럼&새로 브랜드 체험관",
            "final_score": 0.1748,
            "distance_from_center": 1.41
          },
          {
            "id": 2062786512,
            "name": "강릉시립미술관 솔올",
            "final_score": 0.2253,
            "distance_from_center": 1.83
          },
          {
            "id": 1775014582,
            "name": "리고엠",
            "final_score": 0.2286,
            "distance_from_center": 1.98
          },
          {
            "id": 37090227,
            "name": "버드나무 브루어리",
            "final_score": 0.1653,
            "distance_from_center": 2.09
          },
          {
            "id": 21824426,
            "name": "강릉원주대학교 박물관",
            "final_score": 0.1302,
            "distance_from_center": 2.27
          },
          {
            "id": 38623679,
            "name": "명주예술마당",
            "final_score": 0.1692,
            "distance_from_center": 2.58
          },
          {
            "id": 13345877,
            "name": "강릉 서부시장",
            "final_score": 0.1186,
            "distance_from_center": 2.65
          },
          {
            "id": 749351147,
            "name": "강릉 임영관 삼문",
            "final_score": 0.1555,
            "distance_from_center": 2.71
          },
          {
            "id": 15685783,
            "name": "강릉 대도호부 관아",
            "final_score": 0.2173,
            "distance_from_center": 2.74
          },
          {
            "id": 1249952785,
            "name": "강릉 명주동 거리",
            "final_score": 0.3005,
            "distance_from_center": 2.79
          },
          {
            "id": 12762639,
            "name": "강릉시립미술관 교동",
            "final_score": 0.2243,
            "distance_from_center": 2.81
          },
          {
            "id": 37081677,
            "name": "수상한마법학교",
            "final_score": 0.0877,
            "distance_from_center": 2.84
          },
          {
            "id": 15693581,
            "name": "강릉 남산공원",
            "final_score": 0.1253,
            "distance_from_center": 2.87
          },
          {
            "id": 12955259,
            "name": "단오타운전시관",
            "final_score": 0.0855,
            "distance_from_center": 3.01
          }
        ]
      }
    }
  ]
}