{
  "user_id": "U0180",
  "start_date": "2025-05-15",
  "start_weekday": "목",
  "duration_days": 4,
  "budget": 3000000,
  "num_clusters": 4,
  "clustering_method": "greedy_score_based_with_store_hours",
  "seed_strategy": "highest_score_only",
  "max_cluster_radius_km": 6,
  "min_places_per_category": 7,
  "places_per_category": 15,
  "Accommodation": 10058151,
  "clusters": [
    {
      "cluster_id": 0,
      "date": "2025-05-15",
      "weekday": "목",
      "seed_category": "Attraction",
      "seed_place": {
        "id": 37031400,
        "name": "정감이마을",
        "final_score": 0.5672
      },
      "center_lat": 37.716882,
      "center_lng": 128.955854,
      "categories": {
        "Cafe": [
          {
            "id": 1995194178,
            "name": "수줍은과자점",
            "final_score": 0.2716,
            "distance_from_center": 5.12
          },
          {
            "id": 1752487744,
            "name": "월량화",
            "final_score": 0.4742,
            "distance_from_center": 5.28
          },
          {
            "id": 1721611016,
            "name": "아뜨9",
            "final_score": 0.4698,
            "distance_from_center": 5.4
          },
          {
            "id": 1195126769,
            "name": "어게인디엠카페",
            "final_score": 0.3739,
            "distance_from_center": 5.48
          },
          {
            "id": 1195126769,
            "name": "어게인디엠카페",
            "final_score": 0.3739,
            "distance_from_center": 5.48
          },
          {
            "id": 1682187275,
            "name": "카페 정화",
            "final_score": 0.4386,
            "distance_from_center": 5.75
          },
          {
            "id": 1220981140,
            "name": "정남미명과 강릉본점",
            "final_score": 0.3372,
            "distance_from_center": 5.99
          },
          {
            "id": 1426989487,
            "name": "안다미로",
            "final_score": 0.3981,
            "distance_from_center": 6.0
          }
        ],
        "Restaurant": [
          {
            "id": 1040680073,
            "name": "건강밥상",
            "final_score": 0.3385,
            "distance_from_center": 0.95
          },
          {
            "id": 1149735926,
            "name": "명가네FOOD",
            "final_score": 0.2514,
            "distance_from_center": 1.6
          },
          {
            "id": 1570395296,
            "name": "손맛을담다",
            "final_score": 0.3728,
            "distance_from_center": 1.61
          },
          {
            "id": 12038465,
            "name": "꼭지네식당",
            "final_score": 0.2272,
            "distance_from_center": 2.17
          },
          {
            "id": 1739251514,
            "name": "더더더통큰한식뷔페",
            "final_score": 0.3695,
            "distance_from_center": 2.27
          },
          {
            "id": 1918083346,
            "name": "동해바다진미",
            "final_score": 0.4047,
            "distance_from_center": 2.31
          },
          {
            "id": 15367705,
            "name": "고을식당",
            "final_score": 0.1788,
            "distance_from_center": 2.34
          },
          {
            "id": 1056666978,
            "name": "백암순대국",
            "final_score": 0.3235,
            "distance_from_center": 2.49
          },
          {
            "id": 1359873731,
            "name": "곰치랑대구랑",
            "final_score": 0.2958,
            "distance_from_center": 3.4
          },
          {
            "id": 15701837,
            "name": "부성가든",
            "final_score": 0.236,
            "distance_from_center": 3.43
          },
          {
            "id": 1818364829,
            "name": "강릉가마솥설렁탕 1호점",
            "final_score": 0.298,
            "distance_from_center": 3.48
          },
          {
            "id": 21739662,
            "name": "명진옥",
            "final_score": 0.3819,
            "distance_from_center": 3.48
          },
          {
            "id": 1312891030,
            "name": "안인우리밥상",
            "final_score": 0.3833,
            "distance_from_center": 3.49
          },
          {
            "id": 12899212,
            "name": "고향횟집",
            "final_score": 0.4422,
            "distance_from_center": 3.67
          },
          {
            "id": 34642909,
            "name": "금광리소양가든",
            "final_score": 0.264,
            "distance_from_center": 3.88
          }
        ],
        "Attraction": [
          {
            "id": 37031400,
            "name": "정감이마을",
            "final_score": 0.5672,
            "distance_from_center": 0.0
          },
          {
            "id": 13126966,
            "name": "풍호마을",
            "final_score": 0.2573,
            "distance_from_center": 2.42
          },
          {
            "id": 13491186,
            "name": "안인해변",
            "final_score": 0.357,
            "distance_from_center": 3.61
          },
          {
            "id": 15701732,
            "name": "염전해변",
            "final_score": 0.414,
            "distance_from_center": 3.68
          },
          {
            "id": 13068554,
            "name": "임해자연휴양림",
            "final_score": 0.4264,
            "distance_from_center": 3.76
          },
          {
            "id": 13491444,
            "name": "남항진해변",
            "final_score": 0.4694,
            "distance_from_center": 5.24
          },
          {
            "id": 1243747688,
            "name": "병산 옹심이마을",
            "final_score": 0.1886,
            "distance_from_center": 5.3
          },
          {
            "id": 13491470,
            "name": "등명해변",
            "final_score": 0.3602,
            "distance_from_center": 5.53
          },
          {
            "id": 266717564,
            "name": "강릉자동차극장",
            "final_score": 0.3502,
            "distance_from_center": 5.86
          },
          {
            "id": 35188457,
            "name": "애니멀스토리",
            "final_score": 0.2741,
            "distance_from_center": 5.86
          },
          {
            "id": 11592129,
            "name": "강릉교육문화관",
            "final_score": 0.3974,
            "distance_from_center": 5.9
          },
          {
            "id": 19748069,
            "name": "단경골 휴양지",
            "final_score": 0.0,
            "distance_from_center": 5.99
          }
        ]
      }
    },
    {
      "cluster_id": 1,
      "date": "2025-05-16",
      "weekday": "금",
      "seed_category": "Cafe",
      "seed_place": {
        "id": 1273489865,
        "name": "1992년 사기막",
        "final_score": 0.5615
      },
      "center_lat": 37.789881,
      "center_lng": 128.814176,
      "categories": {
        "Cafe": [
          {
            "id": 1273489865,
            "name": "1992년 사기막",
            "final_score": 0.5615,
            "distance_from_center": 0.0
          },
          {
            "id": 19861939,
            "name": "크레마코스타",
            "final_score": 0.4862,
            "distance_from_center": 2.98
          },
          {
            "id": 1024529564,
            "name": "오브리에타",
            "final_score": 0.5179,
            "distance_from_center": 4.66
          },
          {
            "id": 2058022471,
            "name": "온유",
            "final_score": 0.5453,
            "distance_from_center": 4.88
          },
          {
            "id": 1546169801,
            "name": "강릉그림카페",
            "final_score": 0.3842,
            "distance_from_center": 5.81
          },
          {
            "id": 1246262619,
            "name": "우가",
            "final_score": 0.4064,
            "distance_from_center": 5.82
          },
          {
            "id": 1633456108,
            "name": "투썸플레이스 유천지구점",
            "final_score": 0.1633,
            "distance_from_center": 5.85
          },
          {
            "id": 1439249340,
            "name": "서지초가뜰",
            "final_score": 0.4466,
            "distance_from_center": 5.87
          },
          {
            "id": 38274668,
            "name": "플레지르",
            "final_score": 0.2898,
            "distance_from_center": 5.91
          },
          {
            "id": 1442771903,
            "name": "가디",
            "final_score": 0.3545,
            "distance_from_center": 5.91
          },
          {
            "id": 1106082140,
            "name": "아이즈 로스터리 홍제동 본점",
            "final_score": 0.4645,
            "distance_from_center": 5.92
          },
          {
            "id": 1133303813,
            "name": "커피아워",
            "final_score": 0.4388,
            "distance_from_center": 5.96
          },
          {
            "id": 1662017638,
            "name": "쎄라비",
            "final_score": 0.3046,
            "distance_from_center": 5.97
          },
          {
            "id": 1662017638,
            "name": "쎄라비",
            "final_score": 0.3046,
            "distance_from_center": 5.97
          },
          {
            "id": 1625914520,
            "name": "사월의 모노웜",
            "final_score": 0.298,
            "distance_from_center": 5.97
          }
        ],
        "Restaurant": [
          {
            "id": 1392543507,
            "name": "나온",
            "final_score": 0.2335,
            "distance_from_center": 2.48
          },
          {
            "id": 38005185,
            "name": "모래내메밀촌",
            "final_score": 0.3494,
            "distance_from_center": 3.73
          },
          {
            "id": 1413946030,
            "name": "태장봉능이오리닭백숙",
            "final_score": 0.2445,
            "distance_from_center": 4.12
          },
          {
            "id": 1255753636,
            "name": "오로지김밥카페",
            "final_score": 0.4191,
            "distance_from_center": 4.2
          },
          {
            "id": 1175159881,
            "name": "마운틴 화덕피자",
            "final_score": 0.4883,
            "distance_from_center": 4.43
          },
          {
            "id": 19901360,
            "name": "강릉진국가마솥설렁탕",
            "final_score": 0.2216,
            "distance_from_center": 4.47
          },
          {
            "id": 15372194,
            "name": "사천면옥",
            "final_score": 0.281,
            "distance_from_center": 4.56
          },
          {
            "id": 12027411,
            "name": "샘터흑염소",
            "final_score": 0.2714,
            "distance_from_center": 4.57
          },
          {
            "id": 1693850894,
            "name": "낙천식당",
            "final_score": 0.385,
            "distance_from_center": 4.73
          },
          {
            "id": 21226036,
            "name": "개두릅장칼국수",
            "final_score": 0.2389,
            "distance_from_center": 4.76
          },
          {
            "id": 15372120,
            "name": "금학분식",
            "final_score": 0.4215,
            "distance_from_center": 4.76
          },
          {
            "id": 15372123,
            "name": "사천소머리국밥",
            "final_score": 0.265,
            "distance_from_center": 4.76
          },
          {
            "id": 1117927212,
            "name": "병천순대모래내",
            "final_score": 0.1795,
            "distance_from_center": 4.77
          },
          {
            "id": 1951006286,
            "name": "흑진주",
            "final_score": 0.293,
            "distance_from_center": 4.77
          },
          {
            "id": 1866632720,
            "name": "사천닭내장탕",
            "final_score": 0.274,
            "distance_from_center": 4.85
          }
        ],
        "Attraction": [
          {
            "id": 35372537,
            "name": "대관령아기동물농장",
            "final_score": 0.2817,
            "distance_from_center": 1.6
          },
          {
            "id": 1300520912,
            "name": "르꼬따쥬",
            "final_score": 0.1983,
            "distance_from_center": 4.41
          },
          {
            "id": 15704484,
            "name": "갈골한과체험전시관",
            "final_score": 0.0861,
            "distance_from_center": 4.63
          },
          {
            "id": 21824426,
            "name": "강릉원주대학교 박물관",
            "final_score": 0.3155,
            "distance_from_center": 5.35
          },
          {
            "id": 1117620826,
            "name": "뒷뜨루관광농원",
            "final_score": 0.4006,
            "distance_from_center": 5.44
          },
          {
            "id": 11620702,
            "name": "강릉 오죽헌·시립박물관",
            "final_score": 0.4025,
            "distance_from_center": 5.88
          },
          {
            "id": 19832807,
            "name": "강릉자수박물관",
            "final_score": 0.1458,
            "distance_from_center": 5.96
          }
        ]
      }
    },
    {
      "cluster_id": 2,
      "date": "2025-05-17",
      "weekday": "토",
      "seed_category": "Restaurant",
      "seed_place": {
        "id": 1888786624,
        "name": "시나미83",
        "final_score": 0.5573
      },
      "center_lat": 37.793999,
      "center_lng": 128.88227,
      "categories": {
        "Cafe": [
          {
            "id": 38275526,
            "name": "보헤미안 커피 경포점",
            "final_score": 0.3095,
            "distance_from_center": 1.86
          },
          {
            "id": 2051244903,
            "name": "강릉샌드 본점",
            "final_score": 0.3422,
            "distance_from_center": 1.96
          },
          {
            "id": 2003320621,
            "name": "차전자",
            "final_score": 0.4741,
            "distance_from_center": 2.2
          },
          {
            "id": 1083326838,
            "name": "씨엠디컴퍼니",
            "final_score": 0.3434,
            "distance_from_center": 2.22
          },
          {
            "id": 1824086717,
            "name": "디오슬로",
            "final_score": 0.5156,
            "distance_from_center": 2.24
          },
          {
            "id": 1899236965,
            "name": "삼송빵집 강릉경포점",
            "final_score": 0.399,
            "distance_from_center": 2.29
          },
          {
            "id": 1188561598,
            "name": "초당밀",
            "final_score": 0.4787,
            "distance_from_center": 2.33
          },
          {
            "id": 1836092492,
            "name": "허니홈비 강릉본점",
            "final_score": 0.4048,
            "distance_from_center": 2.37
          },
          {
            "id": 1986607278,
            "name": "백야커피",
            "final_score": 0.3961,
            "distance_from_center": 2.45
          },
          {
            "id": 1683569661,
            "name": "디핑 초콜릿카페",
            "final_score": 0.3671,
            "distance_from_center": 2.48
          },
          {
            "id": 1195768568,
            "name": "플레이스 플러스",
            "final_score": 0.4303,
            "distance_from_center": 2.49
          },
          {
            "id": 1292591709,
            "name": "헝키도리커피바",
            "final_score": 0.4386,
            "distance_from_center": 2.54
          },
          {
            "id": 1623800311,
            "name": "멜로우밀",
            "final_score": 0.4582,
            "distance_from_center": 2.67
          },
          {
            "id": 1986612032,
            "name": "롱브레드 초당",
            "final_score": 0.2631,
            "distance_from_center": 2.72
          },
          {
            "id": 1834719170,
            "name": "초당소금빵",
            "final_score": 0.1509,
            "distance_from_center": 2.74
          }
        ],
        "Restaurant": [
          {
            "id": 1888786624,
            "name": "시나미83",
            "final_score": 0.5573,
            "distance_from_center": 0.0
          },
          {
            "id": 1914381494,
            "name": "서지가마솥설렁탕전문점",
            "final_score": 0.3593,
            "distance_from_center": 0.54
          },
          {
            "id": 35678301,
            "name": "날밀보리뜰",
            "final_score": 0.2369,
            "distance_from_center": 0.82
          },
          {
            "id": 15351782,
            "name": "배다리막국수",
            "final_score": 0.3215,
            "distance_from_center": 1.04
          },
          {
            "id": 1294584035,
            "name": "법원구내식당",
            "final_score": 0.2326,
            "distance_from_center": 1.06
          },
          {
            "id": 1048928439,
            "name": "강릉본가막국수",
            "final_score": 0.4136,
            "distance_from_center": 1.13
          },
          {
            "id": 12044816,
            "name": "원조민속초당순두부",
            "final_score": 0.1814,
            "distance_from_center": 1.19
          },
          {
            "id": 15351680,
            "name": "400년집초당순두부",
            "final_score": 0.264,
            "distance_from_center": 1.19
          },
          {
            "id": 15351961,
            "name": "남향막국수 본점",
            "final_score": 0.4941,
            "distance_from_center": 1.2
          },
          {
            "id": 804014354,
            "name": "까막장이야기",
            "final_score": 0.3375,
            "distance_from_center": 1.22
          },
          {
            "id": 35700874,
            "name": "솔담한정식 강릉본점",
            "final_score": 0.3427,
            "distance_from_center": 1.22
          },
          {
            "id": 1090308210,
            "name": "경포왕만두",
            "final_score": 0.0236,
            "distance_from_center": 1.24
          },
          {
            "id": 1365555111,
            "name": "경포막국수",
            "final_score": 0.3372,
            "distance_from_center": 1.24
          },
          {
            "id": 2064849699,
            "name": "호수정 한정식 강릉본점",
            "final_score": 0.2922,
            "distance_from_center": 1.25
          },
          {
            "id": 1657903037,
            "name": "명경막국수",
            "final_score": 0.2845,
            "distance_from_center": 1.26
          }
        ],
        "Attraction": [
          {
            "id": 11687693,
            "name": "강릉 선교장",
            "final_score": 0.3642,
            "distance_from_center": 0.86
          },
          {
            "id": 20066249,
            "name": "강릉 수리골 고택",
            "final_score": 0.2296,
            "distance_from_center": 1.16
          },
          {
            "id": 1675156043,
            "name": "강릉 경포대",
            "final_score": 0.4875,
            "distance_from_center": 1.26
          },
          {
            "id": 13491109,
            "name": "경포호",
            "final_score": 0.3717,
            "distance_from_center": 1.27
          },
          {
            "id": 12409858,
            "name": "참소리에디슨손성목영화박물관",
            "final_score": 0.1231,
            "distance_from_center": 1.39
          },
          {
            "id": 31044854,
            "name": "경포가시연습지",
            "final_score": 0.2683,
            "distance_from_center": 1.53
          },
          {
            "id": 1346656418,
            "name": "경포생태저류지",
            "final_score": 0.2516,
            "distance_from_center": 1.57
          },
          {
            "id": 1211834959,
            "name": "강릉올림픽뮤지엄",
            "final_score": 0.2367,
            "distance_from_center": 2.09
          },
          {
            "id": 32777223,
            "name": "자연아놀자 체험학습박물관",
            "final_score": 0.1685,
            "distance_from_center": 2.13
          },
          {
            "id": 1881857549,
            "name": "강릉 메타버스 체험관",
            "final_score": 0.0004,
            "distance_from_center": 2.23
          },
          {
            "id": 37434460,
            "name": "경포 아쿠아리움",
            "final_score": 0.2432,
            "distance_from_center": 2.29
          },
          {
            "id": 1090555407,
            "name": "아르떼뮤지엄 강릉",
            "final_score": 0.3245,
            "distance_from_center": 2.29
          },
          {
            "id": 1063021154,
            "name": "경포플라워가든",
            "final_score": 0.309,
            "distance_from_center": 2.36
          },
          {
            "id": 20066218,
            "name": "허난설헌 생가터",
            "final_score": 0.3778,
            "distance_from_center": 2.42
          },
          {
            "id": 1130774967,
            "name": "허균·허난설헌 기념공원",
            "final_score": 0.5209,
            "distance_from_center": 2.43
          }
        ]
      }
    },
    {
      "cluster_id": 3,
      "date": "2025-05-18",
      "weekday": "일",
      "seed_category": "Cafe",
      "seed_place": {
        "id": 1009179914,
        "name": "갈매기다방",
        "final_score": 0.5563
      },
      "center_lat": 37.870299,
      "center_lng": 128.842992,
      "categories": {
        "Cafe": [
          {
            "id": 1009179914,
            "name": "갈매기다방",
            "final_score": 0.5563,
            "distance_from_center": 0.0
          },
          {
            "id": 1876301121,
            "name": "포르토포레스트하우스",
            "final_score": 0.474,
            "distance_from_center": 0.14
          },
          {
            "id": 1839133695,
            "name": "빵을쇼핑하다빵명가치아바타CIABATTA",
            "final_score": 0.4612,
            "distance_from_center": 0.22
          },
          {
            "id": 15373350,
            "name": "브라질",
            "final_score": 0.4141,
            "distance_from_center": 0.37
          },
          {
            "id": 1900553385,
            "name": "바우카페",
            "final_score": 0.442,
            "distance_from_center": 0.39
          },
          {
            "id": 11682971,
            "name": "보헤미안박이추커피본점",
            "final_score": 0.3411,
            "distance_from_center": 0.63
          },
          {
            "id": 1249217189,
            "name": "오드커피",
            "final_score": 0.4521,
            "distance_from_center": 1.22
          },
          {
            "id": 1147229173,
            "name": "도깨비젤라또",
            "final_score": 0.2643,
            "distance_from_center": 1.3
          },
          {
            "id": 1169844332,
            "name": "스타벅스 강릉주문진점",
            "final_score": 0.4157,
            "distance_from_center": 1.58
          },
          {
            "id": 1777557364,
            "name": "크림하우스",
            "final_score": 0.3946,
            "distance_from_center": 2.71
          },
          {
            "id": 1543529590,
            "name": "카페제니엘 주문진점",
            "final_score": 0.4598,
            "distance_from_center": 2.79
          },
          {
            "id": 1543529590,
            "name": "카페제니엘 주문진점",
            "final_score": 0.4598,
            "distance_from_center": 2.79
          },
          {
            "id": 1266299794,
            "name": "해옫 강릉",
            "final_score": 0.461,
            "distance_from_center": 2.87
          },
          {
            "id": 2017141901,
            "name": "에브리데이크",
            "final_score": 0.409,
            "distance_from_center": 2.98
          },
          {
            "id": 1396977535,
            "name": "소돌엔 등대점",
            "final_score": 0.419,
            "distance_from_center": 3.19
          }
        ],
        "Restaurant": [
          {
            "id": 1140539859,
            "name": "Miss한우",
            "final_score": 0.4007,
            "distance_from_center": 0.34
          },
          {
            "id": 1843519259,
            "name": "영진보리밥쌈밥",
            "final_score": 0.2473,
            "distance_from_center": 0.35
          },
          {
            "id": 1167311952,
            "name": "메밀애감자",
            "final_score": 0.4085,
            "distance_from_center": 0.36
          },
          {
            "id": 1043586683,
            "name": "내촌옥",
            "final_score": 0.4544,
            "distance_from_center": 0.36
          },
          {
            "id": 1229266906,
            "name": "달구지막창 주문진점",
            "final_score": 0.359,
            "distance_from_center": 0.36
          },
          {
            "id": 15705872,
            "name": "홍질목",
            "final_score": 0.2602,
            "distance_from_center": 0.58
          },
          {
            "id": 15360393,
            "name": "현자네해물촌",
            "final_score": 0.2766,
            "distance_from_center": 1.07
          },
          {
            "id": 15372694,
            "name": "부영식당",
            "final_score": 0.3221,
            "distance_from_center": 1.19
          },
          {
            "id": 318625076,
            "name": "주문진 상희네횟집 홍게무한리필",
            "final_score": 0.3493,
            "distance_from_center": 1.26
          },
          {
            "id": 15372688,
            "name": "연곡이모네",
            "final_score": 0.3924,
            "distance_from_center": 1.31
          },
          {
            "id": 33133925,
            "name": "해랑대게횟집",
            "final_score": 0.4909,
            "distance_from_center": 1.32
          },
          {
            "id": 1497296016,
            "name": "북강릉진국설렁탕",
            "final_score": 0.4047,
            "distance_from_center": 1.32
          },
          {
            "id": 1316825170,
            "name": "믿음식당",
            "final_score": 0.2362,
            "distance_from_center": 1.33
          },
          {
            "id": 20264808,
            "name": "주문진가마솥설렁탕",
            "final_score": 0.2089,
            "distance_from_center": 1.4
          },
          {
            "id": 11799922,
            "name": "페리카나 도립대점",
            "final_score": 0.3182,
            "distance_from_center": 1.41
          }
        ],
        "Attraction": [
          {
            "id": 13491150,
            "name": "영진해변",
            "final_score": 0.2669,
            "distance_from_center": 0.29
          },
          {
            "id": 20054445,
            "name": "영진항",
            "final_score": 0.391,
            "distance_from_center": 0.52
          },
          {
            "id": 13444336,
            "name": "연곡해변",
            "final_score": 0.5,
            "distance_from_center": 1.4
          },
          {
            "id": 13490946,
            "name": "주문진항",
            "final_score": 0.523,
            "distance_from_center": 2.24
          },
          {
            "id": 1600054868,
            "name": "해피아워크루즈",
            "final_score": 0.3694,
            "distance_from_center": 2.49
          },
          {
            "id": 34818378,
            "name": "주문진해양박물관",
            "final_score": 0.2704,
            "distance_from_center": 2.64
          },
          {
            "id": 20059236,
            "name": "주문리마을",
            "final_score": 0.2243,
            "distance_from_center": 2.87
          },
          {
            "id": 1848252796,
            "name": "강릉아기동물농장",
            "final_score": 0.3089,
            "distance_from_center": 3.11
          },
          {
            "id": 20054507,
            "name": "주문진 등대",
            "final_score": 0.3979,
            "distance_from_center": 3.15
          },
          {
            "id": 1261782152,
            "name": "호린파크(경포대허브농장)",
            "final_score": 0.4218,
            "distance_from_center": 3.49
          },
          {
            "id": 1800696554,
            "name": "하평해변(강릉)",
            "final_score": 0.4755,
            "distance_from_center": 3.74
          },
          {
            "id": 19501415,
            "name": "소돌아들바위공원",
            "final_score": 0.3634,
            "distance_from_center": 4.14
          },
          {
            "id": 13491657,
            "name": "소돌해수욕장",
            "final_score": 0.4139,
            "distance_from_center": 4.23
          },
          {
            "id": 15704900,
            "name": "사천진해변(사천뒷불해수욕장)",
            "final_score": 0.3472,
            "distance_from_center": 4.3
          },
          {
            "id": 13491005,
            "name": "주문진해수욕장",
            "final_score": 0.525,
            "distance_from_center": 4.96
          }
        ]
      }
    }
  ]
}