{
  "user_id": "U0190",
  "start_date": "2025-10-26",
  "start_weekday": "일",
  "duration_days": 4,
  "budget": 900000,
  "num_clusters": 4,
  "clustering_method": "greedy_score_based_with_store_hours",
  "seed_strategy": "highest_score_only",
  "max_cluster_radius_km": 6,
  "min_places_per_category": 7,
  "places_per_category": 15,
  "Accommodation": 10058072,
  "clusters": [
    {
      "cluster_id": 0,
      "date": "2025-10-26",
      "weekday": "일",
      "seed_category": "Attraction",
      "seed_place": {
        "id": 13490946,
        "name": "주문진항",
        "final_score": 0.6281
      },
      "center_lat": 37.887643,
      "center_lng": 128.829902,
      "categories": {
        "Cafe": [
          {
            "id": 1266299794,
            "name": "해옫 강릉",
            "final_score": 0.5121,
            "distance_from_center": 0.63
          },
          {
            "id": 1169844332,
            "name": "스타벅스 강릉주문진점",
            "final_score": 0.387,
            "distance_from_center": 0.73
          },
          {
            "id": 2017141901,
            "name": "에브리데이크",
            "final_score": 0.3965,
            "distance_from_center": 0.82
          },
          {
            "id": 1543529590,
            "name": "카페제니엘 주문진점",
            "final_score": 0.2775,
            "distance_from_center": 0.82
          },
          {
            "id": 1543529590,
            "name": "카페제니엘 주문진점",
            "final_score": 0.2775,
            "distance_from_center": 0.82
          },
          {
            "id": 1147229173,
            "name": "도깨비젤라또",
            "final_score": 0.2603,
            "distance_from_center": 0.97
          },
          {
            "id": 1249217189,
            "name": "오드커피",
            "final_score": 0.3599,
            "distance_from_center": 1.05
          },
          {
            "id": 1396977535,
            "name": "소돌엔 등대점",
            "final_score": 0.3109,
            "distance_from_center": 1.16
          },
          {
            "id": 1019347699,
            "name": "플레이스 플러스",
            "final_score": 0.3143,
            "distance_from_center": 1.71
          },
          {
            "id": 1299462841,
            "name": "소돌엔 강릉",
            "final_score": 0.3494,
            "distance_from_center": 2.08
          },
          {
            "id": 1876301121,
            "name": "포르토포레스트하우스",
            "final_score": 0.5195,
            "distance_from_center": 2.12
          },
          {
            "id": 1009179914,
            "name": "갈매기다방",
            "final_score": 0.5107,
            "distance_from_center": 2.24
          },
          {
            "id": 1839133695,
            "name": "빵을쇼핑하다빵명가치아바타CIABATTA",
            "final_score": 0.3885,
            "distance_from_center": 2.45
          },
          {
            "id": 15373350,
            "name": "브라질",
            "final_score": 0.4024,
            "distance_from_center": 2.59
          },
          {
            "id": 1900553385,
            "name": "바우카페",
            "final_score": 0.3456,
            "distance_from_center": 2.61
          }
        ],
        "Restaurant": [
          {
            "id": 34105205,
            "name": "대게한마당주문진본점",
            "final_score": 0.5244,
            "distance_from_center": 0.08
          },
          {
            "id": 1801909812,
            "name": "돈현이네",
            "final_score": 0.416,
            "distance_from_center": 0.12
          },
          {
            "id": 1303070508,
            "name": "문어랑 강릉주문진항점",
            "final_score": 0.4979,
            "distance_from_center": 0.14
          },
          {
            "id": 34632772,
            "name": "실비생선구이 본점 작은집",
            "final_score": 0.2861,
            "distance_from_center": 0.19
          },
          {
            "id": 1210141934,
            "name": "귀자네순대국밥",
            "final_score": 0.2017,
            "distance_from_center": 0.19
          },
          {
            "id": 36911308,
            "name": "육반장 주문진점",
            "final_score": 0.4024,
            "distance_from_center": 0.19
          },
          {
            "id": 1815684142,
            "name": "실비생선구이 본점 큰집",
            "final_score": 0.4313,
            "distance_from_center": 0.2
          },
          {
            "id": 1658810393,
            "name": "영진댁",
            "final_score": 0.5531,
            "distance_from_center": 0.2
          },
          {
            "id": 1888740640,
            "name": "영진항",
            "final_score": 0.5829,
            "distance_from_center": 0.21
          },
          {
            "id": 2048194061,
            "name": "강릉한우한돈정육식당 소온주문진",
            "final_score": 0.4024,
            "distance_from_center": 0.23
          },
          {
            "id": 15362879,
            "name": "감칠맛회국수",
            "final_score": 0.4543,
            "distance_from_center": 0.24
          },
          {
            "id": 1395972978,
            "name": "산마루황태촌",
            "final_score": 0.3692,
            "distance_from_center": 0.25
          },
          {
            "id": 13281876,
            "name": "강릉최대게 본점",
            "final_score": 0.4653,
            "distance_from_center": 0.26
          },
          {
            "id": 1062358382,
            "name": "원영생선구이",
            "final_score": 0.2175,
            "distance_from_center": 0.3
          },
          {
            "id": 38314569,
            "name": "주문진신짬뽕",
            "final_score": 0.2102,
            "distance_from_center": 0.32
          }
        ],
        "Attraction": [
          {
            "id": 13490946,
            "name": "주문진항",
            "final_score": 0.6281,
            "distance_from_center": 0.0
          },
          {
            "id": 1600054868,
            "name": "해피아워크루즈",
            "final_score": 0.2332,
            "distance_from_center": 0.24
          },
          {
            "id": 34818378,
            "name": "주문진해양박물관",
            "final_score": 0.265,
            "distance_from_center": 0.41
          },
          {
            "id": 20059236,
            "name": "주문리마을",
            "final_score": 0.2278,
            "distance_from_center": 0.63
          },
          {
            "id": 20054507,
            "name": "주문진 등대",
            "final_score": 0.1932,
            "distance_from_center": 1.17
          },
          {
            "id": 19501415,
            "name": "소돌아들바위공원",
            "final_score": 0.297,
            "distance_from_center": 2.02
          },
          {
            "id": 13491657,
            "name": "소돌해수욕장",
            "final_score": 0.5311,
            "distance_from_center": 2.08
          },
          {
            "id": 13491150,
            "name": "영진해변",
            "final_score": 0.4371,
            "distance_from_center": 2.52
          },
          {
            "id": 13491005,
            "name": "주문진해수욕장",
            "final_score": 0.4741,
            "distance_from_center": 2.73
          },
          {
            "id": 20054445,
            "name": "영진항",
            "final_score": 0.3846,
            "distance_from_center": 2.74
          },
          {
            "id": 15698326,
            "name": "향호해변",
            "final_score": 0.3354,
            "distance_from_center": 2.85
          },
          {
            "id": 1154013651,
            "name": "주문진bts",
            "final_score": 0.1998,
            "distance_from_center": 2.99
          },
          {
            "id": 13444336,
            "name": "연곡해변",
            "final_score": 0.4467,
            "distance_from_center": 3.64
          },
          {
            "id": 12390002,
            "name": "강릉 복사꽃마을",
            "final_score": 0.263,
            "distance_from_center": 4.68
          },
          {
            "id": 1848252796,
            "name": "강릉아기동물농장",
            "final_score": 0.2942,
            "distance_from_center": 5.36
          }
        ]
      }
    },
    {
      "cluster_id": 1,
      "date": "2025-10-27",
      "weekday": "월",
      "seed_category": "Restaurant",
      "seed_place": {
        "id": 36195920,
        "name": "꼼지락",
        "final_score": 0.6264
      },
      "center_lat": 37.76523,
      "center_lng": 128.880246,
      "categories": {
        "Cafe": [
          {
            "id": 1263529731,
            "name": "인비토",
            "final_score": 0.3371,
            "distance_from_center": 0.14
          },
          {
            "id": 1867724165,
            "name": "사루",
            "final_score": 0.4989,
            "distance_from_center": 0.23
          },
          {
            "id": 1459760339,
            "name": "스타벅스 강릉교동광장점",
            "final_score": 0.2226,
            "distance_from_center": 0.29
          },
          {
            "id": 1784470266,
            "name": "메가MGC커피 강릉교동솔올점",
            "final_score": 0.0008,
            "distance_from_center": 0.3
          },
          {
            "id": 1526759655,
            "name": "텐퍼센트커피 강릉교동택지점",
            "final_score": 0.48,
            "distance_from_center": 0.31
          },
          {
            "id": 1843451871,
            "name": "투썸플레이스 강릉교동택지점",
            "final_score": 0.3152,
            "distance_from_center": 0.33
          },
          {
            "id": 1215792352,
            "name": "던킨 강릉교동점",
            "final_score": 0.4856,
            "distance_from_center": 0.33
          },
          {
            "id": 1352455905,
            "name": "화이트리에 강릉점",
            "final_score": 0.153,
            "distance_from_center": 0.33
          },
          {
            "id": 36767042,
            "name": "크리스피크림도넛 강릉교동점",
            "final_score": 0.2215,
            "distance_from_center": 0.37
          },
          {
            "id": 21095658,
            "name": "베이커리 가루",
            "final_score": 0.2281,
            "distance_from_center": 0.41
          },
          {
            "id": 1662017638,
            "name": "쎄라비",
            "final_score": 0.2944,
            "distance_from_center": 0.45
          },
          {
            "id": 1662017638,
            "name": "쎄라비",
            "final_score": 0.2944,
            "distance_from_center": 0.45
          },
          {
            "id": 38482509,
            "name": "52블럭",
            "final_score": 0.3335,
            "distance_from_center": 0.47
          },
          {
            "id": 1133303813,
            "name": "커피아워",
            "final_score": 0.3314,
            "distance_from_center": 0.48
          },
          {
            "id": 1625914520,
            "name": "사월의 모노웜",
            "final_score": 0.3088,
            "distance_from_center": 0.48
          }
        ],
        "Restaurant": [
          {
            "id": 36195920,
            "name": "꼼지락",
            "final_score": 0.6264,
            "distance_from_center": 0.0
          },
          {
            "id": 1093428366,
            "name": "연길양꼬치",
            "final_score": 0.4657,
            "distance_from_center": 0.02
          },
          {
            "id": 15380143,
            "name": "춘천택지닭갈비",
            "final_score": 0.4999,
            "distance_from_center": 0.05
          },
          {
            "id": 1525974431,
            "name": "열정국밥 강릉교동점",
            "final_score": 0.2292,
            "distance_from_center": 0.05
          },
          {
            "id": 1323935877,
            "name": "푸짐이왕족발보쌈본점",
            "final_score": 0.3944,
            "distance_from_center": 0.05
          },
          {
            "id": 1270547426,
            "name": "여왕숯불갈비",
            "final_score": 0.3666,
            "distance_from_center": 0.06
          },
          {
            "id": 37917721,
            "name": "장군시오야끼 교동직영점",
            "final_score": 0.196,
            "distance_from_center": 0.07
          },
          {
            "id": 1126917861,
            "name": "본도시락 강릉교동점",
            "final_score": 0.3317,
            "distance_from_center": 0.09
          },
          {
            "id": 20956496,
            "name": "보영이네해물칼국수 강릉점",
            "final_score": 0.24,
            "distance_from_center": 0.1
          },
          {
            "id": 35363966,
            "name": "선풍",
            "final_score": 0.5148,
            "distance_from_center": 0.1
          },
          {
            "id": 1100692439,
            "name": "국밥생각 강릉교동점",
            "final_score": 0.3631,
            "distance_from_center": 0.1
          },
          {
            "id": 1901843013,
            "name": "봉화산설렁탕 교동점",
            "final_score": 0.238,
            "distance_from_center": 0.15
          },
          {
            "id": 1507071331,
            "name": "김밥천국 서지골점",
            "final_score": 0.1919,
            "distance_from_center": 0.15
          },
          {
            "id": 15378004,
            "name": "관동닭갈비",
            "final_score": 0.3661,
            "distance_from_center": 0.16
          },
          {
            "id": 33886859,
            "name": "이미정의걸작교동점",
            "final_score": 0.3798,
            "distance_from_center": 0.17
          }
        ],
        "Attraction": [
          {
            "id": 1775014582,
            "name": "리고엠",
            "final_score": 0.3046,
            "distance_from_center": 0.31
          },
          {
            "id": 2062786512,
            "name": "강릉시립미술관 솔올",
            "final_score": 0.171,
            "distance_from_center": 0.7
          },
          {
            "id": 11535675,
            "name": "강릉문화원",
            "final_score": 0.2196,
            "distance_from_center": 0.91
          },
          {
            "id": 12762639,
            "name": "강릉시립미술관 교동",
            "final_score": 0.3758,
            "distance_from_center": 1.06
          },
          {
            "id": 21824426,
            "name": "강릉원주대학교 박물관",
            "final_score": 0.3377,
            "distance_from_center": 1.08
          },
          {
            "id": 11663849,
            "name": "강릉향교",
            "final_score": 0.2062,
            "distance_from_center": 1.33
          },
          {
            "id": 19832807,
            "name": "강릉자수박물관",
            "final_score": 0.0477,
            "distance_from_center": 1.42
          },
          {
            "id": 13345877,
            "name": "강릉 서부시장",
            "final_score": 0.3794,
            "distance_from_center": 1.46
          },
          {
            "id": 1550291849,
            "name": "강릉아트센터",
            "final_score": 0.1765,
            "distance_from_center": 1.52
          },
          {
            "id": 11620702,
            "name": "강릉 오죽헌·시립박물관",
            "final_score": 0.3357,
            "distance_from_center": 1.55
          },
          {
            "id": 1346656418,
            "name": "경포생태저류지",
            "final_score": 0.2241,
            "distance_from_center": 1.64
          },
          {
            "id": 1357865119,
            "name": "고래책방",
            "final_score": 0.4121,
            "distance_from_center": 1.68
          },
          {
            "id": 749351147,
            "name": "강릉 임영관 삼문",
            "final_score": 0.1253,
            "distance_from_center": 1.68
          },
          {
            "id": 15685783,
            "name": "강릉 대도호부 관아",
            "final_score": 0.4058,
            "distance_from_center": 1.69
          },
          {
            "id": 1287320440,
            "name": "강릉 월화거리",
            "final_score": 0.368,
            "distance_from_center": 1.83
          }
        ]
      }
    },
    {
      "cluster_id": 2,
      "date": "2025-10-28",
      "weekday": "화",
      "seed_category": "Restaurant",
      "seed_place": {
        "id": 1458958864,
        "name": "회포차1박2일",
        "final_score": 0.6145
      },
      "center_lat": 37.769412,
      "center_lng": 128.877611,
      "categories": {
        "Cafe": [
          {
            "id": 1623800311,
            "name": "멜로우밀",
            "final_score": 0.4636,
            "distance_from_center": 0.12
          },
          {
            "id": 38274668,
            "name": "플레지르",
            "final_score": 0.2917,
            "distance_from_center": 0.13
          },
          {
            "id": 1683569661,
            "name": "디핑 초콜릿카페",
            "final_score": 0.3418,
            "distance_from_center": 0.3
          },
          {
            "id": 1292591709,
            "name": "헝키도리커피바",
            "final_score": 0.4481,
            "distance_from_center": 0.38
          },
          {
            "id": 1504291324,
            "name": "백금당 강릉점",
            "final_score": 0.4036,
            "distance_from_center": 1.05
          },
          {
            "id": 1442771903,
            "name": "가디",
            "final_score": 0.3155,
            "distance_from_center": 1.15
          },
          {
            "id": 1879279368,
            "name": "스타벅스 강릉율곡DT점",
            "final_score": 0.2938,
            "distance_from_center": 1.28
          },
          {
            "id": 31529835,
            "name": "커피내리는 버스정류장",
            "final_score": 0.1278,
            "distance_from_center": 1.37
          },
          {
            "id": 2051244903,
            "name": "강릉샌드 본점",
            "final_score": 0.3604,
            "distance_from_center": 1.42
          },
          {
            "id": 1495937611,
            "name": "음차차",
            "final_score": 0.412,
            "distance_from_center": 1.44
          },
          {
            "id": 1605447318,
            "name": "젤라또까사",
            "final_score": 0.5403,
            "distance_from_center": 1.53
          },
          {
            "id": 1500318606,
            "name": "버떠",
            "final_score": 0.4421,
            "distance_from_center": 1.56
          },
          {
            "id": 263503029,
            "name": "어썸",
            "final_score": 0.4258,
            "distance_from_center": 1.56
          },
          {
            "id": 1575948320,
            "name": "크림블랑",
            "final_score": 0.1227,
            "distance_from_center": 1.62
          },
          {
            "id": 1547896837,
            "name": "솔방울제과점",
            "final_score": 0.3328,
            "distance_from_center": 1.75
          }
        ],
        "Restaurant": [
          {
            "id": 1458958864,
            "name": "회포차1박2일",
            "final_score": 0.6145,
            "distance_from_center": 0.0
          },
          {
            "id": 15380566,
            "name": "주문진순이네",
            "final_score": 0.3712,
            "distance_from_center": 0.02
          },
          {
            "id": 11550609,
            "name": "굴사랑 교동택지점",
            "final_score": 0.4768,
            "distance_from_center": 0.03
          },
          {
            "id": 15376068,
            "name": "산마을",
            "final_score": 0.4707,
            "distance_from_center": 0.04
          },
          {
            "id": 1053416085,
            "name": "본래순대 교동택지점",
            "final_score": 0.403,
            "distance_from_center": 0.04
          },
          {
            "id": 12042486,
            "name": "밤마차 교동점",
            "final_score": 0.0982,
            "distance_from_center": 0.05
          },
          {
            "id": 15310589,
            "name": "솔올부대찌개",
            "final_score": 0.3009,
            "distance_from_center": 0.07
          },
          {
            "id": 12926106,
            "name": "병천황토방순대 교동점",
            "final_score": 0.2527,
            "distance_from_center": 0.07
          },
          {
            "id": 1862735111,
            "name": "차차동",
            "final_score": 0.3007,
            "distance_from_center": 0.07
          },
          {
            "id": 15380022,
            "name": "국수와파전",
            "final_score": 0.2697,
            "distance_from_center": 0.07
          },
          {
            "id": 1739432424,
            "name": "생바지락칼제비",
            "final_score": 0.3706,
            "distance_from_center": 0.08
          },
          {
            "id": 15311728,
            "name": "수미골",
            "final_score": 0.4948,
            "distance_from_center": 0.09
          },
          {
            "id": 1520374355,
            "name": "고담집",
            "final_score": 0.4723,
            "distance_from_center": 0.11
          },
          {
            "id": 1915717477,
            "name": "교동순대국밥",
            "final_score": 0.3476,
            "distance_from_center": 0.11
          },
          {
            "id": 1836613079,
            "name": "금화왕돈까스 강릉교동점",
            "final_score": 0.3253,
            "distance_from_center": 0.13
          }
        ],
        "Attraction": [
          {
            "id": 11687693,
            "name": "강릉 선교장",
            "final_score": 0.3498,
            "distance_from_center": 2.02
          },
          {
            "id": 1211834959,
            "name": "강릉올림픽뮤지엄",
            "final_score": 0.1894,
            "distance_from_center": 2.04
          },
          {
            "id": 20066249,
            "name": "강릉 수리골 고택",
            "final_score": 0.3172,
            "distance_from_center": 2.21
          },
          {
            "id": 13345874,
            "name": "강릉 동부시장",
            "final_score": 0.0,
            "distance_from_center": 2.28
          },
          {
            "id": 1300520912,
            "name": "르꼬따쥬",
            "final_score": 0.3398,
            "distance_from_center": 2.33
          },
          {
            "id": 38623679,
            "name": "명주예술마당",
            "final_score": 0.2126,
            "distance_from_center": 2.39
          },
          {
            "id": 37090227,
            "name": "버드나무 브루어리",
            "final_score": 0.3706,
            "distance_from_center": 2.43
          },
          {
            "id": 1249952785,
            "name": "강릉 명주동 거리",
            "final_score": 0.4064,
            "distance_from_center": 2.43
          },
          {
            "id": 15693581,
            "name": "강릉 남산공원",
            "final_score": 0.2304,
            "distance_from_center": 2.75
          },
          {
            "id": 12955259,
            "name": "단오타운전시관",
            "final_score": 0.1747,
            "distance_from_center": 2.81
          },
          {
            "id": 31044854,
            "name": "경포가시연습지",
            "final_score": 0.1938,
            "distance_from_center": 2.9
          },
          {
            "id": 32777223,
            "name": "자연아놀자 체험학습박물관",
            "final_score": 0.1733,
            "distance_from_center": 2.9
          },
          {
            "id": 11592129,
            "name": "강릉교육문화관",
            "final_score": 0.3103,
            "distance_from_center": 3.25
          },
          {
            "id": 1412053208,
            "name": "처음처럼&새로 브랜드 체험관",
            "final_score": 0.2327,
            "distance_from_center": 3.27
          },
          {
            "id": 1881857549,
            "name": "강릉 메타버스 체험관",
            "final_score": 0.1478,
            "distance_from_center": 3.27
          }
        ]
      }
    },
    {
      "cluster_id": 3,
      "date": "2025-10-29",
      "weekday": "수",
      "seed_category": "Restaurant",
      "seed_place": {
        "id": 15349625,
        "name": "아라담횟집",
        "final_score": 0.6114
      },
      "center_lat": 37.765212,
      "center_lng": 128.953187,
      "categories": {
        "Cafe": [
          {
            "id": 1721611016,
            "name": "아뜨9",
            "final_score": 0.2838,
            "distance_from_center": 0.05
          },
          {
            "id": 1220981140,
            "name": "정남미명과 강릉본점",
            "final_score": 0.3172,
            "distance_from_center": 0.65
          },
          {
            "id": 19823055,
            "name": "산토리니커피",
            "final_score": 0.1444,
            "distance_from_center": 0.67
          },
          {
            "id": 1894965701,
            "name": "로지커피",
            "final_score": 0.3521,
            "distance_from_center": 0.68
          },
          {
            "id": 20585367,
            "name": "카페베네 안목점",
            "final_score": 0.3695,
            "distance_from_center": 0.69
          },
          {
            "id": 38520417,
            "name": "커피 아메리카 강릉점",
            "final_score": 0.2146,
            "distance_from_center": 0.72
          },
          {
            "id": 36399670,
            "name": "키크러스 강릉점",
            "final_score": 0.4885,
            "distance_from_center": 0.72
          },
          {
            "id": 33021650,
            "name": "스타벅스 강릉안목해변점",
            "final_score": 0.478,
            "distance_from_center": 0.79
          },
          {
            "id": 1267158607,
            "name": "성수미술관 강릉안목점",
            "final_score": 0.3826,
            "distance_from_center": 0.79
          },
          {
            "id": 15692078,
            "name": "카페알베로",
            "final_score": 0.422,
            "distance_from_center": 0.82
          },
          {
            "id": 1557387521,
            "name": "할리스 강릉안목해변점",
            "final_score": 0.2901,
            "distance_from_center": 0.83
          },
          {
            "id": 34203501,
            "name": "에이엠브레드앤커피",
            "final_score": 0.5391,
            "distance_from_center": 0.93
          },
          {
            "id": 1933690279,
            "name": "미르마르",
            "final_score": 0.4376,
            "distance_from_center": 0.96
          },
          {
            "id": 11887822,
            "name": "커피커퍼 안목점",
            "final_score": 0.2462,
            "distance_from_center": 0.98
          },
          {
            "id": 499938650,
            "name": "카페 뤼미에르",
            "final_score": 0.3093,
            "distance_from_center": 0.99
          }
        ],
        "Restaurant": [
          {
            "id": 15349625,
            "name": "아라담횟집",
            "final_score": 0.6114,
            "distance_from_center": 0.0
          },
          {
            "id": 20948060,
            "name": "남항진순대국밥",
            "final_score": 0.2152,
            "distance_from_center": 0.04
          },
          {
            "id": 31508723,
            "name": "바다사랑",
            "final_score": 0.3393,
            "distance_from_center": 0.14
          },
          {
            "id": 15349681,
            "name": "남항진어촌식당",
            "final_score": 0.4351,
            "distance_from_center": 0.25
          },
          {
            "id": 1991602969,
            "name": "솔향",
            "final_score": 0.6111,
            "distance_from_center": 0.65
          },
          {
            "id": 1613946855,
            "name": "명문",
            "final_score": 0.5961,
            "distance_from_center": 0.65
          },
          {
            "id": 1165823672,
            "name": "안목해변 술집 문문",
            "final_score": 0.5031,
            "distance_from_center": 0.65
          },
          {
            "id": 1182217392,
            "name": "페리페리버거 강릉안목해변점",
            "final_score": 0.2745,
            "distance_from_center": 0.79
          },
          {
            "id": 1084805019,
            "name": "미역국 전문점 안목애",
            "final_score": 0.2593,
            "distance_from_center": 0.85
          },
          {
            "id": 1565454479,
            "name": "만추",
            "final_score": 0.1366,
            "distance_from_center": 0.97
          },
          {
            "id": 1690518281,
            "name": "평진냉면",
            "final_score": 0.4453,
            "distance_from_center": 1.01
          },
          {
            "id": 38268032,
            "name": "버거웍스",
            "final_score": 0.3531,
            "distance_from_center": 1.05
          },
          {
            "id": 32185304,
            "name": "만동면옥",
            "final_score": 0.4319,
            "distance_from_center": 1.07
          },
          {
            "id": 15349490,
            "name": "만선감자옹심이",
            "final_score": 0.2098,
            "distance_from_center": 1.09
          },
          {
            "id": 12912326,
            "name": "형제매운양푼갈비",
            "final_score": 0.246,
            "distance_from_center": 1.1
          }
        ],
        "Attraction": [
          {
            "id": 13491444,
            "name": "남항진해변",
            "final_score": 0.3566,
            "distance_from_center": 0.17
          },
          {
            "id": 15692195,
            "name": "강릉항",
            "final_score": 0.2412,
            "distance_from_center": 0.7
          },
          {
            "id": 20947876,
            "name": "강릉커피거리",
            "final_score": 0.2925,
            "distance_from_center": 0.97
          },
          {
            "id": 13491906,
            "name": "안목해변",
            "final_score": 0.4637,
            "distance_from_center": 0.97
          },
          {
            "id": 1243747688,
            "name": "병산 옹심이마을",
            "final_score": 0.1775,
            "distance_from_center": 1.09
          },
          {
            "id": 939463951,
            "name": "강릉 안목해맞이공원",
            "final_score": 0.4968,
            "distance_from_center": 1.24
          },
          {
            "id": 32268465,
            "name": "환희컵박물관",
            "final_score": 0.2854,
            "distance_from_center": 1.36
          },
          {
            "id": 20065935,
            "name": "송정해변",
            "final_score": 0.3844,
            "distance_from_center": 2.18
          },
          {
            "id": 13126966,
            "name": "풍호마을",
            "final_score": 0.2023,
            "distance_from_center": 2.96
          },
          {
            "id": 15701732,
            "name": "염전해변",
            "final_score": 0.4822,
            "distance_from_center": 3.71
          },
          {
            "id": 1112785467,
            "name": "런닝맨 강릉점",
            "final_score": 0.273,
            "distance_from_center": 4.01
          },
          {
            "id": 13491183,
            "name": "강문해변",
            "final_score": 0.3965,
            "distance_from_center": 4.46
          },
          {
            "id": 1542622512,
            "name": "원더스카이",
            "final_score": 0.1725,
            "distance_from_center": 4.61
          },
          {
            "id": 31506191,
            "name": "초당순두부마을",
            "final_score": 0.3576,
            "distance_from_center": 4.65
          },
          {
            "id": 13491186,
            "name": "안인해변",
            "final_score": 0.4282,
            "distance_from_center": 4.75
          }
        ]
      }
    }
  ]
}