{
  "user_id": "U0196",
  "start_date": "2025-01-07",
  "start_weekday": "화",
  "duration_days": 5,
  "budget": 600000,
  "num_clusters": 5,
  "clustering_method": "greedy_score_based_with_store_hours",
  "seed_strategy": "highest_score_only",
  "max_cluster_radius_km": 6,
  "min_places_per_category": 7,
  "places_per_category": 15,
  "Accommodation": 1000108328,
  "clusters": [
    {
      "cluster_id": 0,
      "date": "2025-01-07",
      "weekday": "화",
      "seed_category": "Restaurant",
      "seed_place": {
        "id": 1573050586,
        "name": "기와집흑염소",
        "final_score": 0.5862
      },
      "center_lat": 37.764489,
      "center_lng": 128.907564,
      "categories": {
        "Cafe": [
          {
            "id": 1756159133,
            "name": "카페디드",
            "final_score": 0.3227,
            "distance_from_center": 0.29
          },
          {
            "id": 1891894301,
            "name": "플레이스 플러스",
            "final_score": 0.3129,
            "distance_from_center": 0.37
          },
          {
            "id": 1391511090,
            "name": "삼척오란다 강릉점",
            "final_score": 0.3707,
            "distance_from_center": 0.4
          },
          {
            "id": 1457952472,
            "name": "월선화",
            "final_score": 0.4309,
            "distance_from_center": 0.46
          },
          {
            "id": 1838131828,
            "name": "강릉카페 체크이스트",
            "final_score": 0.2551,
            "distance_from_center": 0.51
          },
          {
            "id": 1569323095,
            "name": "비사이드그라운드",
            "final_score": 0.3912,
            "distance_from_center": 0.54
          },
          {
            "id": 1763916720,
            "name": "강릉커피콩빵 강릉당 강릉역점",
            "final_score": 0.2954,
            "distance_from_center": 0.65
          },
          {
            "id": 1656009767,
            "name": "메가MGC커피 강릉역점",
            "final_score": 0.303,
            "distance_from_center": 0.66
          },
          {
            "id": 1671795817,
            "name": "알뜨",
            "final_score": 0.3018,
            "distance_from_center": 0.7
          },
          {
            "id": 1182677835,
            "name": "라스텔리나",
            "final_score": 0.2947,
            "distance_from_center": 0.73
          },
          {
            "id": 15318913,
            "name": "돔베이커리",
            "final_score": 0.2489,
            "distance_from_center": 0.83
          },
          {
            "id": 2089930981,
            "name": "머뭄카페",
            "final_score": 0.3469,
            "distance_from_center": 0.86
          },
          {
            "id": 1331157860,
            "name": "이스트 베이커리",
            "final_score": 0.3866,
            "distance_from_center": 0.87
          },
          {
            "id": 1488770728,
            "name": "도넛인사이드도넛 강릉점",
            "final_score": 0.268,
            "distance_from_center": 0.93
          },
          {
            "id": 66343890,
            "name": "강릉빵다방",
            "final_score": 0.2943,
            "distance_from_center": 1.05
          }
        ],
        "Restaurant": [
          {
            "id": 1573050586,
            "name": "기와집흑염소",
            "final_score": 0.5862,
            "distance_from_center": 0.0
          },
          {
            "id": 37779067,
            "name": "부연동백숙",
            "final_score": 0.267,
            "distance_from_center": 0.03
          },
          {
            "id": 1606609541,
            "name": "강릉파스타 아스따",
            "final_score": 0.3234,
            "distance_from_center": 0.05
          },
          {
            "id": 15315326,
            "name": "삼원손칼국수",
            "final_score": 0.37,
            "distance_from_center": 0.05
          },
          {
            "id": 15322327,
            "name": "포남사골옹심이",
            "final_score": 0.3457,
            "distance_from_center": 0.06
          },
          {
            "id": 1202584889,
            "name": "캠핑식당 용지각길56",
            "final_score": 0.314,
            "distance_from_center": 0.08
          },
          {
            "id": 1977006302,
            "name": "강릉닭개장",
            "final_score": 0.3795,
            "distance_from_center": 0.08
          },
          {
            "id": 11596944,
            "name": "일조일석감자탕",
            "final_score": 0.3433,
            "distance_from_center": 0.08
          },
          {
            "id": 333675733,
            "name": "보글이식당",
            "final_score": 0.3261,
            "distance_from_center": 0.09
          },
          {
            "id": 1295036356,
            "name": "황가네막국수냉면",
            "final_score": 0.2918,
            "distance_from_center": 0.13
          },
          {
            "id": 1293869986,
            "name": "부영메밀전",
            "final_score": 0.3158,
            "distance_from_center": 0.14
          },
          {
            "id": 31925410,
            "name": "신촌장칼국수",
            "final_score": 0.3889,
            "distance_from_center": 0.14
          },
          {
            "id": 1281025784,
            "name": "라온네돌판집",
            "final_score": 0.2698,
            "distance_from_center": 0.15
          },
          {
            "id": 37691425,
            "name": "송여사 숯불 왕꼼장어 강릉본점",
            "final_score": 0.3098,
            "distance_from_center": 0.16
          },
          {
            "id": 15318709,
            "name": "남매식당",
            "final_score": 0.3945,
            "distance_from_center": 0.16
          }
        ],
        "Attraction": [
          {
            "id": 13345874,
            "name": "강릉 동부시장",
            "final_score": 0.0,
            "distance_from_center": 0.8
          },
          {
            "id": 11663849,
            "name": "강릉향교",
            "final_score": 0.1227,
            "distance_from_center": 1.09
          },
          {
            "id": 1357865119,
            "name": "고래책방",
            "final_score": 0.2708,
            "distance_from_center": 1.14
          },
          {
            "id": 1287320440,
            "name": "강릉 월화거리",
            "final_score": 0.0329,
            "distance_from_center": 1.3
          },
          {
            "id": 1550291849,
            "name": "강릉아트센터",
            "final_score": 0.1587,
            "distance_from_center": 1.33
          },
          {
            "id": 13345873,
            "name": "강릉 중앙시장",
            "final_score": 0.1826,
            "distance_from_center": 1.41
          },
          {
            "id": 12762639,
            "name": "강릉시립미술관 교동",
            "final_score": 0.1734,
            "distance_from_center": 1.53
          },
          {
            "id": 13345877,
            "name": "강릉 서부시장",
            "final_score": 0.0515,
            "distance_from_center": 1.8
          },
          {
            "id": 15685783,
            "name": "강릉 대도호부 관아",
            "final_score": 0.17,
            "distance_from_center": 1.84
          },
          {
            "id": 749351147,
            "name": "강릉 임영관 삼문",
            "final_score": 0.1147,
            "distance_from_center": 1.88
          },
          {
            "id": 1211834959,
            "name": "강릉올림픽뮤지엄",
            "final_score": 0.1078,
            "distance_from_center": 1.89
          },
          {
            "id": 1249952785,
            "name": "강릉 명주동 거리",
            "final_score": 0.3526,
            "distance_from_center": 1.98
          },
          {
            "id": 12955259,
            "name": "단오타운전시관",
            "final_score": 0.1324,
            "distance_from_center": 2.11
          },
          {
            "id": 11592129,
            "name": "강릉교육문화관",
            "final_score": 0.1711,
            "distance_from_center": 2.16
          },
          {
            "id": 38623679,
            "name": "명주예술마당",
            "final_score": 0.1001,
            "distance_from_center": 2.18
          }
        ]
      }
    },
    {
      "cluster_id": 1,
      "date": "2025-01-08",
      "weekday": "수",
      "seed_category": "Restaurant",
      "seed_place": {
        "id": 33920318,
        "name": "여왕개미식당",
        "final_score": 0.5425
      },
      "center_lat": 37.753752,
      "center_lng": 128.898073,
      "categories": {
        "Cafe": [
          {
            "id": 1683765421,
            "name": "타임슬립",
            "final_score": 0.3062,
            "distance_from_center": 0.04
          },
          {
            "id": 1318617687,
            "name": "강릉이래요",
            "final_score": 0.2869,
            "distance_from_center": 0.06
          },
          {
            "id": 1758181058,
            "name": "김성수제빵소 강릉점",
            "final_score": 0.2993,
            "distance_from_center": 0.07
          },
          {
            "id": 1669842519,
            "name": "오버웨잇 강릉본점",
            "final_score": 0.2754,
            "distance_from_center": 0.1
          },
          {
            "id": 1526049518,
            "name": "커피러버스",
            "final_score": 0.3477,
            "distance_from_center": 0.11
          },
          {
            "id": 2013389102,
            "name": "크레마코스타 중앙시장점",
            "final_score": 0.3816,
            "distance_from_center": 0.11
          },
          {
            "id": 1697573959,
            "name": "강릉커피콩빵 강릉당 중앙시장점",
            "final_score": 0.3089,
            "distance_from_center": 0.12
          },
          {
            "id": 35256483,
            "name": "설빙 강릉대학로점",
            "final_score": 0.3824,
            "distance_from_center": 0.12
          },
          {
            "id": 1086491623,
            "name": "파충류카페 강릉점",
            "final_score": 0.2362,
            "distance_from_center": 0.12
          },
          {
            "id": 1202298255,
            "name": "팡파미유 중앙시장점",
            "final_score": 0.2604,
            "distance_from_center": 0.14
          },
          {
            "id": 2078030409,
            "name": "강릉베이글",
            "final_score": 0.1996,
            "distance_from_center": 0.15
          },
          {
            "id": 1517734190,
            "name": "강원옥찹쌀떡 중앙시장점",
            "final_score": 0.3999,
            "distance_from_center": 0.15
          },
          {
            "id": 1689574654,
            "name": "굴리아케이크",
            "final_score": 0.313,
            "distance_from_center": 0.15
          },
          {
            "id": 1355852682,
            "name": "젤라또마켓 순두부젤라또",
            "final_score": 0.4625,
            "distance_from_center": 0.15
          },
          {
            "id": 1659347323,
            "name": "강릉샌드",
            "final_score": 0.375,
            "distance_from_center": 0.15
          }
        ],
        "Restaurant": [
          {
            "id": 33920318,
            "name": "여왕개미식당",
            "final_score": 0.5425,
            "distance_from_center": 0.0
          },
          {
            "id": 1651613690,
            "name": "강릉사임당술빵",
            "final_score": 0.3743,
            "distance_from_center": 0.04
          },
          {
            "id": 1175212803,
            "name": "성남장터",
            "final_score": 0.2952,
            "distance_from_center": 0.04
          },
          {
            "id": 37300459,
            "name": "소문난식당",
            "final_score": 0.3625,
            "distance_from_center": 0.06
          },
          {
            "id": 15297075,
            "name": "유성상회 강릉본점",
            "final_score": 0.3518,
            "distance_from_center": 0.06
          },
          {
            "id": 1421217055,
            "name": "고향먹거리",
            "final_score": 0.3019,
            "distance_from_center": 0.06
          },
          {
            "id": 1416506512,
            "name": "맛나칼국수",
            "final_score": 0.2351,
            "distance_from_center": 0.06
          },
          {
            "id": 1622671621,
            "name": "불개미식당",
            "final_score": 0.3809,
            "distance_from_center": 0.08
          },
          {
            "id": 1129595331,
            "name": "애경부침",
            "final_score": 0.3269,
            "distance_from_center": 0.08
          },
          {
            "id": 1379005450,
            "name": "떡볶이는생각하지마세요",
            "final_score": 0.365,
            "distance_from_center": 0.08
          },
          {
            "id": 15297320,
            "name": "광덕식당 중앙시장점",
            "final_score": 0.4338,
            "distance_from_center": 0.08
          },
          {
            "id": 19828562,
            "name": "성남칼국수",
            "final_score": 0.2918,
            "distance_from_center": 0.08
          },
          {
            "id": 539519138,
            "name": "김밥나라 강릉본점",
            "final_score": 0.2619,
            "distance_from_center": 0.08
          },
          {
            "id": 1448729546,
            "name": "명성부침",
            "final_score": 0.246,
            "distance_from_center": 0.09
          },
          {
            "id": 1681518999,
            "name": "초당순두부당",
            "final_score": 0.3805,
            "distance_from_center": 0.11
          }
        ],
        "Attraction": [
          {
            "id": 15693581,
            "name": "강릉 남산공원",
            "final_score": 0.0607,
            "distance_from_center": 0.75
          },
          {
            "id": 35188457,
            "name": "애니멀스토리",
            "final_score": 0.1208,
            "distance_from_center": 1.06
          },
          {
            "id": 37090227,
            "name": "버드나무 브루어리",
            "final_score": 0.3261,
            "distance_from_center": 1.34
          },
          {
            "id": 2062786512,
            "name": "강릉시립미술관 솔올",
            "final_score": 0.2485,
            "distance_from_center": 1.72
          },
          {
            "id": 1775014582,
            "name": "리고엠",
            "final_score": 0.2311,
            "distance_from_center": 2.19
          },
          {
            "id": 11535675,
            "name": "강릉문화원",
            "final_score": 0.1633,
            "distance_from_center": 2.2
          },
          {
            "id": 1412053208,
            "name": "처음처럼&새로 브랜드 체험관",
            "final_score": 0.1413,
            "distance_from_center": 2.91
          },
          {
            "id": 37081677,
            "name": "수상한마법학교",
            "final_score": 0.0819,
            "distance_from_center": 3.07
          },
          {
            "id": 21824426,
            "name": "강릉원주대학교 박물관",
            "final_score": 0.2508,
            "distance_from_center": 3.1
          },
          {
            "id": 19832807,
            "name": "강릉자수박물관",
            "final_score": 0.0004,
            "distance_from_center": 3.11
          },
          {
            "id": 1346656418,
            "name": "경포생태저류지",
            "final_score": 0.001,
            "distance_from_center": 3.21
          },
          {
            "id": 11620702,
            "name": "강릉 오죽헌·시립박물관",
            "final_score": 0.2569,
            "distance_from_center": 3.26
          },
          {
            "id": 32777223,
            "name": "자연아놀자 체험학습박물관",
            "final_score": 0.0748,
            "distance_from_center": 3.54
          },
          {
            "id": 20066249,
            "name": "강릉 수리골 고택",
            "final_score": 0.3366,
            "distance_from_center": 3.66
          },
          {
            "id": 11687693,
            "name": "강릉 선교장",
            "final_score": 0.066,
            "distance_from_center": 3.82
          }
        ]
      }
    },
    {
      "cluster_id": 2,
      "date": "2025-01-09",
      "weekday": "목",
      "seed_category": "Restaurant",
      "seed_place": {
        "id": 34439221,
        "name": "김우정초당짬뽕순두부",
        "final_score": 0.5419
      },
      "center_lat": 37.791589,
      "center_lng": 128.916518,
      "categories": {
        "Cafe": [
          {
            "id": 1338491802,
            "name": "초당110 순두부젤라또",
            "final_score": 0.4047,
            "distance_from_center": 0.09
          },
          {
            "id": 1087262116,
            "name": "강원옥 찹쌀떡",
            "final_score": 0.392,
            "distance_from_center": 0.12
          },
          {
            "id": 1046848158,
            "name": "초당커피",
            "final_score": 0.4021,
            "distance_from_center": 0.14
          },
          {
            "id": 1995634579,
            "name": "강릉 초당찰떡",
            "final_score": 0.4094,
            "distance_from_center": 0.14
          },
          {
            "id": 1037671264,
            "name": "카페동화",
            "final_score": 0.3303,
            "distance_from_center": 0.17
          },
          {
            "id": 1948973432,
            "name": "데일리오아시스 강릉점",
            "final_score": 0.3888,
            "distance_from_center": 0.17
          },
          {
            "id": 2038520626,
            "name": "시만차 포그",
            "final_score": 0.3459,
            "distance_from_center": 0.18
          },
          {
            "id": 1794472949,
            "name": "에브리모먼트커피",
            "final_score": 0.29,
            "distance_from_center": 0.21
          },
          {
            "id": 998885728,
            "name": "카페 툇마루",
            "final_score": 0.2598,
            "distance_from_center": 0.22
          },
          {
            "id": 2067971861,
            "name": "안초당",
            "final_score": 0.3317,
            "distance_from_center": 0.23
          },
          {
            "id": 1625751111,
            "name": "커피커퍼박물관",
            "final_score": 0.2932,
            "distance_from_center": 0.27
          },
          {
            "id": 1986612032,
            "name": "롱브레드 초당",
            "final_score": 0.3021,
            "distance_from_center": 0.3
          },
          {
            "id": 1591483811,
            "name": "카페밀",
            "final_score": 0.2729,
            "distance_from_center": 0.32
          },
          {
            "id": 1212033877,
            "name": "강릉샌드 초당점",
            "final_score": 0.3565,
            "distance_from_center": 0.35
          },
          {
            "id": 1103533977,
            "name": "허스크밀",
            "final_score": 0.2507,
            "distance_from_center": 0.35
          }
        ],
        "Restaurant": [
          {
            "id": 34439221,
            "name": "김우정초당짬뽕순두부",
            "final_score": 0.5419,
            "distance_from_center": 0.0
          },
          {
            "id": 1381183889,
            "name": "미송순두부짬뽕",
            "final_score": 0.3474,
            "distance_from_center": 0.02
          },
          {
            "id": 12031474,
            "name": "농촌순두부",
            "final_score": 0.442,
            "distance_from_center": 0.06
          },
          {
            "id": 1966143636,
            "name": "초당본가짬뽕순두부",
            "final_score": 0.3265,
            "distance_from_center": 0.07
          },
          {
            "id": 37349949,
            "name": "소나무집초당순두부",
            "final_score": 0.3577,
            "distance_from_center": 0.09
          },
          {
            "id": 15320203,
            "name": "강릉짬뽕순두부 강릉본점",
            "final_score": 0.3883,
            "distance_from_center": 0.14
          },
          {
            "id": 1415619635,
            "name": "나상명강릉초당순두부",
            "final_score": 0.3788,
            "distance_from_center": 0.14
          },
          {
            "id": 1880153847,
            "name": "강릉 하월당 초당짬뽕순두부",
            "final_score": 0.3909,
            "distance_from_center": 0.15
          },
          {
            "id": 11859878,
            "name": "강릉짬뽕순두부 동화가든 본점",
            "final_score": 0.4352,
            "distance_from_center": 0.17
          },
          {
            "id": 36952290,
            "name": "오월에초당",
            "final_score": 0.2538,
            "distance_from_center": 0.22
          },
          {
            "id": 1817783356,
            "name": "맛마루부대찌개",
            "final_score": 0.3875,
            "distance_from_center": 0.25
          },
          {
            "id": 1292073957,
            "name": "초당명가 짬뽕순두부",
            "final_score": 0.3836,
            "distance_from_center": 0.25
          },
          {
            "id": 1065842255,
            "name": "강릉전복영양솥밥화덕생선구이",
            "final_score": 0.3083,
            "distance_from_center": 0.26
          },
          {
            "id": 1009432770,
            "name": "초당훈이순두부짬뽕",
            "final_score": 0.3788,
            "distance_from_center": 0.26
          },
          {
            "id": 1653763172,
            "name": "뉴솔향초당순두부",
            "final_score": 0.3254,
            "distance_from_center": 0.28
          }
        ],
        "Attraction": [
          {
            "id": 1542622512,
            "name": "원더스카이",
            "final_score": 0.0701,
            "distance_from_center": 0.28
          },
          {
            "id": 31506191,
            "name": "초당순두부마을",
            "final_score": 0.2805,
            "distance_from_center": 0.34
          },
          {
            "id": 13491183,
            "name": "강문해변",
            "final_score": 0.0639,
            "distance_from_center": 0.43
          },
          {
            "id": 1112785467,
            "name": "런닝맨 강릉점",
            "final_score": 0.1277,
            "distance_from_center": 0.44
          },
          {
            "id": 1130774967,
            "name": "허균·허난설헌 기념공원",
            "final_score": 0.1622,
            "distance_from_center": 0.6
          },
          {
            "id": 20066218,
            "name": "허난설헌 생가터",
            "final_score": 0.1378,
            "distance_from_center": 0.6
          },
          {
            "id": 1090555407,
            "name": "아르떼뮤지엄 강릉",
            "final_score": 0.094,
            "distance_from_center": 0.78
          },
          {
            "id": 37434460,
            "name": "경포 아쿠아리움",
            "final_score": 0.0435,
            "distance_from_center": 0.78
          },
          {
            "id": 1940124735,
            "name": "강문솟대다리",
            "final_score": 0.1776,
            "distance_from_center": 0.85
          },
          {
            "id": 472414455,
            "name": "경포호수광장",
            "final_score": 0.0884,
            "distance_from_center": 0.92
          },
          {
            "id": 1881857549,
            "name": "강릉 메타버스 체험관",
            "final_score": 0.0217,
            "distance_from_center": 0.97
          },
          {
            "id": 1063021154,
            "name": "경포플라워가든",
            "final_score": 0.1203,
            "distance_from_center": 0.99
          },
          {
            "id": 13300191,
            "name": "경포도립공원",
            "final_score": 0.1533,
            "distance_from_center": 1.36
          },
          {
            "id": 31044854,
            "name": "경포가시연습지",
            "final_score": 0.102,
            "distance_from_center": 1.59
          },
          {
            "id": 12079976,
            "name": "경포해수욕장",
            "final_score": 0.1227,
            "distance_from_center": 1.77
          }
        ]
      }
    },
    {
      "cluster_id": 3,
      "date": "2025-01-10",
      "weekday": "금",
      "seed_category": "Restaurant",
      "seed_place": {
        "id": 1557591875,
        "name": "부산조방낙지",
        "final_score": 0.5331
      },
      "center_lat": 37.76705,
      "center_lng": 128.87911,
      "categories": {
        "Cafe": [
          {
            "id": 1867724165,
            "name": "사루",
            "final_score": 0.3062,
            "distance_from_center": 0.05
          },
          {
            "id": 1784470266,
            "name": "메가MGC커피 강릉교동솔올점",
            "final_score": 0.0008,
            "distance_from_center": 0.08
          },
          {
            "id": 1843451871,
            "name": "투썸플레이스 강릉교동택지점",
            "final_score": 0.3014,
            "distance_from_center": 0.11
          },
          {
            "id": 79408101,
            "name": "이디야커피 강릉교동택지점",
            "final_score": 0.2052,
            "distance_from_center": 0.2
          },
          {
            "id": 1625914520,
            "name": "사월의 모노웜",
            "final_score": 0.3863,
            "distance_from_center": 0.27
          },
          {
            "id": 1133303813,
            "name": "커피아워",
            "final_score": 0.2917,
            "distance_from_center": 0.29
          },
          {
            "id": 1662017638,
            "name": "쎄라비",
            "final_score": 0.347,
            "distance_from_center": 0.29
          },
          {
            "id": 1662017638,
            "name": "쎄라비",
            "final_score": 0.347,
            "distance_from_center": 0.29
          },
          {
            "id": 1352455905,
            "name": "화이트리에 강릉점",
            "final_score": 0.2406,
            "distance_from_center": 0.32
          },
          {
            "id": 1215792352,
            "name": "던킨 강릉교동점",
            "final_score": 0.3673,
            "distance_from_center": 0.32
          },
          {
            "id": 1623800311,
            "name": "멜로우밀",
            "final_score": 0.3126,
            "distance_from_center": 0.35
          },
          {
            "id": 1459760339,
            "name": "스타벅스 강릉교동광장점",
            "final_score": 0.2319,
            "distance_from_center": 0.35
          },
          {
            "id": 1263529731,
            "name": "인비토",
            "final_score": 0.317,
            "distance_from_center": 0.36
          },
          {
            "id": 36767042,
            "name": "크리스피크림도넛 강릉교동점",
            "final_score": 0.2178,
            "distance_from_center": 0.41
          },
          {
            "id": 1526759655,
            "name": "텐퍼센트커피 강릉교동택지점",
            "final_score": 0.3956,
            "distance_from_center": 0.42
          }
        ],
        "Restaurant": [
          {
            "id": 1557591875,
            "name": "부산조방낙지",
            "final_score": 0.5331,
            "distance_from_center": 0.0
          },
          {
            "id": 1270795527,
            "name": "회바라기",
            "final_score": 0.4365,
            "distance_from_center": 0.02
          },
          {
            "id": 1278298701,
            "name": "대동집 강릉 교동점",
            "final_score": 0.4253,
            "distance_from_center": 0.04
          },
          {
            "id": 1330726128,
            "name": "가시버시",
            "final_score": 0.4042,
            "distance_from_center": 0.04
          },
          {
            "id": 36266633,
            "name": "강릉불향쭈꾸미",
            "final_score": 0.3897,
            "distance_from_center": 0.06
          },
          {
            "id": 1748594252,
            "name": "팔도실비집 강릉교동점",
            "final_score": 0.2608,
            "distance_from_center": 0.07
          },
          {
            "id": 1376821892,
            "name": "구석",
            "final_score": 0.3098,
            "distance_from_center": 0.07
          },
          {
            "id": 1503238465,
            "name": "바다로",
            "final_score": 0.2932,
            "distance_from_center": 0.09
          },
          {
            "id": 1236764160,
            "name": "안주가 강릉교동점",
            "final_score": 0.2598,
            "distance_from_center": 0.1
          },
          {
            "id": 231087604,
            "name": "만억정흑염소",
            "final_score": 0.3896,
            "distance_from_center": 0.1
          },
          {
            "id": 1864892993,
            "name": "바깥 강릉",
            "final_score": 0.2296,
            "distance_from_center": 0.11
          },
          {
            "id": 1443450239,
            "name": "샵도쿄시장 강릉교동점",
            "final_score": 0.3584,
            "distance_from_center": 0.13
          },
          {
            "id": 1131992941,
            "name": "은하수구락부",
            "final_score": 0.3052,
            "distance_from_center": 0.13
          },
          {
            "id": 1847740796,
            "name": "오봉집 강릉점",
            "final_score": 0.3631,
            "distance_from_center": 0.14
          },
          {
            "id": 1488381938,
            "name": "강릉 교동식당",
            "final_score": 0.367,
            "distance_from_center": 0.14
          }
        ],
        "Attraction": [
          {
            "id": 1300520912,
            "name": "르꼬따쥬",
            "final_score": 0.2253,
            "distance_from_center": 2.63
          },
          {
            "id": 1675156043,
            "name": "강릉 경포대",
            "final_score": 0.1147,
            "distance_from_center": 3.52
          },
          {
            "id": 13491109,
            "name": "경포호",
            "final_score": 0.0262,
            "distance_from_center": 3.53
          },
          {
            "id": 12409858,
            "name": "참소리에디슨손성목영화박물관",
            "final_score": 0.0625,
            "distance_from_center": 3.77
          },
          {
            "id": 20065935,
            "name": "송정해변",
            "final_score": 0.0799,
            "distance_from_center": 5.31
          },
          {
            "id": 15371716,
            "name": "사근진해변",
            "final_score": 0.0748,
            "distance_from_center": 5.37
          },
          {
            "id": 1338629806,
            "name": "사근진해중공원 전망대",
            "final_score": 0.0449,
            "distance_from_center": 5.37
          },
          {
            "id": 1338629806,
            "name": "사근진해중공원 전망대",
            "final_score": 0.0449,
            "distance_from_center": 5.37
          },
          {
            "id": 1243747688,
            "name": "병산 옹심이마을",
            "final_score": 0.1449,
            "distance_from_center": 5.46
          },
          {
            "id": 35372537,
            "name": "대관령아기동물농장",
            "final_score": 0.2506,
            "distance_from_center": 5.53
          },
          {
            "id": 13491745,
            "name": "순긋해변",
            "final_score": 0.1829,
            "distance_from_center": 5.67
          },
          {
            "id": 32268465,
            "name": "환희컵박물관",
            "final_score": 0.1203,
            "distance_from_center": 5.69
          },
          {
            "id": 939463951,
            "name": "강릉 안목해맞이공원",
            "final_score": 0.1866,
            "distance_from_center": 5.86
          },
          {
            "id": 20103328,
            "name": "순포해변",
            "final_score": 0.0002,
            "distance_from_center": 5.89
          },
          {
            "id": 1884028346,
            "name": "순포습지",
            "final_score": 0.0839,
            "distance_from_center": 5.96
          }
        ]
      }
    },
    {
      "cluster_id": 4,
      "date": "2025-01-11",
      "weekday": "토",
      "seed_category": "Restaurant",
      "seed_place": {
        "id": 11860452,
        "name": "청기와",
        "final_score": 0.515
      },
      "center_lat": 37.714661,
      "center_lng": 128.829137,
      "categories": {
        "Cafe": [
          {
            "id": 1056262384,
            "name": "카페 화조월석",
            "final_score": 0.3316,
            "distance_from_center": 0.3
          },
          {
            "id": 34537489,
            "name": "과객",
            "final_score": 0.3097,
            "distance_from_center": 2.49
          },
          {
            "id": 1761686436,
            "name": "카페 마눌",
            "final_score": 0.2748,
            "distance_from_center": 2.81
          },
          {
            "id": 15299378,
            "name": "포모도로",
            "final_score": 0.2364,
            "distance_from_center": 3.24
          },
          {
            "id": 1926050460,
            "name": "디코이덕",
            "final_score": 0.1618,
            "distance_from_center": 3.6
          },
          {
            "id": 19900143,
            "name": "라몬타냐",
            "final_score": 0.2825,
            "distance_from_center": 4.34
          },
          {
            "id": 1024529564,
            "name": "오브리에타",
            "final_score": 0.3376,
            "distance_from_center": 4.44
          },
          {
            "id": 1106082140,
            "name": "아이즈 로스터리 홍제동 본점",
            "final_score": 0.3312,
            "distance_from_center": 4.97
          },
          {
            "id": 2012122325,
            "name": "루모",
            "final_score": 0.3195,
            "distance_from_center": 5.21
          },
          {
            "id": 1174448798,
            "name": "스타벅스 강릉IC DT점",
            "final_score": 0.3226,
            "distance_from_center": 5.22
          },
          {
            "id": 2067021446,
            "name": "떡이네",
            "final_score": 0.3229,
            "distance_from_center": 5.34
          },
          {
            "id": 1633456108,
            "name": "투썸플레이스 유천지구점",
            "final_score": 0.2389,
            "distance_from_center": 5.65
          },
          {
            "id": 1546169801,
            "name": "강릉그림카페",
            "final_score": 0.27,
            "distance_from_center": 5.68
          },
          {
            "id": 263503029,
            "name": "어썸",
            "final_score": 0.4109,
            "distance_from_center": 5.88
          }
        ],
        "Restaurant": [
          {
            "id": 11860452,
            "name": "청기와",
            "final_score": 0.515,
            "distance_from_center": 0.0
          },
          {
            "id": 11857534,
            "name": "옛카나리아",
            "final_score": 0.3591,
            "distance_from_center": 0.04
          },
          {
            "id": 15364392,
            "name": "산촌",
            "final_score": 0.3985,
            "distance_from_center": 0.09
          },
          {
            "id": 15364381,
            "name": "미향식당",
            "final_score": 0.3588,
            "distance_from_center": 0.11
          },
          {
            "id": 13051175,
            "name": "성산옛집",
            "final_score": 0.3378,
            "distance_from_center": 0.12
          },
          {
            "id": 1307856893,
            "name": "준호네 정원",
            "final_score": 0.3779,
            "distance_from_center": 0.15
          },
          {
            "id": 436974851,
            "name": "곱창전골명가도계물닭갈비",
            "final_score": 0.4025,
            "distance_from_center": 0.17
          },
          {
            "id": 1925143603,
            "name": "성산설렁탕",
            "final_score": 0.0,
            "distance_from_center": 0.18
          },
          {
            "id": 1194649037,
            "name": "성산밥집",
            "final_score": 0.274,
            "distance_from_center": 0.27
          },
          {
            "id": 1478745700,
            "name": "성산감자전",
            "final_score": 0.3291,
            "distance_from_center": 0.36
          },
          {
            "id": 1154907883,
            "name": "보리향기",
            "final_score": 0.3815,
            "distance_from_center": 0.36
          },
          {
            "id": 15365261,
            "name": "버당말메기촌",
            "final_score": 0.3898,
            "distance_from_center": 0.37
          },
          {
            "id": 1449236862,
            "name": "오채연",
            "final_score": 0.4182,
            "distance_from_center": 0.38
          },
          {
            "id": 15364541,
            "name": "옛카네이션집",
            "final_score": 0.3577,
            "distance_from_center": 0.43
          },
          {
            "id": 15306959,
            "name": "성산토속가든",
            "final_score": 0.3991,
            "distance_from_center": 0.48
          }
        ],
        "Attraction": [
          {
            "id": 13491494,
            "name": "남대천",
            "final_score": 0.0887,
            "distance_from_center": 0.25
          },
          {
            "id": 20107994,
            "name": "대관령박물관",
            "final_score": 0.2138,
            "distance_from_center": 2.22
          },
          {
            "id": 269545324,
            "name": "국립대관령치유의숲",
            "final_score": 0.064,
            "distance_from_center": 2.75
          },
          {
            "id": 15699373,
            "name": "신사임당사친시비",
            "final_score": 0.2094,
            "distance_from_center": 3.4
          },
          {
            "id": 11491009,
            "name": "국립대관령자연휴양림",
            "final_score": 0.0824,
            "distance_from_center": 3.4
          },
          {
            "id": 19564244,
            "name": "강릉 솔향수목원",
            "final_score": 0.1166,
            "distance_from_center": 3.42
          },
          {
            "id": 15700020,
            "name": "제왕산",
            "final_score": 0.0002,
            "distance_from_center": 4.3
          }
        ]
      }
    }
  ]
}