{
  "user_id": "U0214",
  "start_date": "2025-11-28",
  "start_weekday": "금",
  "duration_days": 2,
  "budget": 200000,
  "num_clusters": 2,
  "clustering_method": "greedy_score_based_with_store_hours",
  "seed_strategy": "highest_score_only",
  "max_cluster_radius_km": 6,
  "min_places_per_category": 7,
  "places_per_category": 15,
  "Accommodation": 1000108328,
  "clusters": [
    {
      "cluster_id": 0,
      "date": "2025-11-28",
      "weekday": "금",
      "seed_category": "Cafe",
      "seed_place": {
        "id": 1212033877,
        "name": "강릉샌드 초당점",
        "final_score": 0.3848
      },
      "center_lat": 37.794545,
      "center_lng": 128.915144,
      "categories": {
        "Cafe": [
          {
            "id": 1212033877,
            "name": "강릉샌드 초당점",
            "final_score": 0.3848,
            "distance_from_center": 0.0
          },
          {
            "id": 1103533977,
            "name": "허스크밀",
            "final_score": 0.1846,
            "distance_from_center": 0.05
          },
          {
            "id": 1625751111,
            "name": "커피커퍼박물관",
            "final_score": 0.2681,
            "distance_from_center": 0.09
          },
          {
            "id": 2067971861,
            "name": "안초당",
            "final_score": 0.2794,
            "distance_from_center": 0.15
          },
          {
            "id": 998885728,
            "name": "카페 툇마루",
            "final_score": 0.2177,
            "distance_from_center": 0.2
          },
          {
            "id": 1869523471,
            "name": "강릉 조개빵 강릉본점",
            "final_score": 0.2192,
            "distance_from_center": 0.2
          },
          {
            "id": 1497289783,
            "name": "꾸옥 GGUOK",
            "final_score": 0.2413,
            "distance_from_center": 0.21
          },
          {
            "id": 1948973432,
            "name": "데일리오아시스 강릉점",
            "final_score": 0.0766,
            "distance_from_center": 0.24
          },
          {
            "id": 189619233,
            "name": "강릉커피빵 본점",
            "final_score": 0.0814,
            "distance_from_center": 0.25
          },
          {
            "id": 1709924447,
            "name": "롱블랙",
            "final_score": 0.1749,
            "distance_from_center": 0.26
          },
          {
            "id": 1763738753,
            "name": "마더커피 강문점",
            "final_score": 0.1812,
            "distance_from_center": 0.26
          },
          {
            "id": 2038520626,
            "name": "시만차 포그",
            "final_score": 0.1616,
            "distance_from_center": 0.27
          },
          {
            "id": 1630731945,
            "name": "강릉 사임당 인절미 강문본점",
            "final_score": 0.1533,
            "distance_from_center": 0.29
          },
          {
            "id": 1639218638,
            "name": "덴켄",
            "final_score": 0.0549,
            "distance_from_center": 0.3
          },
          {
            "id": 1087262116,
            "name": "강원옥 찹쌀떡",
            "final_score": 0.3273,
            "distance_from_center": 0.3
          }
        ],
        "Restaurant": [
          {
            "id": 1962439120,
            "name": "해궁식당",
            "final_score": 0.145,
            "distance_from_center": 0.14
          },
          {
            "id": 1025642664,
            "name": "팔도전복해물뚝배기",
            "final_score": 0.2404,
            "distance_from_center": 0.16
          },
          {
            "id": 15327157,
            "name": "고향산천초당순두부",
            "final_score": 0.2242,
            "distance_from_center": 0.17
          },
          {
            "id": 36643281,
            "name": "강릉전복해물뚝배기 강릉",
            "final_score": 0.2724,
            "distance_from_center": 0.18
          },
          {
            "id": 36952290,
            "name": "오월에초당",
            "final_score": 0.1443,
            "distance_from_center": 0.18
          },
          {
            "id": 1693762102,
            "name": "서울양계",
            "final_score": 0.2173,
            "distance_from_center": 0.19
          },
          {
            "id": 1087147744,
            "name": "강문칼국수",
            "final_score": 0.2367,
            "distance_from_center": 0.21
          },
          {
            "id": 1479188834,
            "name": "청춘돌우럭&물회 강릉본점",
            "final_score": 0.1949,
            "distance_from_center": 0.24
          },
          {
            "id": 1416755080,
            "name": "선호라면",
            "final_score": 0.1847,
            "distance_from_center": 0.25
          },
          {
            "id": 1880153847,
            "name": "강릉 하월당 초당짬뽕순두부",
            "final_score": 0.2372,
            "distance_from_center": 0.29
          },
          {
            "id": 15320203,
            "name": "강릉짬뽕순두부 강릉본점",
            "final_score": 0.2175,
            "distance_from_center": 0.29
          },
          {
            "id": 1966143636,
            "name": "초당본가짬뽕순두부",
            "final_score": 0.1905,
            "distance_from_center": 0.3
          },
          {
            "id": 1824668746,
            "name": "초당꼬마김밥 강릉점",
            "final_score": 0.3069,
            "distance_from_center": 0.31
          },
          {
            "id": 2041883893,
            "name": "아라시",
            "final_score": 0.2425,
            "distance_from_center": 0.31
          },
          {
            "id": 1065842255,
            "name": "강릉전복영양솥밥화덕생선구이",
            "final_score": 0.1803,
            "distance_from_center": 0.32
          }
        ],
        "Attraction": [
          {
            "id": 31506191,
            "name": "초당순두부마을",
            "final_score": 0.2111,
            "distance_from_center": 0.03
          },
          {
            "id": 1542622512,
            "name": "원더스카이",
            "final_score": 0.0033,
            "distance_from_center": 0.07
          },
          {
            "id": 13491183,
            "name": "강문해변",
            "final_score": 0.1274,
            "distance_from_center": 0.34
          },
          {
            "id": 1940124735,
            "name": "강문솟대다리",
            "final_score": 0.0981,
            "distance_from_center": 0.5
          },
          {
            "id": 20066218,
            "name": "허난설헌 생가터",
            "final_score": 0.0906,
            "distance_from_center": 0.56
          },
          {
            "id": 1130774967,
            "name": "허균·허난설헌 기념공원",
            "final_score": 0.0874,
            "distance_from_center": 0.57
          },
          {
            "id": 472414455,
            "name": "경포호수광장",
            "final_score": 0.0017,
            "distance_from_center": 0.61
          },
          {
            "id": 1112785467,
            "name": "런닝맨 강릉점",
            "final_score": 0.0626,
            "distance_from_center": 0.68
          },
          {
            "id": 1063021154,
            "name": "경포플라워가든",
            "final_score": 0.0171,
            "distance_from_center": 0.68
          },
          {
            "id": 1090555407,
            "name": "아르떼뮤지엄 강릉",
            "final_score": 0.035,
            "distance_from_center": 0.81
          },
          {
            "id": 37434460,
            "name": "경포 아쿠아리움",
            "final_score": 0.0248,
            "distance_from_center": 0.81
          },
          {
            "id": 13300191,
            "name": "경포도립공원",
            "final_score": 0.0256,
            "distance_from_center": 1.01
          },
          {
            "id": 1881857549,
            "name": "강릉 메타버스 체험관",
            "final_score": 0.0004,
            "distance_from_center": 1.05
          },
          {
            "id": 12079976,
            "name": "경포해수욕장",
            "final_score": 0.0539,
            "distance_from_center": 1.42
          },
          {
            "id": 32777223,
            "name": "자연아놀자 체험학습박물관",
            "final_score": 0.0523,
            "distance_from_center": 1.43
          }
        ]
      }
    },
    {
      "cluster_id": 1,
      "date": "2025-11-29",
      "weekday": "토",
      "seed_category": "Restaurant",
      "seed_place": {
        "id": 36543472,
        "name": "강릉한우만",
        "final_score": 0.358
      },
      "center_lat": 37.764593,
      "center_lng": 128.874102,
      "categories": {
        "Cafe": [
          {
            "id": 36767042,
            "name": "크리스피크림도넛 강릉교동점",
            "final_score": 0.098,
            "distance_from_center": 0.2
          },
          {
            "id": 1215792352,
            "name": "던킨 강릉교동점",
            "final_score": 0.2272,
            "distance_from_center": 0.21
          },
          {
            "id": 1352455905,
            "name": "화이트리에 강릉점",
            "final_score": 0.1457,
            "distance_from_center": 0.21
          },
          {
            "id": 1459760339,
            "name": "스타벅스 강릉교동광장점",
            "final_score": 0.2106,
            "distance_from_center": 0.27
          },
          {
            "id": 38482509,
            "name": "52블럭",
            "final_score": 0.2673,
            "distance_from_center": 0.3
          },
          {
            "id": 1526759655,
            "name": "텐퍼센트커피 강릉교동택지점",
            "final_score": 0.2437,
            "distance_from_center": 0.32
          },
          {
            "id": 1662017638,
            "name": "쎄라비",
            "final_score": 0.0331,
            "distance_from_center": 0.33
          },
          {
            "id": 1662017638,
            "name": "쎄라비",
            "final_score": 0.0331,
            "distance_from_center": 0.33
          },
          {
            "id": 79408101,
            "name": "이디야커피 강릉교동택지점",
            "final_score": 0.2803,
            "distance_from_center": 0.36
          },
          {
            "id": 1133303813,
            "name": "커피아워",
            "final_score": 0.1477,
            "distance_from_center": 0.39
          },
          {
            "id": 1625914520,
            "name": "사월의 모노웜",
            "final_score": 0.1894,
            "distance_from_center": 0.47
          },
          {
            "id": 1784470266,
            "name": "메가MGC커피 강릉교동솔올점",
            "final_score": 0.0008,
            "distance_from_center": 0.51
          },
          {
            "id": 1442771903,
            "name": "가디",
            "final_score": 0.1602,
            "distance_from_center": 0.53
          },
          {
            "id": 1867724165,
            "name": "사루",
            "final_score": 0.1817,
            "distance_from_center": 0.57
          },
          {
            "id": 1843451871,
            "name": "투썸플레이스 강릉교동택지점",
            "final_score": 0.271,
            "distance_from_center": 0.58
          }
        ],
        "Restaurant": [
          {
            "id": 36543472,
            "name": "강릉한우만",
            "final_score": 0.358,
            "distance_from_center": 0.0
          },
          {
            "id": 21830287,
            "name": "기사문",
            "final_score": 0.1768,
            "distance_from_center": 0.02
          },
          {
            "id": 15310710,
            "name": "강릉참치",
            "final_score": 0.2443,
            "distance_from_center": 0.03
          },
          {
            "id": 15376107,
            "name": "강릉남매삼계탕",
            "final_score": 0.2722,
            "distance_from_center": 0.04
          },
          {
            "id": 15377926,
            "name": "동해막국수",
            "final_score": 0.1354,
            "distance_from_center": 0.07
          },
          {
            "id": 1190822494,
            "name": "야식의 정석",
            "final_score": 0.1011,
            "distance_from_center": 0.08
          },
          {
            "id": 1550961346,
            "name": "미스터쭈삼 강릉본점",
            "final_score": 0.25,
            "distance_from_center": 0.16
          },
          {
            "id": 12788417,
            "name": "신리면옥 강릉점",
            "final_score": 0.2358,
            "distance_from_center": 0.17
          },
          {
            "id": 11824654,
            "name": "롯데리아강릉교동점",
            "final_score": 0.218,
            "distance_from_center": 0.17
          },
          {
            "id": 1017827824,
            "name": "강릉 한우원",
            "final_score": 0.3224,
            "distance_from_center": 0.18
          },
          {
            "id": 15687560,
            "name": "쌈촌 강릉점",
            "final_score": 0.1195,
            "distance_from_center": 0.19
          },
          {
            "id": 1793774479,
            "name": "금성회관 강릉교동점",
            "final_score": 0.1463,
            "distance_from_center": 0.2
          },
          {
            "id": 15378617,
            "name": "장면옥",
            "final_score": 0.2754,
            "distance_from_center": 0.21
          },
          {
            "id": 37933178,
            "name": "도야족발 강릉교동점",
            "final_score": 0.1837,
            "distance_from_center": 0.21
          },
          {
            "id": 1874772103,
            "name": "가마솥순대국밥 강릉교동점",
            "final_score": 0.2372,
            "distance_from_center": 0.22
          }
        ],
        "Attraction": [
          {
            "id": 1775014582,
            "name": "리고엠",
            "final_score": 0.0951,
            "distance_from_center": 0.26
          },
          {
            "id": 11535675,
            "name": "강릉문화원",
            "final_score": 0.0757,
            "distance_from_center": 0.65
          },
          {
            "id": 21824426,
            "name": "강릉원주대학교 박물관",
            "final_score": 0.0381,
            "distance_from_center": 0.77
          },
          {
            "id": 2062786512,
            "name": "강릉시립미술관 솔올",
            "final_score": 0.1435,
            "distance_from_center": 0.8
          },
          {
            "id": 12762639,
            "name": "강릉시립미술관 교동",
            "final_score": 0.0739,
            "distance_from_center": 1.54
          },
          {
            "id": 19832807,
            "name": "강릉자수박물관",
            "final_score": 0.0161,
            "distance_from_center": 1.58
          },
          {
            "id": 11620702,
            "name": "강릉 오죽헌·시립박물관",
            "final_score": 0.0231,
            "distance_from_center": 1.7
          },
          {
            "id": 13345877,
            "name": "강릉 서부시장",
            "final_score": 0.0001,
            "distance_from_center": 1.81
          },
          {
            "id": 1346656418,
            "name": "경포생태저류지",
            "final_score": 0.001,
            "distance_from_center": 1.85
          },
          {
            "id": 11663849,
            "name": "강릉향교",
            "final_score": 0.0379,
            "distance_from_center": 1.86
          },
          {
            "id": 749351147,
            "name": "강릉 임영관 삼문",
            "final_score": 0.0326,
            "distance_from_center": 2.01
          },
          {
            "id": 15685783,
            "name": "강릉 대도호부 관아",
            "final_score": 0.0558,
            "distance_from_center": 2.02
          },
          {
            "id": 37090227,
            "name": "버드나무 브루어리",
            "final_score": 0.1549,
            "distance_from_center": 2.03
          },
          {
            "id": 1550291849,
            "name": "강릉아트센터",
            "final_score": 0.2409,
            "distance_from_center": 2.03
          },
          {
            "id": 38623679,
            "name": "명주예술마당",
            "final_score": 0.0685,
            "distance_from_center": 2.12
          }
        ]
      }
    }
  ]
}