{
  "user_id": "U0229",
  "start_date": "2025-01-23",
  "start_weekday": "목",
  "duration_days": 3,
  "budget": 500000,
  "num_clusters": 3,
  "clustering_method": "greedy_score_based_with_store_hours",
  "seed_strategy": "highest_score_only",
  "max_cluster_radius_km": 6,
  "min_places_per_category": 7,
  "places_per_category": 15,
  "Accommodation": 10044704,
  "clusters": [
    {
      "cluster_id": 0,
      "date": "2025-01-23",
      "weekday": "목",
      "seed_category": "Restaurant",
      "seed_place": {
        "id": 12926077,
        "name": "병천황토방순대 초당점",
        "final_score": 0.5857
      },
      "center_lat": 37.78566,
      "center_lng": 128.916487,
      "categories": {
        "Cafe": [
          {
            "id": 1492455872,
            "name": "카페기와",
            "final_score": 0.26,
            "distance_from_center": 0.04
          },
          {
            "id": 1265990790,
            "name": "애프터 이미지",
            "final_score": 0.2424,
            "distance_from_center": 0.09
          },
          {
            "id": 1994587010,
            "name": "말차로",
            "final_score": 0.2503,
            "distance_from_center": 0.11
          },
          {
            "id": 1405929814,
            "name": "초당커피정미소 본점",
            "final_score": 0.2164,
            "distance_from_center": 0.3
          },
          {
            "id": 1974801379,
            "name": "카페콥스",
            "final_score": 0.3323,
            "distance_from_center": 0.33
          },
          {
            "id": 1621771668,
            "name": "카페 초당순 강릉본점",
            "final_score": 0.2926,
            "distance_from_center": 0.35
          },
          {
            "id": 1959930841,
            "name": "강릉 미어지게",
            "final_score": 0.1647,
            "distance_from_center": 0.36
          },
          {
            "id": 1209837360,
            "name": "초당고래로스팅카페",
            "final_score": 0.4111,
            "distance_from_center": 0.41
          },
          {
            "id": 1834719170,
            "name": "초당소금빵",
            "final_score": 0.1974,
            "distance_from_center": 0.43
          },
          {
            "id": 1794472949,
            "name": "에브리모먼트커피",
            "final_score": 0.1616,
            "distance_from_center": 0.53
          },
          {
            "id": 1037671264,
            "name": "카페동화",
            "final_score": 0.3276,
            "distance_from_center": 0.63
          },
          {
            "id": 1046848158,
            "name": "초당커피",
            "final_score": 0.4674,
            "distance_from_center": 0.65
          },
          {
            "id": 1995634579,
            "name": "강릉 초당찰떡",
            "final_score": 0.352,
            "distance_from_center": 0.65
          },
          {
            "id": 1612034459,
            "name": "어머야라",
            "final_score": 0.397,
            "distance_from_center": 0.69
          },
          {
            "id": 1927406130,
            "name": "허씨커피",
            "final_score": 0.3096,
            "distance_from_center": 0.69
          }
        ],
        "Restaurant": [
          {
            "id": 12926077,
            "name": "병천황토방순대 초당점",
            "final_score": 0.5857,
            "distance_from_center": 0.0
          },
          {
            "id": 1318014150,
            "name": "초당미소",
            "final_score": 0.3194,
            "distance_from_center": 0.12
          },
          {
            "id": 2031941952,
            "name": "초우당막국수",
            "final_score": 0.2985,
            "distance_from_center": 0.12
          },
          {
            "id": 1871376352,
            "name": "마카",
            "final_score": 0.3413,
            "distance_from_center": 0.15
          },
          {
            "id": 1042880745,
            "name": "초당가국수",
            "final_score": 0.4841,
            "distance_from_center": 0.16
          },
          {
            "id": 1598566285,
            "name": "BHC치킨 강릉초당점",
            "final_score": 0.4981,
            "distance_from_center": 0.17
          },
          {
            "id": 15327200,
            "name": "초당만두식당",
            "final_score": 0.3092,
            "distance_from_center": 0.17
          },
          {
            "id": 1951460203,
            "name": "은대봉",
            "final_score": 0.4035,
            "distance_from_center": 0.19
          },
          {
            "id": 1298661690,
            "name": "가브리살",
            "final_score": 0.2989,
            "distance_from_center": 0.2
          },
          {
            "id": 32039146,
            "name": "부일손칼국수",
            "final_score": 0.2609,
            "distance_from_center": 0.21
          },
          {
            "id": 33133830,
            "name": "초당고부순두부",
            "final_score": 0.276,
            "distance_from_center": 0.21
          },
          {
            "id": 1418432224,
            "name": "스시카이토",
            "final_score": 0.5057,
            "distance_from_center": 0.25
          },
          {
            "id": 1868103084,
            "name": "갯마을식당",
            "final_score": 0.5225,
            "distance_from_center": 0.25
          },
          {
            "id": 1449087303,
            "name": "밥&술",
            "final_score": 0.4419,
            "distance_from_center": 0.26
          },
          {
            "id": 37698425,
            "name": "메밀향기",
            "final_score": 0.2926,
            "distance_from_center": 0.28
          }
        ],
        "Attraction": [
          {
            "id": 1112785467,
            "name": "런닝맨 강릉점",
            "final_score": 0.1138,
            "distance_from_center": 0.76
          },
          {
            "id": 1090555407,
            "name": "아르떼뮤지엄 강릉",
            "final_score": 0.1148,
            "distance_from_center": 0.9
          },
          {
            "id": 37434460,
            "name": "경포 아쿠아리움",
            "final_score": 0.0622,
            "distance_from_center": 0.9
          },
          {
            "id": 1130774967,
            "name": "허균·허난설헌 기념공원",
            "final_score": 0.2241,
            "distance_from_center": 0.9
          },
          {
            "id": 1881857549,
            "name": "강릉 메타버스 체험관",
            "final_score": 0.0004,
            "distance_from_center": 0.91
          },
          {
            "id": 20066218,
            "name": "허난설헌 생가터",
            "final_score": 0.1843,
            "distance_from_center": 0.92
          },
          {
            "id": 1542622512,
            "name": "원더스카이",
            "final_score": 0.0667,
            "distance_from_center": 0.92
          },
          {
            "id": 31506191,
            "name": "초당순두부마을",
            "final_score": 0.4243,
            "distance_from_center": 0.99
          },
          {
            "id": 13491183,
            "name": "강문해변",
            "final_score": 0.0501,
            "distance_from_center": 1.05
          },
          {
            "id": 32777223,
            "name": "자연아놀자 체험학습박물관",
            "final_score": 0.0523,
            "distance_from_center": 1.11
          },
          {
            "id": 1940124735,
            "name": "강문솟대다리",
            "final_score": 0.2262,
            "distance_from_center": 1.47
          },
          {
            "id": 472414455,
            "name": "경포호수광장",
            "final_score": 0.0486,
            "distance_from_center": 1.48
          },
          {
            "id": 1063021154,
            "name": "경포플라워가든",
            "final_score": 0.1122,
            "distance_from_center": 1.53
          },
          {
            "id": 31044854,
            "name": "경포가시연습지",
            "final_score": 0.0759,
            "distance_from_center": 1.62
          },
          {
            "id": 1211834959,
            "name": "강릉올림픽뮤지엄",
            "final_score": 0.1172,
            "distance_from_center": 1.84
          }
        ]
      }
    },
    {
      "cluster_id": 1,
      "date": "2025-01-24",
      "weekday": "금",
      "seed_category": "Restaurant",
      "seed_place": {
        "id": 32185304,
        "name": "만동면옥",
        "final_score": 0.5801
      },
      "center_lat": 37.763473,
      "center_lng": 128.941211,
      "categories": {
        "Cafe": [
          {
            "id": 1752487744,
            "name": "월량화",
            "final_score": 0.325,
            "distance_from_center": 0.18
          },
          {
            "id": 1995194178,
            "name": "수줍은과자점",
            "final_score": 0.2976,
            "distance_from_center": 0.31
          },
          {
            "id": 1721611016,
            "name": "아뜨9",
            "final_score": 0.2237,
            "distance_from_center": 1.02
          },
          {
            "id": 1267158607,
            "name": "성수미술관 강릉안목점",
            "final_score": 0.1302,
            "distance_from_center": 1.09
          },
          {
            "id": 33021650,
            "name": "스타벅스 강릉안목해변점",
            "final_score": 0.2635,
            "distance_from_center": 1.1
          },
          {
            "id": 15692078,
            "name": "카페알베로",
            "final_score": 0.1869,
            "distance_from_center": 1.1
          },
          {
            "id": 20585367,
            "name": "카페베네 안목점",
            "final_score": 0.1973,
            "distance_from_center": 1.1
          },
          {
            "id": 1557387521,
            "name": "할리스 강릉안목해변점",
            "final_score": 0.2054,
            "distance_from_center": 1.1
          },
          {
            "id": 38520417,
            "name": "커피 아메리카 강릉점",
            "final_score": 0.06,
            "distance_from_center": 1.11
          },
          {
            "id": 36399670,
            "name": "키크러스 강릉점",
            "final_score": 0.3635,
            "distance_from_center": 1.11
          },
          {
            "id": 1894965701,
            "name": "로지커피",
            "final_score": 0.2522,
            "distance_from_center": 1.11
          },
          {
            "id": 19823055,
            "name": "산토리니커피",
            "final_score": 0.1759,
            "distance_from_center": 1.12
          },
          {
            "id": 1220981140,
            "name": "정남미명과 강릉본점",
            "final_score": 0.2529,
            "distance_from_center": 1.12
          },
          {
            "id": 34203501,
            "name": "에이엠브레드앤커피",
            "final_score": 0.3553,
            "distance_from_center": 1.13
          },
          {
            "id": 1933690279,
            "name": "미르마르",
            "final_score": 0.2976,
            "distance_from_center": 1.14
          }
        ],
        "Restaurant": [
          {
            "id": 32185304,
            "name": "만동면옥",
            "final_score": 0.5801,
            "distance_from_center": 0.0
          },
          {
            "id": 15349490,
            "name": "만선감자옹심이",
            "final_score": 0.3561,
            "distance_from_center": 0.06
          },
          {
            "id": 21061573,
            "name": "솔바람감자적",
            "final_score": 0.407,
            "distance_from_center": 0.08
          },
          {
            "id": 15349399,
            "name": "병산감자옹심이",
            "final_score": 0.2538,
            "distance_from_center": 0.08
          },
          {
            "id": 15349253,
            "name": "삼우옹심이",
            "final_score": 0.2345,
            "distance_from_center": 0.13
          },
          {
            "id": 1219260382,
            "name": "소나무가든",
            "final_score": 0.2976,
            "distance_from_center": 0.15
          },
          {
            "id": 15349260,
            "name": "감자적본부",
            "final_score": 0.3866,
            "distance_from_center": 0.2
          },
          {
            "id": 1147672088,
            "name": "옹심이중국집",
            "final_score": 0.2912,
            "distance_from_center": 0.22
          },
          {
            "id": 1912362480,
            "name": "논가집옹심이 강릉본점",
            "final_score": 0.4468,
            "distance_from_center": 0.24
          },
          {
            "id": 38636188,
            "name": "낙지대장",
            "final_score": 0.2495,
            "distance_from_center": 0.25
          },
          {
            "id": 1690518281,
            "name": "평진냉면",
            "final_score": 0.5077,
            "distance_from_center": 0.29
          },
          {
            "id": 38215574,
            "name": "네스트커리",
            "final_score": 0.3798,
            "distance_from_center": 0.29
          },
          {
            "id": 19729238,
            "name": "가람집옹심이",
            "final_score": 0.503,
            "distance_from_center": 0.32
          },
          {
            "id": 1193922269,
            "name": "팔당원조칼제비 강릉남항진점",
            "final_score": 0.4304,
            "distance_from_center": 0.35
          },
          {
            "id": 32185305,
            "name": "건강삼계탕",
            "final_score": 0.261,
            "distance_from_center": 0.57
          }
        ],
        "Attraction": [
          {
            "id": 1243747688,
            "name": "병산 옹심이마을",
            "final_score": 0.2714,
            "distance_from_center": 0.05
          },
          {
            "id": 13491906,
            "name": "안목해변",
            "final_score": 0.3149,
            "distance_from_center": 1.15
          },
          {
            "id": 20947876,
            "name": "강릉커피거리",
            "final_score": 0.1401,
            "distance_from_center": 1.15
          },
          {
            "id": 13491444,
            "name": "남항진해변",
            "final_score": 0.0011,
            "distance_from_center": 1.16
          },
          {
            "id": 32268465,
            "name": "환희컵박물관",
            "final_score": 0.1476,
            "distance_from_center": 1.24
          },
          {
            "id": 939463951,
            "name": "강릉 안목해맞이공원",
            "final_score": 0.2229,
            "distance_from_center": 1.26
          },
          {
            "id": 15692195,
            "name": "강릉항",
            "final_score": 0.1287,
            "distance_from_center": 1.28
          },
          {
            "id": 20065935,
            "name": "송정해변",
            "final_score": 0.0512,
            "distance_from_center": 1.89
          },
          {
            "id": 13126966,
            "name": "풍호마을",
            "final_score": 0.0339,
            "distance_from_center": 3.01
          },
          {
            "id": 13345874,
            "name": "강릉 동부시장",
            "final_score": 0.0,
            "distance_from_center": 3.59
          },
          {
            "id": 13345873,
            "name": "강릉 중앙시장",
            "final_score": 0.2479,
            "distance_from_center": 3.89
          },
          {
            "id": 1357865119,
            "name": "고래책방",
            "final_score": 0.2958,
            "distance_from_center": 3.91
          },
          {
            "id": 1287320440,
            "name": "강릉 월화거리",
            "final_score": 0.0931,
            "distance_from_center": 3.94
          },
          {
            "id": 11663849,
            "name": "강릉향교",
            "final_score": 0.1859,
            "distance_from_center": 4.04
          },
          {
            "id": 11592129,
            "name": "강릉교육문화관",
            "final_score": 0.1676,
            "distance_from_center": 4.12
          }
        ]
      }
    },
    {
      "cluster_id": 2,
      "date": "2025-01-25",
      "weekday": "토",
      "seed_category": "Restaurant",
      "seed_place": {
        "id": 1302280920,
        "name": "채선당 자연한가득 강릉내곡점",
        "final_score": 0.5585
      },
      "center_lat": 37.742231,
      "center_lng": 128.882877,
      "categories": {
        "Cafe": [
          {
            "id": 2067021446,
            "name": "떡이네",
            "final_score": 0.3851,
            "distance_from_center": 0.29
          },
          {
            "id": 2012122325,
            "name": "루모",
            "final_score": 0.3832,
            "distance_from_center": 0.47
          },
          {
            "id": 1750727150,
            "name": "미미케이크",
            "final_score": 0.4844,
            "distance_from_center": 0.74
          },
          {
            "id": 1081008717,
            "name": "홍제멘션 강릉 본점",
            "final_score": 0.3618,
            "distance_from_center": 0.94
          },
          {
            "id": 1174448798,
            "name": "스타벅스 강릉IC DT점",
            "final_score": 0.3414,
            "distance_from_center": 1.05
          },
          {
            "id": 1026225860,
            "name": "새바람이오는그늘",
            "final_score": 0.3558,
            "distance_from_center": 1.07
          },
          {
            "id": 1275789425,
            "name": "봄",
            "final_score": 0.4229,
            "distance_from_center": 1.16
          },
          {
            "id": 1104085754,
            "name": "aie",
            "final_score": 0.3172,
            "distance_from_center": 1.27
          },
          {
            "id": 2031533892,
            "name": "글루크",
            "final_score": 0.274,
            "distance_from_center": 1.29
          },
          {
            "id": 13320528,
            "name": "명주배롱",
            "final_score": 0.2225,
            "distance_from_center": 1.3
          },
          {
            "id": 1325516945,
            "name": "카페 오뉴월",
            "final_score": 0.3029,
            "distance_from_center": 1.31
          },
          {
            "id": 1426647455,
            "name": "파인파인 강릉점",
            "final_score": 0.3561,
            "distance_from_center": 1.32
          },
          {
            "id": 19900143,
            "name": "라몬타냐",
            "final_score": 0.2396,
            "distance_from_center": 1.37
          },
          {
            "id": 1426989487,
            "name": "안다미로",
            "final_score": 0.4201,
            "distance_from_center": 1.46
          },
          {
            "id": 1232320005,
            "name": "카페 객사문",
            "final_score": 0.2446,
            "distance_from_center": 1.47
          }
        ],
        "Restaurant": [
          {
            "id": 1302280920,
            "name": "채선당 자연한가득 강릉내곡점",
            "final_score": 0.5585,
            "distance_from_center": 0.0
          },
          {
            "id": 1319180683,
            "name": "바닮참치&연어",
            "final_score": 0.276,
            "distance_from_center": 0.1
          },
          {
            "id": 54650219,
            "name": "미림헌",
            "final_score": 0.2946,
            "distance_from_center": 0.12
          },
          {
            "id": 1453215530,
            "name": "조부자매운순대가 강릉점",
            "final_score": 0.3801,
            "distance_from_center": 0.12
          },
          {
            "id": 1221051877,
            "name": "성수족발",
            "final_score": 0.3726,
            "distance_from_center": 0.13
          },
          {
            "id": 1380888385,
            "name": "얌샘김밥 강릉내곡점",
            "final_score": 0.395,
            "distance_from_center": 0.13
          },
          {
            "id": 1757070641,
            "name": "양마니명동찌개마을 내곡점",
            "final_score": 0.2773,
            "distance_from_center": 0.14
          },
          {
            "id": 1344917614,
            "name": "강릉홍가네옹심이",
            "final_score": 0.4606,
            "distance_from_center": 0.16
          },
          {
            "id": 1246457673,
            "name": "나마참치",
            "final_score": 0.3583,
            "distance_from_center": 0.16
          },
          {
            "id": 1718999270,
            "name": "킹콩부대찌개 내곡점",
            "final_score": 0.3943,
            "distance_from_center": 0.18
          },
          {
            "id": 1565348057,
            "name": "솔향한우곰탕",
            "final_score": 0.4556,
            "distance_from_center": 0.2
          },
          {
            "id": 37470653,
            "name": "청주본가 강릉점",
            "final_score": 0.3214,
            "distance_from_center": 0.2
          },
          {
            "id": 810967001,
            "name": "강릉초당불향쭈꾸미",
            "final_score": 0.3485,
            "distance_from_center": 0.26
          },
          {
            "id": 1288844710,
            "name": "송참숯갈비",
            "final_score": 0.3298,
            "distance_from_center": 0.27
          },
          {
            "id": 31267215,
            "name": "강릉뚝배기",
            "final_score": 0.2694,
            "distance_from_center": 0.28
          }
        ],
        "Attraction": [
          {
            "id": 37090227,
            "name": "버드나무 브루어리",
            "final_score": 0.2656,
            "distance_from_center": 0.69
          },
          {
            "id": 38623679,
            "name": "명주예술마당",
            "final_score": 0.15,
            "distance_from_center": 1.12
          },
          {
            "id": 15693581,
            "name": "강릉 남산공원",
            "final_score": 0.0787,
            "distance_from_center": 1.13
          },
          {
            "id": 1412053208,
            "name": "처음처럼&새로 브랜드 체험관",
            "final_score": 0.026,
            "distance_from_center": 1.2
          },
          {
            "id": 12955259,
            "name": "단오타운전시관",
            "final_score": 0.1228,
            "distance_from_center": 1.26
          },
          {
            "id": 1249952785,
            "name": "강릉 명주동 거리",
            "final_score": 0.3614,
            "distance_from_center": 1.32
          },
          {
            "id": 37081677,
            "name": "수상한마법학교",
            "final_score": 0.155,
            "distance_from_center": 1.34
          },
          {
            "id": 35188457,
            "name": "애니멀스토리",
            "final_score": 0.1294,
            "distance_from_center": 1.42
          },
          {
            "id": 749351147,
            "name": "강릉 임영관 삼문",
            "final_score": 0.2046,
            "distance_from_center": 1.44
          },
          {
            "id": 15685783,
            "name": "강릉 대도호부 관아",
            "final_score": 0.2309,
            "distance_from_center": 1.47
          },
          {
            "id": 13345877,
            "name": "강릉 서부시장",
            "final_score": 0.0693,
            "distance_from_center": 1.59
          },
          {
            "id": 2062786512,
            "name": "강릉시립미술관 솔올",
            "final_score": 0.2419,
            "distance_from_center": 1.88
          },
          {
            "id": 11535675,
            "name": "강릉문화원",
            "final_score": 0.1741,
            "distance_from_center": 2.0
          },
          {
            "id": 12762639,
            "name": "강릉시립미술관 교동",
            "final_score": 0.2574,
            "distance_from_center": 2.16
          },
          {
            "id": 1775014582,
            "name": "리고엠",
            "final_score": 0.2731,
            "distance_from_center": 2.5
          }
        ]
      }
    }
  ]
}