{
  "user_id": "U0237",
  "start_date": "2025-03-14",
  "start_weekday": "금",
  "duration_days": 2,
  "budget": 500000,
  "num_clusters": 2,
  "clustering_method": "greedy_score_based_with_store_hours",
  "seed_strategy": "highest_score_only",
  "max_cluster_radius_km": 6,
  "min_places_per_category": 7,
  "places_per_category": 15,
  "Accommodation": 10062294,
  "clusters": [
    {
      "cluster_id": 0,
      "date": "2025-03-14",
      "weekday": "금",
      "seed_category": "Restaurant",
      "seed_place": {
        "id": 38215574,
        "name": "네스트커리",
        "final_score": 0.4304
      },
      "center_lat": 37.762636,
      "center_lng": 128.938072,
      "categories": {
        "Cafe": [
          {
            "id": 1752487744,
            "name": "월량화",
            "final_score": 0.1883,
            "distance_from_center": 0.13
          },
          {
            "id": 1995194178,
            "name": "수줍은과자점",
            "final_score": 0.2216,
            "distance_from_center": 0.21
          },
          {
            "id": 1721611016,
            "name": "아뜨9",
            "final_score": 0.1175,
            "distance_from_center": 1.31
          },
          {
            "id": 1267158607,
            "name": "성수미술관 강릉안목점",
            "final_score": 0.1344,
            "distance_from_center": 1.34
          },
          {
            "id": 1557387521,
            "name": "할리스 강릉안목해변점",
            "final_score": 0.1094,
            "distance_from_center": 1.35
          },
          {
            "id": 15692078,
            "name": "카페알베로",
            "final_score": 0.1249,
            "distance_from_center": 1.35
          },
          {
            "id": 33021650,
            "name": "스타벅스 강릉안목해변점",
            "final_score": 0.2236,
            "distance_from_center": 1.35
          },
          {
            "id": 34203501,
            "name": "에이엠브레드앤커피",
            "final_score": 0.2318,
            "distance_from_center": 1.36
          },
          {
            "id": 1933690279,
            "name": "미르마르",
            "final_score": 0.2123,
            "distance_from_center": 1.36
          },
          {
            "id": 20585367,
            "name": "카페베네 안목점",
            "final_score": 0.1817,
            "distance_from_center": 1.36
          },
          {
            "id": 36399670,
            "name": "키크러스 강릉점",
            "final_score": 0.2657,
            "distance_from_center": 1.36
          },
          {
            "id": 38520417,
            "name": "커피 아메리카 강릉점",
            "final_score": 0.0566,
            "distance_from_center": 1.36
          },
          {
            "id": 11887822,
            "name": "커피커퍼 안목점",
            "final_score": 0.0562,
            "distance_from_center": 1.37
          },
          {
            "id": 499938650,
            "name": "카페 뤼미에르",
            "final_score": 0.1954,
            "distance_from_center": 1.38
          },
          {
            "id": 1894965701,
            "name": "로지커피",
            "final_score": 0.2273,
            "distance_from_center": 1.38
          }
        ],
        "Restaurant": [
          {
            "id": 38215574,
            "name": "네스트커리",
            "final_score": 0.4304,
            "distance_from_center": 0.0
          },
          {
            "id": 1193922269,
            "name": "팔당원조칼제비 강릉남항진점",
            "final_score": 0.3019,
            "distance_from_center": 0.08
          },
          {
            "id": 1912362480,
            "name": "논가집옹심이 강릉본점",
            "final_score": 0.2629,
            "distance_from_center": 0.13
          },
          {
            "id": 1147672088,
            "name": "옹심이중국집",
            "final_score": 0.1761,
            "distance_from_center": 0.13
          },
          {
            "id": 15349260,
            "name": "감자적본부",
            "final_score": 0.1741,
            "distance_from_center": 0.16
          },
          {
            "id": 15349253,
            "name": "삼우옹심이",
            "final_score": 0.0239,
            "distance_from_center": 0.18
          },
          {
            "id": 19729238,
            "name": "가람집옹심이",
            "final_score": 0.3409,
            "distance_from_center": 0.2
          },
          {
            "id": 21061573,
            "name": "솔바람감자적",
            "final_score": 0.2836,
            "distance_from_center": 0.21
          },
          {
            "id": 15349399,
            "name": "병산감자옹심이",
            "final_score": 0.2154,
            "distance_from_center": 0.21
          },
          {
            "id": 38636188,
            "name": "낙지대장",
            "final_score": 0.1045,
            "distance_from_center": 0.24
          },
          {
            "id": 1219260382,
            "name": "소나무가든",
            "final_score": 0.0828,
            "distance_from_center": 0.26
          },
          {
            "id": 15349490,
            "name": "만선감자옹심이",
            "final_score": 0.177,
            "distance_from_center": 0.27
          },
          {
            "id": 32185305,
            "name": "건강삼계탕",
            "final_score": 0.2127,
            "distance_from_center": 0.28
          },
          {
            "id": 32185304,
            "name": "만동면옥",
            "final_score": 0.3229,
            "distance_from_center": 0.29
          },
          {
            "id": 1690518281,
            "name": "평진냉면",
            "final_score": 0.2967,
            "distance_from_center": 0.5
          }
        ],
        "Attraction": [
          {
            "id": 1243747688,
            "name": "병산 옹심이마을",
            "final_score": 0.09,
            "distance_from_center": 0.27
          },
          {
            "id": 13491906,
            "name": "안목해변",
            "final_score": 0.1919,
            "distance_from_center": 1.38
          },
          {
            "id": 20947876,
            "name": "강릉커피거리",
            "final_score": 0.0969,
            "distance_from_center": 1.38
          },
          {
            "id": 32268465,
            "name": "환희컵박물관",
            "final_score": 0.1063,
            "distance_from_center": 1.4
          },
          {
            "id": 13491444,
            "name": "남항진해변",
            "final_score": 0.1509,
            "distance_from_center": 1.44
          },
          {
            "id": 939463951,
            "name": "강릉 안목해맞이공원",
            "final_score": 0.1691,
            "distance_from_center": 1.44
          },
          {
            "id": 15692195,
            "name": "강릉항",
            "final_score": 0.0683,
            "distance_from_center": 1.55
          },
          {
            "id": 20065935,
            "name": "송정해변",
            "final_score": 0.0455,
            "distance_from_center": 1.95
          },
          {
            "id": 13126966,
            "name": "풍호마을",
            "final_score": 0.0504,
            "distance_from_center": 3.04
          },
          {
            "id": 13345874,
            "name": "강릉 동부시장",
            "final_score": 0.0,
            "distance_from_center": 3.31
          },
          {
            "id": 1112785467,
            "name": "런닝맨 강릉점",
            "final_score": 0.2314,
            "distance_from_center": 3.49
          },
          {
            "id": 13345873,
            "name": "강릉 중앙시장",
            "final_score": 0.1452,
            "distance_from_center": 3.6
          },
          {
            "id": 1357865119,
            "name": "고래책방",
            "final_score": 0.3167,
            "distance_from_center": 3.62
          },
          {
            "id": 1287320440,
            "name": "강릉 월화거리",
            "final_score": 0.1402,
            "distance_from_center": 3.65
          },
          {
            "id": 11663849,
            "name": "강릉향교",
            "final_score": 0.1049,
            "distance_from_center": 3.77
          }
        ]
      }
    },
    {
      "cluster_id": 1,
      "date": "2025-03-15",
      "weekday": "토",
      "seed_category": "Restaurant",
      "seed_place": {
        "id": 1131502371,
        "name": "후토",
        "final_score": 0.3996
      },
      "center_lat": 37.772118,
      "center_lng": 128.908704,
      "categories": {
        "Cafe": [
          {
            "id": 1588834856,
            "name": "르블레도르",
            "final_score": 0.2114,
            "distance_from_center": 0.4
          },
          {
            "id": 1737820343,
            "name": "고메코나베이커리",
            "final_score": 0.1632,
            "distance_from_center": 0.44
          },
          {
            "id": 1391511090,
            "name": "삼척오란다 강릉점",
            "final_score": 0.257,
            "distance_from_center": 0.46
          },
          {
            "id": 1891894301,
            "name": "플레이스 플러스",
            "final_score": 0.2455,
            "distance_from_center": 0.49
          },
          {
            "id": 15318913,
            "name": "돔베이커리",
            "final_score": 0.1445,
            "distance_from_center": 0.53
          },
          {
            "id": 1033478410,
            "name": "그다이마잇",
            "final_score": 0.2682,
            "distance_from_center": 0.64
          },
          {
            "id": 1838131828,
            "name": "강릉카페 체크이스트",
            "final_score": 0.1761,
            "distance_from_center": 0.76
          },
          {
            "id": 1756159133,
            "name": "카페디드",
            "final_score": 0.2436,
            "distance_from_center": 0.79
          },
          {
            "id": 66343890,
            "name": "강릉빵다방",
            "final_score": 0.246,
            "distance_from_center": 0.9
          },
          {
            "id": 1612034459,
            "name": "어머야라",
            "final_score": 0.2856,
            "distance_from_center": 1.09
          },
          {
            "id": 1763916720,
            "name": "강릉커피콩빵 강릉당 강릉역점",
            "final_score": 0.2076,
            "distance_from_center": 1.18
          },
          {
            "id": 1331157860,
            "name": "이스트 베이커리",
            "final_score": 0.3353,
            "distance_from_center": 1.19
          },
          {
            "id": 1656009767,
            "name": "메가MGC커피 강릉역점",
            "final_score": 0.2019,
            "distance_from_center": 1.2
          },
          {
            "id": 1457952472,
            "name": "월선화",
            "final_score": 0.2602,
            "distance_from_center": 1.23
          },
          {
            "id": 1824086717,
            "name": "디오슬로",
            "final_score": 0.2734,
            "distance_from_center": 1.25
          }
        ],
        "Restaurant": [
          {
            "id": 1131502371,
            "name": "후토",
            "final_score": 0.3996,
            "distance_from_center": 0.0
          },
          {
            "id": 15389360,
            "name": "복짬",
            "final_score": 0.2451,
            "distance_from_center": 0.08
          },
          {
            "id": 12035825,
            "name": "정선달참나무숯불구이",
            "final_score": 0.1773,
            "distance_from_center": 0.11
          },
          {
            "id": 2006495897,
            "name": "한식명가네",
            "final_score": 0.2018,
            "distance_from_center": 0.12
          },
          {
            "id": 1229297638,
            "name": "배불뚝이",
            "final_score": 0.3079,
            "distance_from_center": 0.12
          },
          {
            "id": 1240841981,
            "name": "보래미즉석추어탕",
            "final_score": 0.3182,
            "distance_from_center": 0.12
          },
          {
            "id": 1287341137,
            "name": "국밥참맛있는집 강릉포남점",
            "final_score": 0.2752,
            "distance_from_center": 0.21
          },
          {
            "id": 1525748684,
            "name": "가자골식당",
            "final_score": 0.2944,
            "distance_from_center": 0.25
          },
          {
            "id": 37486590,
            "name": "몽실이",
            "final_score": 0.3111,
            "distance_from_center": 0.26
          },
          {
            "id": 449523007,
            "name": "송강식당",
            "final_score": 0.2526,
            "distance_from_center": 0.27
          },
          {
            "id": 37360894,
            "name": "강릉 본가족발",
            "final_score": 0.1676,
            "distance_from_center": 0.27
          },
          {
            "id": 1528730078,
            "name": "청화대뚝배기동태탕",
            "final_score": 0.2641,
            "distance_from_center": 0.28
          },
          {
            "id": 1096114647,
            "name": "24시전주콩향기콩나물국밥",
            "final_score": 0.2396,
            "distance_from_center": 0.28
          },
          {
            "id": 1798114957,
            "name": "강릉대관령감자옹심이",
            "final_score": 0.0973,
            "distance_from_center": 0.29
          },
          {
            "id": 36660889,
            "name": "강릉본가뒷고기",
            "final_score": 0.2024,
            "distance_from_center": 0.29
          }
        ],
        "Attraction": [
          {
            "id": 1550291849,
            "name": "강릉아트센터",
            "final_score": 0.1725,
            "distance_from_center": 1.17
          },
          {
            "id": 1211834959,
            "name": "강릉올림픽뮤지엄",
            "final_score": 0.0785,
            "distance_from_center": 1.3
          },
          {
            "id": 32777223,
            "name": "자연아놀자 체험학습박물관",
            "final_score": 0.146,
            "distance_from_center": 1.53
          },
          {
            "id": 1881857549,
            "name": "강릉 메타버스 체험관",
            "final_score": 0.1545,
            "distance_from_center": 1.77
          },
          {
            "id": 1090555407,
            "name": "아르떼뮤지엄 강릉",
            "final_score": 0.1739,
            "distance_from_center": 2.0
          },
          {
            "id": 37434460,
            "name": "경포 아쿠아리움",
            "final_score": 0.1548,
            "distance_from_center": 2.0
          },
          {
            "id": 12762639,
            "name": "강릉시립미술관 교동",
            "final_score": 0.2093,
            "distance_from_center": 2.02
          },
          {
            "id": 31044854,
            "name": "경포가시연습지",
            "final_score": 0.1884,
            "distance_from_center": 2.12
          },
          {
            "id": 1130774967,
            "name": "허균·허난설헌 기념공원",
            "final_score": 0.1776,
            "distance_from_center": 2.19
          },
          {
            "id": 20066249,
            "name": "강릉 수리골 고택",
            "final_score": 0.2783,
            "distance_from_center": 2.2
          },
          {
            "id": 20066218,
            "name": "허난설헌 생가터",
            "final_score": 0.2239,
            "distance_from_center": 2.2
          },
          {
            "id": 13345877,
            "name": "강릉 서부시장",
            "final_score": 0.0858,
            "distance_from_center": 2.46
          },
          {
            "id": 1346656418,
            "name": "경포생태저류지",
            "final_score": 0.0822,
            "distance_from_center": 2.47
          },
          {
            "id": 1542622512,
            "name": "원더스카이",
            "final_score": 0.0825,
            "distance_from_center": 2.49
          },
          {
            "id": 15685783,
            "name": "강릉 대도호부 관아",
            "final_score": 0.1671,
            "distance_from_center": 2.55
          }
        ]
      }
    }
  ]
}