{
  "user_id": "U0249",
  "start_date": "2025-12-22",
  "start_weekday": "월",
  "duration_days": 5,
  "budget": 600000,
  "num_clusters": 5,
  "clustering_method": "greedy_score_based_with_store_hours",
  "seed_strategy": "highest_score_only",
  "max_cluster_radius_km": 6,
  "min_places_per_category": 7,
  "places_per_category": 15,
  "Accommodation": 1000108328,
  "clusters": [
    {
      "cluster_id": 0,
      "date": "2025-12-22",
      "weekday": "월",
      "seed_category": "Restaurant",
      "seed_place": {
        "id": 32038666,
        "name": "황소실비",
        "final_score": 0.6205
      },
      "center_lat": 37.768598,
      "center_lng": 128.878763,
      "categories": {
        "Cafe": [
          {
            "id": 1843451871,
            "name": "투썸플레이스 강릉교동택지점",
            "final_score": 0.3085,
            "distance_from_center": 0.07
          },
          {
            "id": 1784470266,
            "name": "메가MGC커피 강릉교동솔올점",
            "final_score": 0.022,
            "distance_from_center": 0.12
          },
          {
            "id": 1867724165,
            "name": "사루",
            "final_score": 0.3811,
            "distance_from_center": 0.17
          },
          {
            "id": 1623800311,
            "name": "멜로우밀",
            "final_score": 0.3825,
            "distance_from_center": 0.18
          },
          {
            "id": 1625914520,
            "name": "사월의 모노웜",
            "final_score": 0.357,
            "distance_from_center": 0.2
          },
          {
            "id": 1133303813,
            "name": "커피아워",
            "final_score": 0.3473,
            "distance_from_center": 0.26
          },
          {
            "id": 38274668,
            "name": "플레지르",
            "final_score": 0.4172,
            "distance_from_center": 0.27
          },
          {
            "id": 1662017638,
            "name": "쎄라비",
            "final_score": 0.2518,
            "distance_from_center": 0.3
          },
          {
            "id": 1662017638,
            "name": "쎄라비",
            "final_score": 0.2518,
            "distance_from_center": 0.3
          },
          {
            "id": 79408101,
            "name": "이디야커피 강릉교동택지점",
            "final_score": 0.2765,
            "distance_from_center": 0.35
          },
          {
            "id": 1683569661,
            "name": "디핑 초콜릿카페",
            "final_score": 0.3361,
            "distance_from_center": 0.36
          },
          {
            "id": 1292591709,
            "name": "헝키도리커피바",
            "final_score": 0.3949,
            "distance_from_center": 0.37
          },
          {
            "id": 1215792352,
            "name": "던킨 강릉교동점",
            "final_score": 0.5216,
            "distance_from_center": 0.44
          },
          {
            "id": 1352455905,
            "name": "화이트리에 강릉점",
            "final_score": 0.2017,
            "distance_from_center": 0.44
          },
          {
            "id": 1459760339,
            "name": "스타벅스 강릉교동광장점",
            "final_score": 0.3177,
            "distance_from_center": 0.5
          }
        ],
        "Restaurant": [
          {
            "id": 32038666,
            "name": "황소실비",
            "final_score": 0.6205,
            "distance_from_center": 0.0
          },
          {
            "id": 19782934,
            "name": "회빈장",
            "final_score": 0.4316,
            "distance_from_center": 0.03
          },
          {
            "id": 1847740796,
            "name": "오봉집 강릉점",
            "final_score": 0.3936,
            "distance_from_center": 0.03
          },
          {
            "id": 15311728,
            "name": "수미골",
            "final_score": 0.3757,
            "distance_from_center": 0.05
          },
          {
            "id": 1862735111,
            "name": "차차동",
            "final_score": 0.3936,
            "distance_from_center": 0.07
          },
          {
            "id": 15380022,
            "name": "국수와파전",
            "final_score": 0.345,
            "distance_from_center": 0.07
          },
          {
            "id": 1131992941,
            "name": "은하수구락부",
            "final_score": 0.3872,
            "distance_from_center": 0.07
          },
          {
            "id": 15310589,
            "name": "솔올부대찌개",
            "final_score": 0.4547,
            "distance_from_center": 0.07
          },
          {
            "id": 231087604,
            "name": "만억정흑염소",
            "final_score": 0.3691,
            "distance_from_center": 0.08
          },
          {
            "id": 12042486,
            "name": "밤마차 교동점",
            "final_score": 0.2411,
            "distance_from_center": 0.09
          },
          {
            "id": 1053416085,
            "name": "본래순대 교동택지점",
            "final_score": 0.5848,
            "distance_from_center": 0.09
          },
          {
            "id": 35852302,
            "name": "도전",
            "final_score": 0.2996,
            "distance_from_center": 0.1
          },
          {
            "id": 1376821892,
            "name": "구석",
            "final_score": 0.3132,
            "distance_from_center": 0.11
          },
          {
            "id": 11550609,
            "name": "굴사랑 교동택지점",
            "final_score": 0.4904,
            "distance_from_center": 0.12
          },
          {
            "id": 15376068,
            "name": "산마을",
            "final_score": 0.4084,
            "distance_from_center": 0.13
          }
        ],
        "Attraction": [
          {
            "id": 1775014582,
            "name": "리고엠",
            "final_score": 0.3358,
            "distance_from_center": 0.51
          },
          {
            "id": 21824426,
            "name": "강릉원주대학교 박물관",
            "final_score": 0.3458,
            "distance_from_center": 0.8
          },
          {
            "id": 19832807,
            "name": "강릉자수박물관",
            "final_score": 0.003,
            "distance_from_center": 1.05
          },
          {
            "id": 2062786512,
            "name": "강릉시립미술관 솔올",
            "final_score": 0.1329,
            "distance_from_center": 1.08
          },
          {
            "id": 11535675,
            "name": "강릉문화원",
            "final_score": 0.1989,
            "distance_from_center": 1.17
          },
          {
            "id": 11620702,
            "name": "강릉 오죽헌·시립박물관",
            "final_score": 0.3339,
            "distance_from_center": 1.18
          },
          {
            "id": 1346656418,
            "name": "경포생태저류지",
            "final_score": 0.0722,
            "distance_from_center": 1.29
          },
          {
            "id": 12762639,
            "name": "강릉시립미술관 교동",
            "final_score": 0.3016,
            "distance_from_center": 1.38
          },
          {
            "id": 1550291849,
            "name": "강릉아트센터",
            "final_score": 0.1676,
            "distance_from_center": 1.5
          },
          {
            "id": 11663849,
            "name": "강릉향교",
            "final_score": 0.1447,
            "distance_from_center": 1.55
          },
          {
            "id": 13345877,
            "name": "강릉 서부시장",
            "final_score": 0.274,
            "distance_from_center": 1.84
          },
          {
            "id": 1357865119,
            "name": "고래책방",
            "final_score": 0.3294,
            "distance_from_center": 1.99
          },
          {
            "id": 1211834959,
            "name": "강릉올림픽뮤지엄",
            "final_score": 0.1944,
            "distance_from_center": 2.01
          },
          {
            "id": 749351147,
            "name": "강릉 임영관 삼문",
            "final_score": 0.1617,
            "distance_from_center": 2.06
          },
          {
            "id": 15685783,
            "name": "강릉 대도호부 관아",
            "final_score": 0.3334,
            "distance_from_center": 2.07
          }
        ]
      }
    },
    {
      "cluster_id": 1,
      "date": "2025-12-23",
      "weekday": "화",
      "seed_category": "Restaurant",
      "seed_place": {
        "id": 1346405445,
        "name": "교동소머리곰탕",
        "final_score": 0.6201
      },
      "center_lat": 37.762761,
      "center_lng": 128.872714,
      "categories": {
        "Cafe": [
          {
            "id": 1442771903,
            "name": "가디",
            "final_score": 0.3676,
            "distance_from_center": 0.3
          },
          {
            "id": 38482509,
            "name": "52블럭",
            "final_score": 0.3391,
            "distance_from_center": 0.31
          },
          {
            "id": 36767042,
            "name": "크리스피크림도넛 강릉교동점",
            "final_score": 0.2425,
            "distance_from_center": 0.35
          },
          {
            "id": 21095658,
            "name": "베이커리 가루",
            "final_score": 0.216,
            "distance_from_center": 0.4
          },
          {
            "id": 1526759655,
            "name": "텐퍼센트커피 강릉교동택지점",
            "final_score": 0.4188,
            "distance_from_center": 0.43
          },
          {
            "id": 263503029,
            "name": "어썸",
            "final_score": 0.4664,
            "distance_from_center": 0.71
          },
          {
            "id": 1263529731,
            "name": "인비토",
            "final_score": 0.4321,
            "distance_from_center": 0.77
          },
          {
            "id": 1546169801,
            "name": "강릉그림카페",
            "final_score": 0.343,
            "distance_from_center": 0.91
          },
          {
            "id": 1633456108,
            "name": "투썸플레이스 유천지구점",
            "final_score": 0.2835,
            "distance_from_center": 0.93
          },
          {
            "id": 1605447318,
            "name": "젤라또까사",
            "final_score": 0.4642,
            "distance_from_center": 1.07
          },
          {
            "id": 1504291324,
            "name": "백금당 강릉점",
            "final_score": 0.2923,
            "distance_from_center": 1.1
          },
          {
            "id": 1500318606,
            "name": "버떠",
            "final_score": 0.4262,
            "distance_from_center": 1.15
          },
          {
            "id": 1495937611,
            "name": "음차차",
            "final_score": 0.3727,
            "distance_from_center": 1.17
          },
          {
            "id": 1670844066,
            "name": "빵파르",
            "final_score": 0.3152,
            "distance_from_center": 1.55
          },
          {
            "id": 1106082140,
            "name": "아이즈 로스터리 홍제동 본점",
            "final_score": 0.3135,
            "distance_from_center": 1.61
          }
        ],
        "Restaurant": [
          {
            "id": 1346405445,
            "name": "교동소머리곰탕",
            "final_score": 0.6201,
            "distance_from_center": 0.0
          },
          {
            "id": 15378617,
            "name": "장면옥",
            "final_score": 0.4387,
            "distance_from_center": 0.03
          },
          {
            "id": 37911034,
            "name": "맛있는초밥집",
            "final_score": 0.2687,
            "distance_from_center": 0.04
          },
          {
            "id": 37056132,
            "name": "나폴리선생in교동",
            "final_score": 0.3734,
            "distance_from_center": 0.06
          },
          {
            "id": 33251611,
            "name": "킹콩부대찌개 강릉교동점",
            "final_score": 0.3528,
            "distance_from_center": 0.07
          },
          {
            "id": 1550961346,
            "name": "미스터쭈삼 강릉본점",
            "final_score": 0.3938,
            "distance_from_center": 0.08
          },
          {
            "id": 1190822494,
            "name": "야식의 정석",
            "final_score": 0.2791,
            "distance_from_center": 0.16
          },
          {
            "id": 15377926,
            "name": "동해막국수",
            "final_score": 0.3851,
            "distance_from_center": 0.17
          },
          {
            "id": 15310710,
            "name": "강릉참치",
            "final_score": 0.4838,
            "distance_from_center": 0.21
          },
          {
            "id": 21830287,
            "name": "기사문",
            "final_score": 0.4065,
            "distance_from_center": 0.23
          },
          {
            "id": 36543472,
            "name": "강릉한우만",
            "final_score": 0.532,
            "distance_from_center": 0.24
          },
          {
            "id": 15376107,
            "name": "강릉남매삼계탕",
            "final_score": 0.4806,
            "distance_from_center": 0.25
          },
          {
            "id": 38017562,
            "name": "얌샘김밥 강릉교동점",
            "final_score": 0.4304,
            "distance_from_center": 0.26
          },
          {
            "id": 1874772103,
            "name": "가마솥순대국밥 강릉교동점",
            "final_score": 0.497,
            "distance_from_center": 0.27
          },
          {
            "id": 1793774479,
            "name": "금성회관 강릉교동점",
            "final_score": 0.4342,
            "distance_from_center": 0.29
          }
        ],
        "Attraction": [
          {
            "id": 37090227,
            "name": "버드나무 브루어리",
            "final_score": 0.3557,
            "distance_from_center": 1.91
          },
          {
            "id": 38623679,
            "name": "명주예술마당",
            "final_score": 0.111,
            "distance_from_center": 2.06
          },
          {
            "id": 1249952785,
            "name": "강릉 명주동 거리",
            "final_score": 0.3859,
            "distance_from_center": 2.18
          },
          {
            "id": 1287320440,
            "name": "강릉 월화거리",
            "final_score": 0.1992,
            "distance_from_center": 2.3
          },
          {
            "id": 15693581,
            "name": "강릉 남산공원",
            "final_score": 0.1856,
            "distance_from_center": 2.45
          },
          {
            "id": 1412053208,
            "name": "처음처럼&새로 브랜드 체험관",
            "final_score": 0.1366,
            "distance_from_center": 2.46
          },
          {
            "id": 13345874,
            "name": "강릉 동부시장",
            "final_score": 0.0,
            "distance_from_center": 2.47
          },
          {
            "id": 13345873,
            "name": "강릉 중앙시장",
            "final_score": 0.3052,
            "distance_from_center": 2.48
          },
          {
            "id": 12955259,
            "name": "단오타운전시관",
            "final_score": 0.1611,
            "distance_from_center": 2.54
          },
          {
            "id": 1300520912,
            "name": "르꼬따쥬",
            "final_score": 0.3041,
            "distance_from_center": 2.86
          },
          {
            "id": 11687693,
            "name": "강릉 선교장",
            "final_score": 0.2163,
            "distance_from_center": 2.86
          },
          {
            "id": 11592129,
            "name": "강릉교육문화관",
            "final_score": 0.2878,
            "distance_from_center": 3.02
          },
          {
            "id": 20066249,
            "name": "강릉 수리골 고택",
            "final_score": 0.3434,
            "distance_from_center": 3.07
          },
          {
            "id": 35188457,
            "name": "애니멀스토리",
            "final_score": 0.2066,
            "distance_from_center": 3.09
          },
          {
            "id": 37081677,
            "name": "수상한마법학교",
            "final_score": 0.0973,
            "distance_from_center": 3.63
          }
        ]
      }
    },
    {
      "cluster_id": 2,
      "date": "2025-12-24",
      "weekday": "수",
      "seed_category": "Restaurant",
      "seed_place": {
        "id": 1463670736,
        "name": "옥이네 푸줏간",
        "final_score": 0.6011
      },
      "center_lat": 37.772431,
      "center_lng": 128.916621,
      "categories": {
        "Cafe": [
          {
            "id": 1033478410,
            "name": "그다이마잇",
            "final_score": 0.3911,
            "distance_from_center": 0.06
          },
          {
            "id": 15318913,
            "name": "돔베이커리",
            "final_score": 0.3257,
            "distance_from_center": 0.35
          },
          {
            "id": 1737820343,
            "name": "고메코나베이커리",
            "final_score": 0.3318,
            "distance_from_center": 0.38
          },
          {
            "id": 66343890,
            "name": "강릉빵다방",
            "final_score": 0.357,
            "distance_from_center": 0.4
          },
          {
            "id": 1588834856,
            "name": "르블레도르",
            "final_score": 0.3123,
            "distance_from_center": 0.52
          },
          {
            "id": 1830452681,
            "name": "스타벅스 강릉송정DT점",
            "final_score": 0.2895,
            "distance_from_center": 0.56
          },
          {
            "id": 1838131828,
            "name": "강릉카페 체크이스트",
            "final_score": 0.3333,
            "distance_from_center": 0.77
          },
          {
            "id": 1612034459,
            "name": "어머야라",
            "final_score": 0.4486,
            "distance_from_center": 0.78
          },
          {
            "id": 1391511090,
            "name": "삼척오란다 강릉점",
            "final_score": 0.4779,
            "distance_from_center": 0.87
          },
          {
            "id": 1891894301,
            "name": "플레이스 플러스",
            "final_score": 0.3882,
            "distance_from_center": 0.93
          },
          {
            "id": 1756159133,
            "name": "카페디드",
            "final_score": 0.3795,
            "distance_from_center": 1.28
          },
          {
            "id": 1265990790,
            "name": "애프터 이미지",
            "final_score": 0.3308,
            "distance_from_center": 1.4
          },
          {
            "id": 1994587010,
            "name": "말차로",
            "final_score": 0.2846,
            "distance_from_center": 1.49
          },
          {
            "id": 1492455872,
            "name": "카페기와",
            "final_score": 0.2206,
            "distance_from_center": 1.51
          },
          {
            "id": 1824086717,
            "name": "디오슬로",
            "final_score": 0.425,
            "distance_from_center": 1.62
          }
        ],
        "Restaurant": [
          {
            "id": 1463670736,
            "name": "옥이네 푸줏간",
            "final_score": 0.6011,
            "distance_from_center": 0.0
          },
          {
            "id": 15311869,
            "name": "더갈만",
            "final_score": 0.4595,
            "distance_from_center": 0.08
          },
          {
            "id": 1598957286,
            "name": "양마니명동찌개마을 강릉포남점",
            "final_score": 0.4447,
            "distance_from_center": 0.08
          },
          {
            "id": 1574971436,
            "name": "강릉댁 아구찜",
            "final_score": 0.4873,
            "distance_from_center": 0.08
          },
          {
            "id": 278084827,
            "name": "바다굴모듬찜",
            "final_score": 0.3942,
            "distance_from_center": 0.12
          },
          {
            "id": 15389140,
            "name": "성산대구머리찜",
            "final_score": 0.2602,
            "distance_from_center": 0.17
          },
          {
            "id": 1839279712,
            "name": "강릉꽈배기&핫도그",
            "final_score": 0.0,
            "distance_from_center": 0.22
          },
          {
            "id": 34772784,
            "name": "강릉코다리찜",
            "final_score": 0.3154,
            "distance_from_center": 0.25
          },
          {
            "id": 1167544058,
            "name": "일송손칼국수",
            "final_score": 0.417,
            "distance_from_center": 0.26
          },
          {
            "id": 1397232337,
            "name": "노미타이칸지",
            "final_score": 0.4369,
            "distance_from_center": 0.28
          },
          {
            "id": 20665635,
            "name": "가마솥쌈밥",
            "final_score": 0.3973,
            "distance_from_center": 0.29
          },
          {
            "id": 21338790,
            "name": "오리본가선자령",
            "final_score": 0.4607,
            "distance_from_center": 0.29
          },
          {
            "id": 1255404157,
            "name": "백사장",
            "final_score": 0.4786,
            "distance_from_center": 0.29
          },
          {
            "id": 1993722803,
            "name": "강릉시니어클럽 한송정밥상",
            "final_score": 0.3703,
            "distance_from_center": 0.32
          },
          {
            "id": 1623103473,
            "name": "나능이버섯백숙",
            "final_score": 0.5318,
            "distance_from_center": 0.33
          }
        ],
        "Attraction": [
          {
            "id": 32777223,
            "name": "자연아놀자 체험학습박물관",
            "final_score": 0.1568,
            "distance_from_center": 1.82
          },
          {
            "id": 1881857549,
            "name": "강릉 메타버스 체험관",
            "final_score": 0.0731,
            "distance_from_center": 1.94
          },
          {
            "id": 20065935,
            "name": "송정해변",
            "final_score": 0.1808,
            "distance_from_center": 2.0
          },
          {
            "id": 1090555407,
            "name": "아르떼뮤지엄 강릉",
            "final_score": 0.204,
            "distance_from_center": 2.11
          },
          {
            "id": 37434460,
            "name": "경포 아쿠아리움",
            "final_score": 0.0966,
            "distance_from_center": 2.11
          },
          {
            "id": 1112785467,
            "name": "런닝맨 강릉점",
            "final_score": 0.1302,
            "distance_from_center": 2.13
          },
          {
            "id": 1130774967,
            "name": "허균·허난설헌 기념공원",
            "final_score": 0.2932,
            "distance_from_center": 2.24
          },
          {
            "id": 20066218,
            "name": "허난설헌 생가터",
            "final_score": 0.1649,
            "distance_from_center": 2.25
          },
          {
            "id": 32268465,
            "name": "환희컵박물관",
            "final_score": 0.183,
            "distance_from_center": 2.34
          },
          {
            "id": 1243747688,
            "name": "병산 옹심이마을",
            "final_score": 0.2133,
            "distance_from_center": 2.39
          },
          {
            "id": 1542622512,
            "name": "원더스카이",
            "final_score": 0.1238,
            "distance_from_center": 2.39
          },
          {
            "id": 31506191,
            "name": "초당순두부마을",
            "final_score": 0.4539,
            "distance_from_center": 2.46
          },
          {
            "id": 31044854,
            "name": "경포가시연습지",
            "final_score": 0.0411,
            "distance_from_center": 2.46
          },
          {
            "id": 13491183,
            "name": "강문해변",
            "final_score": 0.1544,
            "distance_from_center": 2.5
          },
          {
            "id": 939463951,
            "name": "강릉 안목해맞이공원",
            "final_score": 0.2738,
            "distance_from_center": 2.52
          }
        ]
      }
    },
    {
      "cluster_id": 3,
      "date": "2025-12-25",
      "weekday": "목",
      "seed_category": "Restaurant",
      "seed_place": {
        "id": 1547280580,
        "name": "삼겹식당 강릉송정점",
        "final_score": 0.5994
      },
      "center_lat": 37.7746,
      "center_lng": 128.932636,
      "categories": {
        "Cafe": [
          {
            "id": 1289622019,
            "name": "카페캔슈",
            "final_score": 0.4833,
            "distance_from_center": 0.45
          },
          {
            "id": 1425096858,
            "name": "강릉커피콩빵 강릉당 안목해변점",
            "final_score": 0.2252,
            "distance_from_center": 1.18
          },
          {
            "id": 15331732,
            "name": "커피씨엘",
            "final_score": 0.265,
            "distance_from_center": 1.2
          },
          {
            "id": 1536161656,
            "name": "하슬라가배",
            "final_score": 0.3793,
            "distance_from_center": 1.23
          },
          {
            "id": 1009977259,
            "name": "강원옥찹쌀떡&치코스타코 안목점",
            "final_score": 0.2988,
            "distance_from_center": 1.24
          },
          {
            "id": 1019503112,
            "name": "강릉샌드 안목해변점",
            "final_score": 0.3276,
            "distance_from_center": 1.24
          },
          {
            "id": 499938650,
            "name": "카페 뤼미에르",
            "final_score": 0.2581,
            "distance_from_center": 1.29
          },
          {
            "id": 11887822,
            "name": "커피커퍼 안목점",
            "final_score": 0.2779,
            "distance_from_center": 1.3
          },
          {
            "id": 1933690279,
            "name": "미르마르",
            "final_score": 0.2996,
            "distance_from_center": 1.31
          },
          {
            "id": 34203501,
            "name": "에이엠브레드앤커피",
            "final_score": 0.4286,
            "distance_from_center": 1.33
          },
          {
            "id": 2064259008,
            "name": "테라로사 강릉 신라모노그램점",
            "final_score": 0.258,
            "distance_from_center": 1.39
          },
          {
            "id": 1557387521,
            "name": "할리스 강릉안목해변점",
            "final_score": 0.3174,
            "distance_from_center": 1.42
          },
          {
            "id": 15692078,
            "name": "카페알베로",
            "final_score": 0.2441,
            "distance_from_center": 1.43
          },
          {
            "id": 1267158607,
            "name": "성수미술관 강릉안목점",
            "final_score": 0.2616,
            "distance_from_center": 1.45
          },
          {
            "id": 33021650,
            "name": "스타벅스 강릉안목해변점",
            "final_score": 0.285,
            "distance_from_center": 1.46
          }
        ],
        "Restaurant": [
          {
            "id": 1547280580,
            "name": "삼겹식당 강릉송정점",
            "final_score": 0.5994,
            "distance_from_center": 0.0
          },
          {
            "id": 20364475,
            "name": "김윤미전복삼계탕 강릉본점",
            "final_score": 0.28,
            "distance_from_center": 0.05
          },
          {
            "id": 15329662,
            "name": "밥먹는마을",
            "final_score": 0.3094,
            "distance_from_center": 0.22
          },
          {
            "id": 1953425523,
            "name": "태인네포차",
            "final_score": 0.5132,
            "distance_from_center": 0.25
          },
          {
            "id": 1143057643,
            "name": "고래밥한식뷔페",
            "final_score": 0.2032,
            "distance_from_center": 0.28
          },
          {
            "id": 1337206643,
            "name": "강릉염전조개구이",
            "final_score": 0.4117,
            "distance_from_center": 0.41
          },
          {
            "id": 1524056023,
            "name": "여우애김밥 강릉송정점",
            "final_score": 0.3311,
            "distance_from_center": 0.45
          },
          {
            "id": 1167569582,
            "name": "송가촌",
            "final_score": 0.4195,
            "distance_from_center": 0.46
          },
          {
            "id": 1637551545,
            "name": "더프롤로그필드 강릉 대게 본점",
            "final_score": 0.4369,
            "distance_from_center": 0.54
          },
          {
            "id": 1770360235,
            "name": "찐전집",
            "final_score": 0.3298,
            "distance_from_center": 0.6
          },
          {
            "id": 1347619457,
            "name": "송정불향쭈꾸미",
            "final_score": 0.4523,
            "distance_from_center": 0.67
          },
          {
            "id": 1216081294,
            "name": "광덕식당",
            "final_score": 0.5313,
            "distance_from_center": 0.9
          },
          {
            "id": 1953548649,
            "name": "샤브올데이 강릉송정점",
            "final_score": 0.3718,
            "distance_from_center": 0.93
          },
          {
            "id": 1582249955,
            "name": "브라보칼국수 강릉본점",
            "final_score": 0.4192,
            "distance_from_center": 1.03
          },
          {
            "id": 1929924200,
            "name": "강릉역옹막 안목점",
            "final_score": 0.3504,
            "distance_from_center": 1.05
          }
        ],
        "Attraction": [
          {
            "id": 13491906,
            "name": "안목해변",
            "final_score": 0.3511,
            "distance_from_center": 1.31
          },
          {
            "id": 20947876,
            "name": "강릉커피거리",
            "final_score": 0.2053,
            "distance_from_center": 1.31
          },
          {
            "id": 15692195,
            "name": "강릉항",
            "final_score": 0.0856,
            "distance_from_center": 1.72
          },
          {
            "id": 13491444,
            "name": "남항진해변",
            "final_score": 0.1262,
            "distance_from_center": 2.24
          },
          {
            "id": 1940124735,
            "name": "강문솟대다리",
            "final_score": 0.2484,
            "distance_from_center": 3.19
          },
          {
            "id": 472414455,
            "name": "경포호수광장",
            "final_score": 0.0976,
            "distance_from_center": 3.28
          },
          {
            "id": 1063021154,
            "name": "경포플라워가든",
            "final_score": 0.0794,
            "distance_from_center": 3.35
          },
          {
            "id": 13300191,
            "name": "경포도립공원",
            "final_score": 0.2267,
            "distance_from_center": 3.7
          },
          {
            "id": 13491109,
            "name": "경포호",
            "final_score": 0.127,
            "distance_from_center": 3.94
          },
          {
            "id": 1675156043,
            "name": "강릉 경포대",
            "final_score": 0.2211,
            "distance_from_center": 3.94
          },
          {
            "id": 12409858,
            "name": "참소리에디슨손성목영화박물관",
            "final_score": 0.1143,
            "distance_from_center": 4.03
          },
          {
            "id": 12079976,
            "name": "경포해수욕장",
            "final_score": 0.3455,
            "distance_from_center": 4.12
          },
          {
            "id": 13126966,
            "name": "풍호마을",
            "final_score": 0.0728,
            "distance_from_center": 4.44
          },
          {
            "id": 1338629806,
            "name": "사근진해중공원 전망대",
            "final_score": 0.1201,
            "distance_from_center": 5.18
          },
          {
            "id": 1338629806,
            "name": "사근진해중공원 전망대",
            "final_score": 0.1201,
            "distance_from_center": 5.18
          }
        ]
      }
    },
    {
      "cluster_id": 4,
      "date": "2025-12-26",
      "weekday": "금",
      "seed_category": "Restaurant",
      "seed_place": {
        "id": 21116582,
        "name": "주문진 돈의맛",
        "final_score": 0.5748
      },
      "center_lat": 37.884885,
      "center_lng": 128.824144,
      "categories": {
        "Cafe": [
          {
            "id": 1169844332,
            "name": "스타벅스 강릉주문진점",
            "final_score": 0.2421,
            "distance_from_center": 0.76
          },
          {
            "id": 1266299794,
            "name": "해옫 강릉",
            "final_score": 0.4907,
            "distance_from_center": 0.92
          },
          {
            "id": 1147229173,
            "name": "도깨비젤라또",
            "final_score": 0.248,
            "distance_from_center": 1.03
          },
          {
            "id": 1249217189,
            "name": "오드커피",
            "final_score": 0.2757,
            "distance_from_center": 1.11
          },
          {
            "id": 2017141901,
            "name": "에브리데이크",
            "final_score": 0.3588,
            "distance_from_center": 1.23
          },
          {
            "id": 1543529590,
            "name": "카페제니엘 주문진점",
            "final_score": 0.2463,
            "distance_from_center": 1.36
          },
          {
            "id": 1543529590,
            "name": "카페제니엘 주문진점",
            "final_score": 0.2463,
            "distance_from_center": 1.36
          },
          {
            "id": 1396977535,
            "name": "소돌엔 등대점",
            "final_score": 0.2457,
            "distance_from_center": 1.62
          },
          {
            "id": 1019347699,
            "name": "플레이스 플러스",
            "final_score": 0.2575,
            "distance_from_center": 2.06
          },
          {
            "id": 1876301121,
            "name": "포르토포레스트하우스",
            "final_score": 0.4753,
            "distance_from_center": 2.18
          },
          {
            "id": 1009179914,
            "name": "갈매기다방",
            "final_score": 0.3759,
            "distance_from_center": 2.32
          },
          {
            "id": 1299462841,
            "name": "소돌엔 강릉",
            "final_score": 0.2546,
            "distance_from_center": 2.4
          },
          {
            "id": 1839133695,
            "name": "빵을쇼핑하다빵명가치아바타CIABATTA",
            "final_score": 0.3292,
            "distance_from_center": 2.53
          },
          {
            "id": 15373350,
            "name": "브라질",
            "final_score": 0.3704,
            "distance_from_center": 2.68
          },
          {
            "id": 1900553385,
            "name": "바우카페",
            "final_score": 0.3177,
            "distance_from_center": 2.7
          }
        ],
        "Restaurant": [
          {
            "id": 21116582,
            "name": "주문진 돈의맛",
            "final_score": 0.5748,
            "distance_from_center": 0.0
          },
          {
            "id": 1720905897,
            "name": "이맛에온다 본점",
            "final_score": 0.3547,
            "distance_from_center": 0.08
          },
          {
            "id": 1136211401,
            "name": "삼첩분식 주문진점",
            "final_score": 0.4418,
            "distance_from_center": 0.12
          },
          {
            "id": 1950305815,
            "name": "주문진 미인상회",
            "final_score": 0.479,
            "distance_from_center": 0.14
          },
          {
            "id": 31096902,
            "name": "원조칼국수",
            "final_score": 0.4133,
            "distance_from_center": 0.17
          },
          {
            "id": 1104323584,
            "name": "감자마을",
            "final_score": 0.3424,
            "distance_from_center": 0.17
          },
          {
            "id": 1240895948,
            "name": "주공면옥",
            "final_score": 0.3826,
            "distance_from_center": 0.19
          },
          {
            "id": 1463664286,
            "name": "주문진호시",
            "final_score": 0.5288,
            "distance_from_center": 0.23
          },
          {
            "id": 1890450106,
            "name": "명주뜰",
            "final_score": 0.4421,
            "distance_from_center": 0.29
          },
          {
            "id": 34268809,
            "name": "신리면옥 주문진점",
            "final_score": 0.2217,
            "distance_from_center": 0.31
          },
          {
            "id": 1062358382,
            "name": "원영생선구이",
            "final_score": 0.4183,
            "distance_from_center": 0.34
          },
          {
            "id": 15360439,
            "name": "남북면옥",
            "final_score": 0.3969,
            "distance_from_center": 0.35
          },
          {
            "id": 15696942,
            "name": "맛있는엄마밥상",
            "final_score": 0.4916,
            "distance_from_center": 0.36
          },
          {
            "id": 38314569,
            "name": "주문진신짬뽕",
            "final_score": 0.3599,
            "distance_from_center": 0.37
          },
          {
            "id": 1345031898,
            "name": "87닭강정 주문진점",
            "final_score": 0.4479,
            "distance_from_center": 0.4
          }
        ],
        "Attraction": [
          {
            "id": 13490946,
            "name": "주문진항",
            "final_score": 0.4071,
            "distance_from_center": 0.59
          },
          {
            "id": 1600054868,
            "name": "해피아워크루즈",
            "final_score": 0.1027,
            "distance_from_center": 0.66
          },
          {
            "id": 34818378,
            "name": "주문진해양박물관",
            "final_score": 0.1383,
            "distance_from_center": 0.81
          },
          {
            "id": 20059236,
            "name": "주문리마을",
            "final_score": 0.2761,
            "distance_from_center": 0.93
          },
          {
            "id": 20054507,
            "name": "주문진 등대",
            "final_score": 0.159,
            "distance_from_center": 1.65
          },
          {
            "id": 19501415,
            "name": "소돌아들바위공원",
            "final_score": 0.0529,
            "distance_from_center": 2.37
          },
          {
            "id": 13491657,
            "name": "소돌해수욕장",
            "final_score": 0.2783,
            "distance_from_center": 2.39
          },
          {
            "id": 13491150,
            "name": "영진해변",
            "final_score": 0.2319,
            "distance_from_center": 2.61
          },
          {
            "id": 20054445,
            "name": "영진항",
            "final_score": 0.2481,
            "distance_from_center": 2.84
          },
          {
            "id": 13491005,
            "name": "주문진해수욕장",
            "final_score": 0.3579,
            "distance_from_center": 2.9
          },
          {
            "id": 15698326,
            "name": "향호해변",
            "final_score": 0.1405,
            "distance_from_center": 3.0
          },
          {
            "id": 1154013651,
            "name": "주문진bts",
            "final_score": 0.0589,
            "distance_from_center": 3.14
          },
          {
            "id": 13444336,
            "name": "연곡해변",
            "final_score": 0.2019,
            "distance_from_center": 3.7
          },
          {
            "id": 12390002,
            "name": "강릉 복사꽃마을",
            "final_score": 0.2216,
            "distance_from_center": 4.14
          },
          {
            "id": 1848252796,
            "name": "강릉아기동물농장",
            "final_score": 0.3478,
            "distance_from_center": 5.38
          }
        ]
      }
    }
  ]
}