{
  "user_id": "U0254",
  "start_date": "2025-12-08",
  "start_weekday": "월",
  "duration_days": 2,
  "budget": 300000,
  "num_clusters": 2,
  "clustering_method": "greedy_score_based_with_store_hours",
  "seed_strategy": "highest_score_only",
  "max_cluster_radius_km": 6,
  "min_places_per_category": 7,
  "places_per_category": 15,
  "Accommodation": 1000108328,
  "clusters": [
    {
      "cluster_id": 0,
      "date": "2025-12-08",
      "weekday": "월",
      "seed_category": "Restaurant",
      "seed_place": {
        "id": 1567062059,
        "name": "회산막국수 강릉점",
        "final_score": 0.5361
      },
      "center_lat": 37.744862,
      "center_lng": 128.870636,
      "categories": {
        "Cafe": [
          {
            "id": 1174448798,
            "name": "스타벅스 강릉IC DT점",
            "final_score": 0.3292,
            "distance_from_center": 0.27
          },
          {
            "id": 2012122325,
            "name": "루모",
            "final_score": 0.3853,
            "distance_from_center": 0.71
          },
          {
            "id": 19900143,
            "name": "라몬타냐",
            "final_score": 0.375,
            "distance_from_center": 0.73
          },
          {
            "id": 2067021446,
            "name": "떡이네",
            "final_score": 0.3863,
            "distance_from_center": 0.93
          },
          {
            "id": 1106082140,
            "name": "아이즈 로스터리 홍제동 본점",
            "final_score": 0.2677,
            "distance_from_center": 1.13
          },
          {
            "id": 1750727150,
            "name": "미미케이크",
            "final_score": 0.3254,
            "distance_from_center": 1.13
          },
          {
            "id": 1633456108,
            "name": "투썸플레이스 유천지구점",
            "final_score": 0.2388,
            "distance_from_center": 1.37
          },
          {
            "id": 263503029,
            "name": "어썸",
            "final_score": 0.4008,
            "distance_from_center": 1.38
          },
          {
            "id": 1546169801,
            "name": "강릉그림카페",
            "final_score": 0.2469,
            "distance_from_center": 1.41
          },
          {
            "id": 1081008717,
            "name": "홍제멘션 강릉 본점",
            "final_score": 0.3289,
            "distance_from_center": 1.48
          },
          {
            "id": 1605447318,
            "name": "젤라또까사",
            "final_score": 0.3945,
            "distance_from_center": 1.57
          },
          {
            "id": 1500318606,
            "name": "버떠",
            "final_score": 0.3722,
            "distance_from_center": 1.62
          },
          {
            "id": 1442771903,
            "name": "가디",
            "final_score": 0.336,
            "distance_from_center": 1.77
          },
          {
            "id": 15299378,
            "name": "포모도로",
            "final_score": 0.3283,
            "distance_from_center": 1.81
          },
          {
            "id": 1026225860,
            "name": "새바람이오는그늘",
            "final_score": 0.3471,
            "distance_from_center": 1.83
          }
        ],
        "Restaurant": [
          {
            "id": 1567062059,
            "name": "회산막국수 강릉점",
            "final_score": 0.5361,
            "distance_from_center": 0.0
          },
          {
            "id": 1371192904,
            "name": "갑진정식",
            "final_score": 0.3543,
            "distance_from_center": 0.6
          },
          {
            "id": 1921017060,
            "name": "강릉명가",
            "final_score": 0.3665,
            "distance_from_center": 0.66
          },
          {
            "id": 1605479970,
            "name": "십이월육일",
            "final_score": 0.3372,
            "distance_from_center": 0.77
          },
          {
            "id": 37253078,
            "name": "뿅가곱창 강릉점",
            "final_score": 0.3923,
            "distance_from_center": 0.79
          },
          {
            "id": 1070243890,
            "name": "무단외박",
            "final_score": 0.3451,
            "distance_from_center": 0.8
          },
          {
            "id": 1366265272,
            "name": "병천순대 내곡점",
            "final_score": 0.3377,
            "distance_from_center": 0.81
          },
          {
            "id": 12038496,
            "name": "형분식한식",
            "final_score": 0.2523,
            "distance_from_center": 0.85
          },
          {
            "id": 1129330317,
            "name": "치킨인류 내곡홍제점",
            "final_score": 0.3492,
            "distance_from_center": 0.85
          },
          {
            "id": 1653794749,
            "name": "갱스터분식카페",
            "final_score": 0.2009,
            "distance_from_center": 0.85
          },
          {
            "id": 615540229,
            "name": "밥톨",
            "final_score": 0.2728,
            "distance_from_center": 0.86
          },
          {
            "id": 36505019,
            "name": "회산솔식당",
            "final_score": 0.4052,
            "distance_from_center": 0.87
          },
          {
            "id": 37628157,
            "name": "동일장칼국수 내곡점",
            "final_score": 0.3004,
            "distance_from_center": 0.93
          },
          {
            "id": 32736679,
            "name": "뼈장군",
            "final_score": 0.3457,
            "distance_from_center": 0.96
          },
          {
            "id": 1337210252,
            "name": "밥잘하는누나",
            "final_score": 0.0,
            "distance_from_center": 0.99
          }
        ],
        "Attraction": [
          {
            "id": 1412053208,
            "name": "처음처럼&새로 브랜드 체험관",
            "final_score": 0.1864,
            "distance_from_center": 0.47
          },
          {
            "id": 37090227,
            "name": "버드나무 브루어리",
            "final_score": 0.3203,
            "distance_from_center": 1.27
          },
          {
            "id": 11535675,
            "name": "강릉문화원",
            "final_score": 0.1252,
            "distance_from_center": 1.57
          },
          {
            "id": 2062786512,
            "name": "강릉시립미술관 솔올",
            "final_score": 0.2191,
            "distance_from_center": 1.75
          },
          {
            "id": 37081677,
            "name": "수상한마법학교",
            "final_score": 0.0402,
            "distance_from_center": 1.76
          },
          {
            "id": 38623679,
            "name": "명주예술마당",
            "final_score": 0.0597,
            "distance_from_center": 1.84
          },
          {
            "id": 15693581,
            "name": "강릉 남산공원",
            "final_score": 0.1405,
            "distance_from_center": 2.04
          },
          {
            "id": 1249952785,
            "name": "강릉 명주동 거리",
            "final_score": 0.2852,
            "distance_from_center": 2.06
          },
          {
            "id": 749351147,
            "name": "강릉 임영관 삼문",
            "final_score": 0.1168,
            "distance_from_center": 2.07
          },
          {
            "id": 15685783,
            "name": "강릉 대도호부 관아",
            "final_score": 0.2182,
            "distance_from_center": 2.11
          },
          {
            "id": 13345877,
            "name": "강릉 서부시장",
            "final_score": 0.2885,
            "distance_from_center": 2.11
          },
          {
            "id": 12955259,
            "name": "단오타운전시관",
            "final_score": 0.2061,
            "distance_from_center": 2.18
          },
          {
            "id": 1775014582,
            "name": "리고엠",
            "final_score": 0.2521,
            "distance_from_center": 2.22
          },
          {
            "id": 35188457,
            "name": "애니멀스토리",
            "final_score": 0.1696,
            "distance_from_center": 2.48
          },
          {
            "id": 12762639,
            "name": "강릉시립미술관 교동",
            "final_score": 0.2027,
            "distance_from_center": 2.5
          }
        ]
      }
    },
    {
      "cluster_id": 1,
      "date": "2025-12-09",
      "weekday": "화",
      "seed_category": "Restaurant",
      "seed_place": {
        "id": 1547280580,
        "name": "삼겹식당 강릉송정점",
        "final_score": 0.5352
      },
      "center_lat": 37.7746,
      "center_lng": 128.932636,
      "categories": {
        "Cafe": [
          {
            "id": 1289622019,
            "name": "카페캔슈",
            "final_score": 0.3517,
            "distance_from_center": 0.45
          },
          {
            "id": 1830452681,
            "name": "스타벅스 강릉송정DT점",
            "final_score": 0.2929,
            "distance_from_center": 0.9
          },
          {
            "id": 1425096858,
            "name": "강릉커피콩빵 강릉당 안목해변점",
            "final_score": 0.1831,
            "distance_from_center": 1.18
          },
          {
            "id": 15331732,
            "name": "커피씨엘",
            "final_score": 0.2026,
            "distance_from_center": 1.2
          },
          {
            "id": 1536161656,
            "name": "하슬라가배",
            "final_score": 0.2815,
            "distance_from_center": 1.23
          },
          {
            "id": 1019503112,
            "name": "강릉샌드 안목해변점",
            "final_score": 0.2162,
            "distance_from_center": 1.24
          },
          {
            "id": 1009977259,
            "name": "강원옥찹쌀떡&치코스타코 안목점",
            "final_score": 0.2409,
            "distance_from_center": 1.24
          },
          {
            "id": 499938650,
            "name": "카페 뤼미에르",
            "final_score": 0.1705,
            "distance_from_center": 1.29
          },
          {
            "id": 11887822,
            "name": "커피커퍼 안목점",
            "final_score": 0.2287,
            "distance_from_center": 1.3
          },
          {
            "id": 1933690279,
            "name": "미르마르",
            "final_score": 0.2617,
            "distance_from_center": 1.31
          },
          {
            "id": 34203501,
            "name": "에이엠브레드앤커피",
            "final_score": 0.3747,
            "distance_from_center": 1.33
          },
          {
            "id": 2064259008,
            "name": "테라로사 강릉 신라모노그램점",
            "final_score": 0.2616,
            "distance_from_center": 1.39
          },
          {
            "id": 1557387521,
            "name": "할리스 강릉안목해변점",
            "final_score": 0.2077,
            "distance_from_center": 1.42
          },
          {
            "id": 66343890,
            "name": "강릉빵다방",
            "final_score": 0.3382,
            "distance_from_center": 1.42
          },
          {
            "id": 15692078,
            "name": "카페알베로",
            "final_score": 0.2134,
            "distance_from_center": 1.43
          }
        ],
        "Restaurant": [
          {
            "id": 1547280580,
            "name": "삼겹식당 강릉송정점",
            "final_score": 0.5352,
            "distance_from_center": 0.0
          },
          {
            "id": 20364475,
            "name": "김윤미전복삼계탕 강릉본점",
            "final_score": 0.2386,
            "distance_from_center": 0.05
          },
          {
            "id": 15329662,
            "name": "밥먹는마을",
            "final_score": 0.3068,
            "distance_from_center": 0.22
          },
          {
            "id": 1953425523,
            "name": "태인네포차",
            "final_score": 0.3595,
            "distance_from_center": 0.25
          },
          {
            "id": 1143057643,
            "name": "고래밥한식뷔페",
            "final_score": 0.1858,
            "distance_from_center": 0.28
          },
          {
            "id": 1337206643,
            "name": "강릉염전조개구이",
            "final_score": 0.3223,
            "distance_from_center": 0.41
          },
          {
            "id": 1524056023,
            "name": "여우애김밥 강릉송정점",
            "final_score": 0.3371,
            "distance_from_center": 0.45
          },
          {
            "id": 1167569582,
            "name": "송가촌",
            "final_score": 0.388,
            "distance_from_center": 0.46
          },
          {
            "id": 1637551545,
            "name": "더프롤로그필드 강릉 대게 본점",
            "final_score": 0.3717,
            "distance_from_center": 0.54
          },
          {
            "id": 1770360235,
            "name": "찐전집",
            "final_score": 0.2733,
            "distance_from_center": 0.6
          },
          {
            "id": 1347619457,
            "name": "송정불향쭈꾸미",
            "final_score": 0.4091,
            "distance_from_center": 0.67
          },
          {
            "id": 1216081294,
            "name": "광덕식당",
            "final_score": 0.4833,
            "distance_from_center": 0.9
          },
          {
            "id": 1953548649,
            "name": "샤브올데이 강릉송정점",
            "final_score": 0.2925,
            "distance_from_center": 0.93
          },
          {
            "id": 1582249955,
            "name": "브라보칼국수 강릉본점",
            "final_score": 0.285,
            "distance_from_center": 1.03
          },
          {
            "id": 1929924200,
            "name": "강릉역옹막 안목점",
            "final_score": 0.254,
            "distance_from_center": 1.05
          }
        ],
        "Attraction": [
          {
            "id": 20065935,
            "name": "송정해변",
            "final_score": 0.0416,
            "distance_from_center": 0.73
          },
          {
            "id": 32268465,
            "name": "환희컵박물관",
            "final_score": 0.1122,
            "distance_from_center": 0.92
          },
          {
            "id": 939463951,
            "name": "강릉 안목해맞이공원",
            "final_score": 0.2449,
            "distance_from_center": 1.1
          },
          {
            "id": 20947876,
            "name": "강릉커피거리",
            "final_score": 0.1527,
            "distance_from_center": 1.31
          },
          {
            "id": 13491906,
            "name": "안목해변",
            "final_score": 0.2887,
            "distance_from_center": 1.31
          },
          {
            "id": 1243747688,
            "name": "병산 옹심이마을",
            "final_score": 0.2053,
            "distance_from_center": 1.48
          },
          {
            "id": 15692195,
            "name": "강릉항",
            "final_score": 0.1655,
            "distance_from_center": 1.72
          },
          {
            "id": 1112785467,
            "name": "런닝맨 강릉점",
            "final_score": 0.1025,
            "distance_from_center": 2.08
          },
          {
            "id": 13491444,
            "name": "남항진해변",
            "final_score": 0.1752,
            "distance_from_center": 2.24
          },
          {
            "id": 13491183,
            "name": "강문해변",
            "final_score": 0.1989,
            "distance_from_center": 2.55
          },
          {
            "id": 1542622512,
            "name": "원더스카이",
            "final_score": 0.0836,
            "distance_from_center": 2.63
          },
          {
            "id": 31506191,
            "name": "초당순두부마을",
            "final_score": 0.4144,
            "distance_from_center": 2.68
          },
          {
            "id": 1881857549,
            "name": "강릉 메타버스 체험관",
            "final_score": 0.0372,
            "distance_from_center": 2.73
          },
          {
            "id": 37434460,
            "name": "경포 아쿠아리움",
            "final_score": 0.031,
            "distance_from_center": 2.77
          },
          {
            "id": 1090555407,
            "name": "아르떼뮤지엄 강릉",
            "final_score": 0.2113,
            "distance_from_center": 2.77
          }
        ]
      }
    }
  ]
}