{
  "user_id": "U0262",
  "start_date": "2025-04-26",
  "start_weekday": "토",
  "duration_days": 5,
  "budget": 4700000,
  "num_clusters": 5,
  "clustering_method": "greedy_score_based_with_store_hours",
  "seed_strategy": "highest_score_only",
  "max_cluster_radius_km": 6,
  "min_places_per_category": 7,
  "places_per_category": 15,
  "Accommodation": 10046257,
  "clusters": [
    {
      "cluster_id": 0,
      "date": "2025-04-26",
      "weekday": "토",
      "seed_category": "Restaurant",
      "seed_place": {
        "id": 1405926737,
        "name": "강릉모카번",
        "final_score": 0.5365
      },
      "center_lat": 37.751775,
      "center_lng": 128.897764,
      "categories": {
        "Cafe": [
          {
            "id": 1669842519,
            "name": "오버웨잇 강릉본점",
            "final_score": 0.2431,
            "distance_from_center": 0.19
          },
          {
            "id": 1683765421,
            "name": "타임슬립",
            "final_score": 0.2942,
            "distance_from_center": 0.19
          },
          {
            "id": 35256483,
            "name": "설빙 강릉대학로점",
            "final_score": 0.4642,
            "distance_from_center": 0.19
          },
          {
            "id": 1086491623,
            "name": "파충류카페 강릉점",
            "final_score": 0.2739,
            "distance_from_center": 0.21
          },
          {
            "id": 1758181058,
            "name": "김성수제빵소 강릉점",
            "final_score": 0.3228,
            "distance_from_center": 0.22
          },
          {
            "id": 2094977764,
            "name": "장인더 강릉",
            "final_score": 0.3475,
            "distance_from_center": 0.22
          },
          {
            "id": 38345396,
            "name": "지베이스",
            "final_score": 0.346,
            "distance_from_center": 0.25
          },
          {
            "id": 1355852682,
            "name": "젤라또마켓 순두부젤라또",
            "final_score": 0.4431,
            "distance_from_center": 0.26
          },
          {
            "id": 1318617687,
            "name": "강릉이래요",
            "final_score": 0.1796,
            "distance_from_center": 0.26
          },
          {
            "id": 1697573959,
            "name": "강릉커피콩빵 강릉당 중앙시장점",
            "final_score": 0.3727,
            "distance_from_center": 0.27
          },
          {
            "id": 1246478918,
            "name": "중화짬뽕빵",
            "final_score": 0.2533,
            "distance_from_center": 0.27
          },
          {
            "id": 1689574654,
            "name": "굴리아케이크",
            "final_score": 0.198,
            "distance_from_center": 0.27
          },
          {
            "id": 1202298255,
            "name": "팡파미유 중앙시장점",
            "final_score": 0.1612,
            "distance_from_center": 0.27
          },
          {
            "id": 1921017062,
            "name": "카페시로울",
            "final_score": 0.3158,
            "distance_from_center": 0.29
          },
          {
            "id": 2013389102,
            "name": "크레마코스타 중앙시장점",
            "final_score": 0.4993,
            "distance_from_center": 0.3
          }
        ],
        "Restaurant": [
          {
            "id": 1405926737,
            "name": "강릉모카번",
            "final_score": 0.5365,
            "distance_from_center": 0.0
          },
          {
            "id": 15299161,
            "name": "삼삼해물찜",
            "final_score": 0.2363,
            "distance_from_center": 0.07
          },
          {
            "id": 32443745,
            "name": "불향쭈꾸미볶음",
            "final_score": 0.1815,
            "distance_from_center": 0.1
          },
          {
            "id": 32037906,
            "name": "정윤이네먹거리",
            "final_score": 0.2544,
            "distance_from_center": 0.1
          },
          {
            "id": 12052285,
            "name": "부부보쌈",
            "final_score": 0.2435,
            "distance_from_center": 0.14
          },
          {
            "id": 1603154990,
            "name": "성남대운식당",
            "final_score": 0.1889,
            "distance_from_center": 0.14
          },
          {
            "id": 1961675235,
            "name": "곱창미지수",
            "final_score": 0.4512,
            "distance_from_center": 0.15
          },
          {
            "id": 1368387404,
            "name": "시나미왕갈비탕",
            "final_score": 0.3693,
            "distance_from_center": 0.15
          },
          {
            "id": 1085464055,
            "name": "강릉길감자",
            "final_score": 0.3618,
            "distance_from_center": 0.15
          },
          {
            "id": 1560658401,
            "name": "솔옥",
            "final_score": 0.455,
            "distance_from_center": 0.15
          },
          {
            "id": 1379005450,
            "name": "떡볶이는생각하지마세요",
            "final_score": 0.4496,
            "distance_from_center": 0.15
          },
          {
            "id": 15299914,
            "name": "감자바우 장칼국수",
            "final_score": 0.1935,
            "distance_from_center": 0.15
          },
          {
            "id": 1622671621,
            "name": "불개미식당",
            "final_score": 0.3135,
            "distance_from_center": 0.16
          },
          {
            "id": 1129595331,
            "name": "애경부침",
            "final_score": 0.2438,
            "distance_from_center": 0.16
          },
          {
            "id": 1175212803,
            "name": "성남장터",
            "final_score": 0.0749,
            "distance_from_center": 0.18
          }
        ],
        "Attraction": [
          {
            "id": 13345873,
            "name": "강릉 중앙시장",
            "final_score": 0.2408,
            "distance_from_center": 0.26
          },
          {
            "id": 1249952785,
            "name": "강릉 명주동 거리",
            "final_score": 0.4006,
            "distance_from_center": 0.45
          },
          {
            "id": 12955259,
            "name": "단오타운전시관",
            "final_score": 0.1624,
            "distance_from_center": 0.46
          },
          {
            "id": 1287320440,
            "name": "강릉 월화거리",
            "final_score": 0.1297,
            "distance_from_center": 0.46
          },
          {
            "id": 15685783,
            "name": "강릉 대도호부 관아",
            "final_score": 0.2105,
            "distance_from_center": 0.52
          },
          {
            "id": 749351147,
            "name": "강릉 임영관 삼문",
            "final_score": 0.136,
            "distance_from_center": 0.55
          },
          {
            "id": 15693581,
            "name": "강릉 남산공원",
            "final_score": 0.0949,
            "distance_from_center": 0.56
          },
          {
            "id": 11592129,
            "name": "강릉교육문화관",
            "final_score": 0.2779,
            "distance_from_center": 0.66
          },
          {
            "id": 38623679,
            "name": "명주예술마당",
            "final_score": 0.118,
            "distance_from_center": 0.67
          },
          {
            "id": 13345877,
            "name": "강릉 서부시장",
            "final_score": 0.1263,
            "distance_from_center": 0.71
          },
          {
            "id": 1357865119,
            "name": "고래책방",
            "final_score": 0.4342,
            "distance_from_center": 0.73
          },
          {
            "id": 35188457,
            "name": "애니멀스토리",
            "final_score": 0.1356,
            "distance_from_center": 0.84
          },
          {
            "id": 13345874,
            "name": "강릉 동부시장",
            "final_score": 0.0,
            "distance_from_center": 0.93
          },
          {
            "id": 12762639,
            "name": "강릉시립미술관 교동",
            "final_score": 0.2366,
            "distance_from_center": 1.16
          },
          {
            "id": 37090227,
            "name": "버드나무 브루어리",
            "final_score": 0.3234,
            "distance_from_center": 1.23
          }
        ]
      }
    },
    {
      "cluster_id": 1,
      "date": "2025-04-27",
      "weekday": "일",
      "seed_category": "Cafe",
      "seed_place": {
        "id": 1426989487,
        "name": "안다미로",
        "final_score": 0.5177
      },
      "center_lat": 37.746309,
      "center_lng": 128.898678,
      "categories": {
        "Cafe": [
          {
            "id": 1426989487,
            "name": "안다미로",
            "final_score": 0.5177,
            "distance_from_center": 0.0
          },
          {
            "id": 1682187275,
            "name": "카페 정화",
            "final_score": 0.2929,
            "distance_from_center": 0.34
          },
          {
            "id": 1325516945,
            "name": "카페 오뉴월",
            "final_score": 0.3275,
            "distance_from_center": 0.67
          },
          {
            "id": 2031533892,
            "name": "글루크",
            "final_score": 0.2344,
            "distance_from_center": 0.68
          },
          {
            "id": 1426647455,
            "name": "파인파인 강릉점",
            "final_score": 0.3575,
            "distance_from_center": 0.7
          },
          {
            "id": 13320528,
            "name": "명주배롱",
            "final_score": 0.3435,
            "distance_from_center": 0.72
          },
          {
            "id": 1275789425,
            "name": "봄",
            "final_score": 0.4389,
            "distance_from_center": 0.78
          },
          {
            "id": 1104085754,
            "name": "aie",
            "final_score": 0.2378,
            "distance_from_center": 0.8
          },
          {
            "id": 1026225860,
            "name": "새바람이오는그늘",
            "final_score": 0.3966,
            "distance_from_center": 0.82
          },
          {
            "id": 30959782,
            "name": "투썸플레이스 강릉중앙점",
            "final_score": 0.279,
            "distance_from_center": 0.82
          },
          {
            "id": 1517734190,
            "name": "강원옥찹쌀떡 중앙시장점",
            "final_score": 0.3586,
            "distance_from_center": 0.89
          },
          {
            "id": 1526049518,
            "name": "커피러버스",
            "final_score": 0.2007,
            "distance_from_center": 0.9
          },
          {
            "id": 37160959,
            "name": "배스킨라빈스 강릉대학로점",
            "final_score": 0.2478,
            "distance_from_center": 0.94
          },
          {
            "id": 1019654977,
            "name": "희게",
            "final_score": 0.4286,
            "distance_from_center": 0.97
          },
          {
            "id": 1659347323,
            "name": "강릉샌드",
            "final_score": 0.3765,
            "distance_from_center": 0.97
          }
        ],
        "Restaurant": [
          {
            "id": 21734984,
            "name": "어야네",
            "final_score": 0.1598,
            "distance_from_center": 0.17
          },
          {
            "id": 1679108075,
            "name": "만나옹심이손칼국수",
            "final_score": 0.415,
            "distance_from_center": 0.18
          },
          {
            "id": 15337939,
            "name": "안땔골식당",
            "final_score": 0.0671,
            "distance_from_center": 0.18
          },
          {
            "id": 15338842,
            "name": "빙고주막",
            "final_score": 0.2784,
            "distance_from_center": 0.18
          },
          {
            "id": 1642640928,
            "name": "질가집",
            "final_score": 0.4453,
            "distance_from_center": 0.22
          },
          {
            "id": 1261902989,
            "name": "달구지막창 강릉1호점",
            "final_score": 0.3986,
            "distance_from_center": 0.25
          },
          {
            "id": 37370900,
            "name": "가보자땡초족발보쌈 강릉점",
            "final_score": 0.411,
            "distance_from_center": 0.27
          },
          {
            "id": 32380505,
            "name": "강남칼국수",
            "final_score": 0.08,
            "distance_from_center": 0.28
          },
          {
            "id": 15338997,
            "name": "보배골",
            "final_score": 0.4367,
            "distance_from_center": 0.31
          },
          {
            "id": 801470123,
            "name": "바른치킨 강릉단오점",
            "final_score": 0.3907,
            "distance_from_center": 0.32
          },
          {
            "id": 15338377,
            "name": "반상먹거리",
            "final_score": 0.4862,
            "distance_from_center": 0.33
          },
          {
            "id": 32185195,
            "name": "성원닭내장",
            "final_score": 0.0995,
            "distance_from_center": 0.35
          },
          {
            "id": 1698706278,
            "name": "미래먹거리",
            "final_score": 0.1011,
            "distance_from_center": 0.37
          },
          {
            "id": 1236919265,
            "name": "고깃집",
            "final_score": 0.4151,
            "distance_from_center": 0.38
          },
          {
            "id": 37927755,
            "name": "강릉꼬막비빔밥 풍호맛뜨락",
            "final_score": 0.2299,
            "distance_from_center": 0.38
          }
        ],
        "Attraction": [
          {
            "id": 11663849,
            "name": "강릉향교",
            "final_score": 0.1298,
            "distance_from_center": 1.94
          },
          {
            "id": 2062786512,
            "name": "강릉시립미술관 솔올",
            "final_score": 0.1858,
            "distance_from_center": 2.18
          },
          {
            "id": 37081677,
            "name": "수상한마법학교",
            "final_score": 0.1138,
            "distance_from_center": 2.46
          },
          {
            "id": 11535675,
            "name": "강릉문화원",
            "final_score": 0.199,
            "distance_from_center": 2.59
          },
          {
            "id": 1412053208,
            "name": "처음처럼&새로 브랜드 체험관",
            "final_score": 0.1746,
            "distance_from_center": 2.65
          },
          {
            "id": 1775014582,
            "name": "리고엠",
            "final_score": 0.2945,
            "distance_from_center": 2.75
          },
          {
            "id": 1550291849,
            "name": "강릉아트센터",
            "final_score": 0.3358,
            "distance_from_center": 2.84
          },
          {
            "id": 1211834959,
            "name": "강릉올림픽뮤지엄",
            "final_score": 0.1427,
            "distance_from_center": 3.68
          },
          {
            "id": 21824426,
            "name": "강릉원주대학교 박물관",
            "final_score": 0.2832,
            "distance_from_center": 3.7
          },
          {
            "id": 19832807,
            "name": "강릉자수박물관",
            "final_score": 0.0105,
            "distance_from_center": 3.87
          },
          {
            "id": 1346656418,
            "name": "경포생태저류지",
            "final_score": 0.0918,
            "distance_from_center": 4.0
          },
          {
            "id": 11620702,
            "name": "강릉 오죽헌·시립박물관",
            "final_score": 0.2558,
            "distance_from_center": 4.02
          },
          {
            "id": 1243747688,
            "name": "병산 옹심이마을",
            "final_score": 0.1635,
            "distance_from_center": 4.17
          },
          {
            "id": 32777223,
            "name": "자연아놀자 체험학습박물관",
            "final_score": 0.0881,
            "distance_from_center": 4.36
          },
          {
            "id": 20066249,
            "name": "강릉 수리골 고택",
            "final_score": 0.3043,
            "distance_from_center": 4.49
          }
        ]
      }
    },
    {
      "cluster_id": 2,
      "date": "2025-04-28",
      "weekday": "월",
      "seed_category": "Cafe",
      "seed_place": {
        "id": 1212033877,
        "name": "강릉샌드 초당점",
        "final_score": 0.5069
      },
      "center_lat": 37.794545,
      "center_lng": 128.915144,
      "categories": {
        "Cafe": [
          {
            "id": 1212033877,
            "name": "강릉샌드 초당점",
            "final_score": 0.5069,
            "distance_from_center": 0.0
          },
          {
            "id": 1103533977,
            "name": "허스크밀",
            "final_score": 0.3524,
            "distance_from_center": 0.05
          },
          {
            "id": 1625751111,
            "name": "커피커퍼박물관",
            "final_score": 0.3736,
            "distance_from_center": 0.09
          },
          {
            "id": 2067971861,
            "name": "안초당",
            "final_score": 0.4147,
            "distance_from_center": 0.15
          },
          {
            "id": 1591483811,
            "name": "카페밀",
            "final_score": 0.3112,
            "distance_from_center": 0.16
          },
          {
            "id": 998885728,
            "name": "카페 툇마루",
            "final_score": 0.4398,
            "distance_from_center": 0.2
          },
          {
            "id": 1869523471,
            "name": "강릉 조개빵 강릉본점",
            "final_score": 0.41,
            "distance_from_center": 0.2
          },
          {
            "id": 1497289783,
            "name": "꾸옥 GGUOK",
            "final_score": 0.3068,
            "distance_from_center": 0.21
          },
          {
            "id": 1948973432,
            "name": "데일리오아시스 강릉점",
            "final_score": 0.3408,
            "distance_from_center": 0.24
          },
          {
            "id": 189619233,
            "name": "강릉커피빵 본점",
            "final_score": 0.2348,
            "distance_from_center": 0.25
          },
          {
            "id": 1709924447,
            "name": "롱블랙",
            "final_score": 0.2719,
            "distance_from_center": 0.26
          },
          {
            "id": 1763738753,
            "name": "마더커피 강문점",
            "final_score": 0.3357,
            "distance_from_center": 0.26
          },
          {
            "id": 2038520626,
            "name": "시만차 포그",
            "final_score": 0.3483,
            "distance_from_center": 0.27
          },
          {
            "id": 1630731945,
            "name": "강릉 사임당 인절미 강문본점",
            "final_score": 0.3133,
            "distance_from_center": 0.29
          },
          {
            "id": 1639218638,
            "name": "덴켄",
            "final_score": 0.2959,
            "distance_from_center": 0.3
          }
        ],
        "Restaurant": [
          {
            "id": 1962439120,
            "name": "해궁식당",
            "final_score": 0.2545,
            "distance_from_center": 0.14
          },
          {
            "id": 1025642664,
            "name": "팔도전복해물뚝배기",
            "final_score": 0.2418,
            "distance_from_center": 0.16
          },
          {
            "id": 15327157,
            "name": "고향산천초당순두부",
            "final_score": 0.3161,
            "distance_from_center": 0.17
          },
          {
            "id": 36643281,
            "name": "강릉전복해물뚝배기 강릉",
            "final_score": 0.2544,
            "distance_from_center": 0.18
          },
          {
            "id": 36952290,
            "name": "오월에초당",
            "final_score": 0.2004,
            "distance_from_center": 0.18
          },
          {
            "id": 1693762102,
            "name": "서울양계",
            "final_score": 0.2382,
            "distance_from_center": 0.19
          },
          {
            "id": 1087147744,
            "name": "강문칼국수",
            "final_score": 0.2002,
            "distance_from_center": 0.21
          },
          {
            "id": 1479188834,
            "name": "청춘돌우럭&물회 강릉본점",
            "final_score": 0.3061,
            "distance_from_center": 0.24
          },
          {
            "id": 1416755080,
            "name": "선호라면",
            "final_score": 0.2678,
            "distance_from_center": 0.25
          },
          {
            "id": 1880153847,
            "name": "강릉 하월당 초당짬뽕순두부",
            "final_score": 0.3893,
            "distance_from_center": 0.29
          },
          {
            "id": 15320203,
            "name": "강릉짬뽕순두부 강릉본점",
            "final_score": 0.2408,
            "distance_from_center": 0.29
          },
          {
            "id": 1966143636,
            "name": "초당본가짬뽕순두부",
            "final_score": 0.1698,
            "distance_from_center": 0.3
          },
          {
            "id": 1824668746,
            "name": "초당꼬마김밥 강릉점",
            "final_score": 0.3623,
            "distance_from_center": 0.31
          },
          {
            "id": 2041883893,
            "name": "아라시",
            "final_score": 0.3653,
            "distance_from_center": 0.31
          },
          {
            "id": 1009432770,
            "name": "초당훈이순두부짬뽕",
            "final_score": 0.3469,
            "distance_from_center": 0.32
          }
        ],
        "Attraction": [
          {
            "id": 31506191,
            "name": "초당순두부마을",
            "final_score": 0.2738,
            "distance_from_center": 0.03
          },
          {
            "id": 1542622512,
            "name": "원더스카이",
            "final_score": 0.0798,
            "distance_from_center": 0.07
          },
          {
            "id": 13491183,
            "name": "강문해변",
            "final_score": 0.2127,
            "distance_from_center": 0.34
          },
          {
            "id": 1940124735,
            "name": "강문솟대다리",
            "final_score": 0.2132,
            "distance_from_center": 0.5
          },
          {
            "id": 20066218,
            "name": "허난설헌 생가터",
            "final_score": 0.1603,
            "distance_from_center": 0.56
          },
          {
            "id": 1130774967,
            "name": "허균·허난설헌 기념공원",
            "final_score": 0.2073,
            "distance_from_center": 0.57
          },
          {
            "id": 472414455,
            "name": "경포호수광장",
            "final_score": 0.0993,
            "distance_from_center": 0.61
          },
          {
            "id": 1112785467,
            "name": "런닝맨 강릉점",
            "final_score": 0.1605,
            "distance_from_center": 0.68
          },
          {
            "id": 1063021154,
            "name": "경포플라워가든",
            "final_score": 0.1359,
            "distance_from_center": 0.68
          },
          {
            "id": 1090555407,
            "name": "아르떼뮤지엄 강릉",
            "final_score": 0.1653,
            "distance_from_center": 0.81
          },
          {
            "id": 37434460,
            "name": "경포 아쿠아리움",
            "final_score": 0.0702,
            "distance_from_center": 0.81
          },
          {
            "id": 13300191,
            "name": "경포도립공원",
            "final_score": 0.158,
            "distance_from_center": 1.01
          },
          {
            "id": 1881857549,
            "name": "강릉 메타버스 체험관",
            "final_score": 0.0514,
            "distance_from_center": 1.05
          },
          {
            "id": 12079976,
            "name": "경포해수욕장",
            "final_score": 0.2421,
            "distance_from_center": 1.42
          },
          {
            "id": 31044854,
            "name": "경포가시연습지",
            "final_score": 0.1224,
            "distance_from_center": 1.55
          }
        ]
      }
    },
    {
      "cluster_id": 3,
      "date": "2025-04-29",
      "weekday": "화",
      "seed_category": "Cafe",
      "seed_place": {
        "id": 1209837360,
        "name": "초당고래로스팅카페",
        "final_score": 0.5067
      },
      "center_lat": 37.78854,
      "center_lng": 128.913525,
      "categories": {
        "Cafe": [
          {
            "id": 1209837360,
            "name": "초당고래로스팅카페",
            "final_score": 0.5067,
            "distance_from_center": 0.0
          },
          {
            "id": 1621771668,
            "name": "카페 초당순 강릉본점",
            "final_score": 0.3334,
            "distance_from_center": 0.07
          },
          {
            "id": 1974801379,
            "name": "카페콥스",
            "final_score": 0.2083,
            "distance_from_center": 0.09
          },
          {
            "id": 1834719170,
            "name": "초당소금빵",
            "final_score": 0.1987,
            "distance_from_center": 0.12
          },
          {
            "id": 1405929814,
            "name": "초당커피정미소 본점",
            "final_score": 0.2191,
            "distance_from_center": 0.15
          },
          {
            "id": 1959930841,
            "name": "강릉 미어지게",
            "final_score": 0.1919,
            "distance_from_center": 0.16
          },
          {
            "id": 1794472949,
            "name": "에브리모먼트커피",
            "final_score": 0.2556,
            "distance_from_center": 0.22
          },
          {
            "id": 1037671264,
            "name": "카페동화",
            "final_score": 0.2808,
            "distance_from_center": 0.31
          },
          {
            "id": 1195768568,
            "name": "플레이스 플러스",
            "final_score": 0.3786,
            "distance_from_center": 0.33
          },
          {
            "id": 1995634579,
            "name": "강릉 초당찰떡",
            "final_score": 0.3559,
            "distance_from_center": 0.34
          },
          {
            "id": 1046848158,
            "name": "초당커피",
            "final_score": 0.3825,
            "distance_from_center": 0.34
          },
          {
            "id": 1994587010,
            "name": "말차로",
            "final_score": 0.1582,
            "distance_from_center": 0.34
          },
          {
            "id": 1492455872,
            "name": "카페기와",
            "final_score": 0.3951,
            "distance_from_center": 0.38
          },
          {
            "id": 1087262116,
            "name": "강원옥 찹쌀떡",
            "final_score": 0.4785,
            "distance_from_center": 0.4
          },
          {
            "id": 1986612032,
            "name": "롱브레드 초당",
            "final_score": 0.2457,
            "distance_from_center": 0.42
          }
        ],
        "Restaurant": [
          {
            "id": 33152153,
            "name": "초당토박이할머니순두부",
            "final_score": 0.1917,
            "distance_from_center": 0.04
          },
          {
            "id": 35828643,
            "name": "초당송도불향쭈꾸미 본점",
            "final_score": 0.4062,
            "distance_from_center": 0.05
          },
          {
            "id": 1265044520,
            "name": "그옛날초당순두부",
            "final_score": 0.1603,
            "distance_from_center": 0.08
          },
          {
            "id": 2094272054,
            "name": "강릉짬뽕순두부마법사",
            "final_score": 0.2734,
            "distance_from_center": 0.09
          },
          {
            "id": 1632217656,
            "name": "메시56",
            "final_score": 0.2937,
            "distance_from_center": 0.1
          },
          {
            "id": 1653763172,
            "name": "뉴솔향초당순두부",
            "final_score": 0.1772,
            "distance_from_center": 0.17
          },
          {
            "id": 1453209507,
            "name": "산마루황태촌 초당직영점",
            "final_score": 0.4115,
            "distance_from_center": 0.18
          },
          {
            "id": 1292073957,
            "name": "초당명가 짬뽕순두부",
            "final_score": 0.3855,
            "distance_from_center": 0.19
          },
          {
            "id": 631054551,
            "name": "강릉 낭만게장&백숙",
            "final_score": 0.3484,
            "distance_from_center": 0.2
          },
          {
            "id": 1359335955,
            "name": "초당민들레",
            "final_score": 0.3041,
            "distance_from_center": 0.21
          },
          {
            "id": 37698425,
            "name": "메밀향기",
            "final_score": 0.2458,
            "distance_from_center": 0.23
          },
          {
            "id": 1951460203,
            "name": "은대봉",
            "final_score": 0.3168,
            "distance_from_center": 0.25
          },
          {
            "id": 13052149,
            "name": "정은숙초당순두부",
            "final_score": 0.3565,
            "distance_from_center": 0.28
          },
          {
            "id": 32039146,
            "name": "부일손칼국수",
            "final_score": 0.2542,
            "distance_from_center": 0.3
          },
          {
            "id": 11859878,
            "name": "강릉짬뽕순두부 동화가든 본점",
            "final_score": 0.3381,
            "distance_from_center": 0.31
          }
        ],
        "Attraction": [
          {
            "id": 13491109,
            "name": "경포호",
            "final_score": 0.0963,
            "distance_from_center": 1.68
          },
          {
            "id": 1675156043,
            "name": "강릉 경포대",
            "final_score": 0.2389,
            "distance_from_center": 1.69
          },
          {
            "id": 12409858,
            "name": "참소리에디슨손성목영화박물관",
            "final_score": 0.0872,
            "distance_from_center": 1.76
          },
          {
            "id": 20065935,
            "name": "송정해변",
            "final_score": 0.1469,
            "distance_from_center": 2.28
          },
          {
            "id": 11687693,
            "name": "강릉 선교장",
            "final_score": 0.1328,
            "distance_from_center": 2.51
          },
          {
            "id": 15371716,
            "name": "사근진해변",
            "final_score": 0.1822,
            "distance_from_center": 2.99
          },
          {
            "id": 1338629806,
            "name": "사근진해중공원 전망대",
            "final_score": 0.0132,
            "distance_from_center": 2.99
          },
          {
            "id": 1338629806,
            "name": "사근진해중공원 전망대",
            "final_score": 0.0132,
            "distance_from_center": 2.99
          },
          {
            "id": 32268465,
            "name": "환희컵박물관",
            "final_score": 0.1591,
            "distance_from_center": 3.03
          },
          {
            "id": 939463951,
            "name": "강릉 안목해맞이공원",
            "final_score": 0.2242,
            "distance_from_center": 3.2
          },
          {
            "id": 13491906,
            "name": "안목해변",
            "final_score": 0.2828,
            "distance_from_center": 3.46
          },
          {
            "id": 20947876,
            "name": "강릉커피거리",
            "final_score": 0.258,
            "distance_from_center": 3.46
          },
          {
            "id": 13491745,
            "name": "순긋해변",
            "final_score": 0.2546,
            "distance_from_center": 3.62
          },
          {
            "id": 15692195,
            "name": "강릉항",
            "final_score": 0.0862,
            "distance_from_center": 3.86
          },
          {
            "id": 20103328,
            "name": "순포해변",
            "final_score": 0.1291,
            "distance_from_center": 3.98
          }
        ]
      }
    },
    {
      "cluster_id": 4,
      "date": "2025-04-30",
      "weekday": "수",
      "seed_category": "Cafe",
      "seed_place": {
        "id": 1900553385,
        "name": "바우카페",
        "final_score": 0.5048
      },
      "center_lat": 37.868183,
      "center_lng": 128.846522,
      "categories": {
        "Cafe": [
          {
            "id": 1900553385,
            "name": "바우카페",
            "final_score": 0.5048,
            "distance_from_center": 0.0
          },
          {
            "id": 15373350,
            "name": "브라질",
            "final_score": 0.4236,
            "distance_from_center": 0.02
          },
          {
            "id": 1839133695,
            "name": "빵을쇼핑하다빵명가치아바타CIABATTA",
            "final_score": 0.3438,
            "distance_from_center": 0.17
          },
          {
            "id": 1009179914,
            "name": "갈매기다방",
            "final_score": 0.3485,
            "distance_from_center": 0.39
          },
          {
            "id": 1876301121,
            "name": "포르토포레스트하우스",
            "final_score": 0.3998,
            "distance_from_center": 0.53
          },
          {
            "id": 11682971,
            "name": "보헤미안박이추커피본점",
            "final_score": 0.3143,
            "distance_from_center": 0.53
          },
          {
            "id": 1249217189,
            "name": "오드커피",
            "final_score": 0.3494,
            "distance_from_center": 1.6
          },
          {
            "id": 1147229173,
            "name": "도깨비젤라또",
            "final_score": 0.2934,
            "distance_from_center": 1.68
          },
          {
            "id": 1169844332,
            "name": "스타벅스 강릉주문진점",
            "final_score": 0.3724,
            "distance_from_center": 1.96
          },
          {
            "id": 1777557364,
            "name": "크림하우스",
            "final_score": 0.3673,
            "distance_from_center": 2.34
          },
          {
            "id": 1543529590,
            "name": "카페제니엘 주문진점",
            "final_score": 0.2472,
            "distance_from_center": 3.11
          },
          {
            "id": 1543529590,
            "name": "카페제니엘 주문진점",
            "final_score": 0.2472,
            "distance_from_center": 3.11
          },
          {
            "id": 1266299794,
            "name": "해옫 강릉",
            "final_score": 0.4112,
            "distance_from_center": 3.23
          },
          {
            "id": 2017141901,
            "name": "에브리데이크",
            "final_score": 0.3562,
            "distance_from_center": 3.32
          },
          {
            "id": 1396977535,
            "name": "소돌엔 등대점",
            "final_score": 0.2384,
            "distance_from_center": 3.52
          }
        ],
        "Restaurant": [
          {
            "id": 15705872,
            "name": "홍질목",
            "final_score": 0.2035,
            "distance_from_center": 0.55
          },
          {
            "id": 1140539859,
            "name": "Miss한우",
            "final_score": 0.1201,
            "distance_from_center": 0.71
          },
          {
            "id": 1043586683,
            "name": "내촌옥",
            "final_score": 0.4043,
            "distance_from_center": 0.72
          },
          {
            "id": 1229266906,
            "name": "달구지막창 주문진점",
            "final_score": 0.3733,
            "distance_from_center": 0.72
          },
          {
            "id": 1843519259,
            "name": "영진보리밥쌈밥",
            "final_score": 0.416,
            "distance_from_center": 0.72
          },
          {
            "id": 1167311952,
            "name": "메밀애감자",
            "final_score": 0.3409,
            "distance_from_center": 0.73
          },
          {
            "id": 15372694,
            "name": "부영식당",
            "final_score": 0.2778,
            "distance_from_center": 1.15
          },
          {
            "id": 1497296016,
            "name": "북강릉진국설렁탕",
            "final_score": 0.4358,
            "distance_from_center": 1.27
          },
          {
            "id": 15372688,
            "name": "연곡이모네",
            "final_score": 0.4545,
            "distance_from_center": 1.28
          },
          {
            "id": 1316825170,
            "name": "믿음식당",
            "final_score": 0.4087,
            "distance_from_center": 1.3
          },
          {
            "id": 15373710,
            "name": "연곡면옥",
            "final_score": 0.1338,
            "distance_from_center": 1.41
          },
          {
            "id": 15360393,
            "name": "현자네해물촌",
            "final_score": 0.2186,
            "distance_from_center": 1.45
          },
          {
            "id": 1691801657,
            "name": "참고맙소",
            "final_score": 0.3201,
            "distance_from_center": 1.46
          },
          {
            "id": 15372699,
            "name": "금강식당",
            "final_score": 0.2247,
            "distance_from_center": 1.51
          },
          {
            "id": 15372721,
            "name": "본가동해막국수",
            "final_score": 0.3296,
            "distance_from_center": 1.63
          }
        ],
        "Attraction": [
          {
            "id": 13491150,
            "name": "영진해변",
            "final_score": 0.1309,
            "distance_from_center": 0.1
          },
          {
            "id": 20054445,
            "name": "영진항",
            "final_score": 0.113,
            "distance_from_center": 0.14
          },
          {
            "id": 13444336,
            "name": "연곡해변",
            "final_score": 0.1857,
            "distance_from_center": 1.04
          },
          {
            "id": 13490946,
            "name": "주문진항",
            "final_score": 0.3283,
            "distance_from_center": 2.61
          },
          {
            "id": 1848252796,
            "name": "강릉아기동물농장",
            "final_score": 0.2354,
            "distance_from_center": 2.75
          },
          {
            "id": 1600054868,
            "name": "해피아워크루즈",
            "final_score": 0.0594,
            "distance_from_center": 2.85
          },
          {
            "id": 34818378,
            "name": "주문진해양박물관",
            "final_score": 0.0788,
            "distance_from_center": 3.0
          },
          {
            "id": 1261782152,
            "name": "호린파크(경포대허브농장)",
            "final_score": 0.1359,
            "distance_from_center": 3.12
          },
          {
            "id": 20059236,
            "name": "주문리마을",
            "final_score": 0.3106,
            "distance_from_center": 3.23
          },
          {
            "id": 1800696554,
            "name": "하평해변(강릉)",
            "final_score": 0.2958,
            "distance_from_center": 3.36
          },
          {
            "id": 20054507,
            "name": "주문진 등대",
            "final_score": 0.1249,
            "distance_from_center": 3.46
          },
          {
            "id": 1117620826,
            "name": "뒷뜨루관광농원",
            "final_score": 0.1861,
            "distance_from_center": 3.74
          },
          {
            "id": 15704900,
            "name": "사천진해변(사천뒷불해수욕장)",
            "final_score": 0.1801,
            "distance_from_center": 3.92
          },
          {
            "id": 19501415,
            "name": "소돌아들바위공원",
            "final_score": 0.0586,
            "distance_from_center": 4.46
          },
          {
            "id": 13491657,
            "name": "소돌해수욕장",
            "final_score": 0.139,
            "distance_from_center": 4.56
          }
        ]
      }
    }
  ]
}