{
  "user_id": "U0291",
  "start_date": "2025-09-28",
  "start_weekday": "일",
  "duration_days": 1,
  "budget": 200000,
  "num_clusters": 1,
  "clustering_method": "greedy_score_based_with_store_hours",
  "seed_strategy": "highest_score_only",
  "max_cluster_radius_km": 6,
  "min_places_per_category": 7,
  "places_per_category": 15,
  "Accommodation": null,
  "clusters": [
    {
      "cluster_id": 0,
      "date": "2025-09-28",
      "weekday": "일",
      "seed_category": "Cafe",
      "seed_place": {
        "id": 33021650,
        "name": "스타벅스 강릉안목해변점",
        "final_score": 0.5541
      },
      "center_lat": 37.771379,
      "center_lng": 128.948736,
      "categories": {
        "Cafe": [
          {
            "id": 33021650,
            "name": "스타벅스 강릉안목해변점",
            "final_score": 0.5541,
            "distance_from_center": 0.0
          },
          {
            "id": 1267158607,
            "name": "성수미술관 강릉안목점",
            "final_score": 0.2801,
            "distance_from_center": 0.02
          },
          {
            "id": 15692078,
            "name": "카페알베로",
            "final_score": 0.2146,
            "distance_from_center": 0.03
          },
          {
            "id": 1557387521,
            "name": "할리스 강릉안목해변점",
            "final_score": 0.2454,
            "distance_from_center": 0.05
          },
          {
            "id": 36399670,
            "name": "키크러스 강릉점",
            "final_score": 0.373,
            "distance_from_center": 0.07
          },
          {
            "id": 38520417,
            "name": "커피 아메리카 강릉점",
            "final_score": 0.2694,
            "distance_from_center": 0.07
          },
          {
            "id": 20585367,
            "name": "카페베네 안목점",
            "final_score": 0.2078,
            "distance_from_center": 0.11
          },
          {
            "id": 1894965701,
            "name": "로지커피",
            "final_score": 0.3799,
            "distance_from_center": 0.13
          },
          {
            "id": 19823055,
            "name": "산토리니커피",
            "final_score": 0.1436,
            "distance_from_center": 0.14
          },
          {
            "id": 34203501,
            "name": "에이엠브레드앤커피",
            "final_score": 0.393,
            "distance_from_center": 0.15
          },
          {
            "id": 1220981140,
            "name": "정남미명과 강릉본점",
            "final_score": 0.1939,
            "distance_from_center": 0.16
          },
          {
            "id": 1933690279,
            "name": "미르마르",
            "final_score": 0.3013,
            "distance_from_center": 0.18
          },
          {
            "id": 11887822,
            "name": "커피커퍼 안목점",
            "final_score": 0.2353,
            "distance_from_center": 0.19
          },
          {
            "id": 499938650,
            "name": "카페 뤼미에르",
            "final_score": 0.0977,
            "distance_from_center": 0.21
          },
          {
            "id": 1019503112,
            "name": "강릉샌드 안목해변점",
            "final_score": 0.2464,
            "distance_from_center": 0.26
          }
        ],
        "Restaurant": [
          {
            "id": 1182217392,
            "name": "페리페리버거 강릉안목해변점",
            "final_score": 0.2765,
            "distance_from_center": 0.02
          },
          {
            "id": 1084805019,
            "name": "미역국 전문점 안목애",
            "final_score": 0.0441,
            "distance_from_center": 0.06
          },
          {
            "id": 1165823672,
            "name": "안목해변 술집 문문",
            "final_score": 0.1991,
            "distance_from_center": 0.14
          },
          {
            "id": 1613946855,
            "name": "명문",
            "final_score": 0.4521,
            "distance_from_center": 0.25
          },
          {
            "id": 1991602969,
            "name": "솔향",
            "final_score": 0.4355,
            "distance_from_center": 0.25
          },
          {
            "id": 38268032,
            "name": "버거웍스",
            "final_score": 0.2154,
            "distance_from_center": 0.27
          },
          {
            "id": 12912326,
            "name": "형제매운양푼갈비",
            "final_score": 0.1215,
            "distance_from_center": 0.34
          },
          {
            "id": 1261122567,
            "name": "안목항물회",
            "final_score": 0.3648,
            "distance_from_center": 0.37
          },
          {
            "id": 1929924200,
            "name": "강릉역옹막 안목점",
            "final_score": 0.2686,
            "distance_from_center": 0.42
          },
          {
            "id": 1582249955,
            "name": "브라보칼국수 강릉본점",
            "final_score": 0.2916,
            "distance_from_center": 0.5
          },
          {
            "id": 15349681,
            "name": "남항진어촌식당",
            "final_score": 0.2819,
            "distance_from_center": 0.54
          },
          {
            "id": 20948060,
            "name": "남항진순대국밥",
            "final_score": 0.2312,
            "distance_from_center": 0.76
          },
          {
            "id": 15349625,
            "name": "아라담횟집",
            "final_score": 0.4652,
            "distance_from_center": 0.79
          },
          {
            "id": 1690518281,
            "name": "평진냉면",
            "final_score": 0.306,
            "distance_from_center": 0.85
          },
          {
            "id": 1770360235,
            "name": "찐전집",
            "final_score": 0.1127,
            "distance_from_center": 0.87
          }
        ],
        "Attraction": [
          {
            "id": 13491906,
            "name": "안목해변",
            "final_score": 0.2944,
            "distance_from_center": 0.19
          },
          {
            "id": 20947876,
            "name": "강릉커피거리",
            "final_score": 0.2373,
            "distance_from_center": 0.19
          },
          {
            "id": 15692195,
            "name": "강릉항",
            "final_score": 0.1101,
            "distance_from_center": 0.26
          },
          {
            "id": 939463951,
            "name": "강릉 안목해맞이공원",
            "final_score": 0.3683,
            "distance_from_center": 0.46
          },
          {
            "id": 32268465,
            "name": "환희컵박물관",
            "final_score": 0.1379,
            "distance_from_center": 0.6
          },
          {
            "id": 13491444,
            "name": "남항진해변",
            "final_score": 0.2586,
            "distance_from_center": 0.95
          },
          {
            "id": 1243747688,
            "name": "병산 옹심이마을",
            "final_score": 0.1947,
            "distance_from_center": 1.15
          },
          {
            "id": 20065935,
            "name": "송정해변",
            "final_score": 0.1797,
            "distance_from_center": 1.41
          },
          {
            "id": 1112785467,
            "name": "런닝맨 강릉점",
            "final_score": 0.086,
            "distance_from_center": 3.25
          },
          {
            "id": 13126966,
            "name": "풍호마을",
            "final_score": 0.1282,
            "distance_from_center": 3.68
          },
          {
            "id": 13491183,
            "name": "강문해변",
            "final_score": 0.1451,
            "distance_from_center": 3.69
          },
          {
            "id": 1542622512,
            "name": "원더스카이",
            "final_score": 0.0033,
            "distance_from_center": 3.86
          },
          {
            "id": 31506191,
            "name": "초당순두부마을",
            "final_score": 0.149,
            "distance_from_center": 3.89
          },
          {
            "id": 1130774967,
            "name": "허균·허난설헌 기념공원",
            "final_score": 0.2537,
            "distance_from_center": 4.11
          },
          {
            "id": 20066218,
            "name": "허난설헌 생가터",
            "final_score": 0.1971,
            "distance_from_center": 4.12
          }
        ]
      }
    }
  ]
}