{
  "user_id": "U0296",
  "start_date": "2025-04-30",
  "start_weekday": "수",
  "duration_days": 1,
  "budget": 200000,
  "num_clusters": 1,
  "clustering_method": "greedy_score_based_with_store_hours",
  "seed_strategy": "highest_score_only",
  "max_cluster_radius_km": 6,
  "min_places_per_category": 7,
  "places_per_category": 15,
  "Accommodation": null,
  "clusters": [
    {
      "cluster_id": 0,
      "date": "2025-04-30",
      "weekday": "수",
      "seed_category": "Restaurant",
      "seed_place": {
        "id": 1154907883,
        "name": "보리향기",
        "final_score": 0.5286
      },
      "center_lat": 37.717077,
      "center_lng": 128.831841,
      "categories": {
        "Cafe": [
          {
            "id": 1056262384,
            "name": "카페 화조월석",
            "final_score": 0.4876,
            "distance_from_center": 0.08
          },
          {
            "id": 34537489,
            "name": "과객",
            "final_score": 0.4491,
            "distance_from_center": 2.15
          },
          {
            "id": 15299378,
            "name": "포모도로",
            "final_score": 0.2128,
            "distance_from_center": 2.89
          },
          {
            "id": 1761686436,
            "name": "카페 마눌",
            "final_score": 0.4034,
            "distance_from_center": 3.07
          },
          {
            "id": 1926050460,
            "name": "디코이덕",
            "final_score": 0.3112,
            "distance_from_center": 3.51
          },
          {
            "id": 19900143,
            "name": "라몬타냐",
            "final_score": 0.2931,
            "distance_from_center": 3.98
          },
          {
            "id": 1024529564,
            "name": "오브리에타",
            "final_score": 0.4436,
            "distance_from_center": 4.13
          },
          {
            "id": 1106082140,
            "name": "아이즈 로스터리 홍제동 본점",
            "final_score": 0.4076,
            "distance_from_center": 4.62
          },
          {
            "id": 1174448798,
            "name": "스타벅스 강릉IC DT점",
            "final_score": 0.4101,
            "distance_from_center": 4.86
          },
          {
            "id": 2012122325,
            "name": "루모",
            "final_score": 0.4213,
            "distance_from_center": 4.86
          },
          {
            "id": 2067021446,
            "name": "떡이네",
            "final_score": 0.4504,
            "distance_from_center": 5.0
          },
          {
            "id": 1633456108,
            "name": "투썸플레이스 유천지구점",
            "final_score": 0.2865,
            "distance_from_center": 5.3
          },
          {
            "id": 1546169801,
            "name": "강릉그림카페",
            "final_score": 0.2634,
            "distance_from_center": 5.32
          },
          {
            "id": 263503029,
            "name": "어썸",
            "final_score": 0.4262,
            "distance_from_center": 5.52
          },
          {
            "id": 1750727150,
            "name": "미미케이크",
            "final_score": 0.3508,
            "distance_from_center": 5.68
          }
        ],
        "Restaurant": [
          {
            "id": 1154907883,
            "name": "보리향기",
            "final_score": 0.5286,
            "distance_from_center": 0.0
          },
          {
            "id": 1478745700,
            "name": "성산감자전",
            "final_score": 0.3899,
            "distance_from_center": 0.0
          },
          {
            "id": 15364541,
            "name": "옛카네이션집",
            "final_score": 0.2814,
            "distance_from_center": 0.09
          },
          {
            "id": 1194649037,
            "name": "성산밥집",
            "final_score": 0.219,
            "distance_from_center": 0.11
          },
          {
            "id": 15306959,
            "name": "성산토속가든",
            "final_score": 0.1075,
            "distance_from_center": 0.14
          },
          {
            "id": 15364381,
            "name": "미향식당",
            "final_score": 0.2727,
            "distance_from_center": 0.26
          },
          {
            "id": 11857534,
            "name": "옛카나리아",
            "final_score": 0.3083,
            "distance_from_center": 0.32
          },
          {
            "id": 11860452,
            "name": "청기와",
            "final_score": 0.383,
            "distance_from_center": 0.36
          },
          {
            "id": 15364392,
            "name": "산촌",
            "final_score": 0.4065,
            "distance_from_center": 0.44
          },
          {
            "id": 13051175,
            "name": "성산옛집",
            "final_score": 0.2984,
            "distance_from_center": 0.46
          },
          {
            "id": 1307856893,
            "name": "준호네 정원",
            "final_score": 0.4265,
            "distance_from_center": 0.47
          },
          {
            "id": 15365261,
            "name": "버당말메기촌",
            "final_score": 0.4178,
            "distance_from_center": 0.48
          },
          {
            "id": 436974851,
            "name": "곱창전골명가도계물닭갈비",
            "final_score": 0.4487,
            "distance_from_center": 0.49
          },
          {
            "id": 1925143603,
            "name": "성산설렁탕",
            "final_score": 0.0,
            "distance_from_center": 0.51
          },
          {
            "id": 1449236862,
            "name": "오채연",
            "final_score": 0.433,
            "distance_from_center": 0.65
          }
        ],
        "Attraction": [
          {
            "id": 13491494,
            "name": "남대천",
            "final_score": 0.1134,
            "distance_from_center": 0.58
          },
          {
            "id": 20107994,
            "name": "대관령박물관",
            "final_score": 0.3791,
            "distance_from_center": 2.45
          },
          {
            "id": 269545324,
            "name": "국립대관령치유의숲",
            "final_score": 0.2683,
            "distance_from_center": 3.05
          },
          {
            "id": 19564244,
            "name": "강릉 솔향수목원",
            "final_score": 0.225,
            "distance_from_center": 3.39
          },
          {
            "id": 11491009,
            "name": "국립대관령자연휴양림",
            "final_score": 0.2813,
            "distance_from_center": 3.64
          },
          {
            "id": 15699373,
            "name": "신사임당사친시비",
            "final_score": 0.2987,
            "distance_from_center": 3.64
          },
          {
            "id": 1412053208,
            "name": "처음처럼&새로 브랜드 체험관",
            "final_score": 0.2018,
            "distance_from_center": 4.22
          },
          {
            "id": 37081677,
            "name": "수상한마법학교",
            "final_score": 0.1547,
            "distance_from_center": 4.42
          },
          {
            "id": 15700020,
            "name": "제왕산",
            "final_score": 0.1218,
            "distance_from_center": 4.57
          },
          {
            "id": 37090227,
            "name": "버드나무 브루어리",
            "final_score": 0.2942,
            "distance_from_center": 5.78
          },
          {
            "id": 11535675,
            "name": "강릉문화원",
            "final_score": 0.1703,
            "distance_from_center": 5.93
          }
        ]
      }
    }
  ]
}