{
  "user_id": "U0312",
  "start_date": "2025-02-25",
  "start_weekday": "화",
  "duration_days": 2,
  "budget": 400000,
  "num_clusters": 2,
  "clustering_method": "greedy_score_based_with_store_hours",
  "seed_strategy": "highest_score_only",
  "max_cluster_radius_km": 6,
  "min_places_per_category": 7,
  "places_per_category": 15,
  "Accommodation": 10060041,
  "clusters": [
    {
      "cluster_id": 0,
      "date": "2025-02-25",
      "weekday": "화",
      "seed_category": "Restaurant",
      "seed_place": {
        "id": 1453215530,
        "name": "조부자매운순대가 강릉점",
        "final_score": 0.5143
      },
      "center_lat": 37.742274,
      "center_lng": 128.881521,
      "categories": {
        "Cafe": [
          {
            "id": 2067021446,
            "name": "떡이네",
            "final_score": 0.3414,
            "distance_from_center": 0.2
          },
          {
            "id": 2012122325,
            "name": "루모",
            "final_score": 0.3433,
            "distance_from_center": 0.35
          },
          {
            "id": 1750727150,
            "name": "미미케이크",
            "final_score": 0.3486,
            "distance_from_center": 0.74
          },
          {
            "id": 1174448798,
            "name": "스타벅스 강릉IC DT점",
            "final_score": 0.3245,
            "distance_from_center": 0.95
          },
          {
            "id": 1081008717,
            "name": "홍제멘션 강릉 본점",
            "final_score": 0.3129,
            "distance_from_center": 0.97
          },
          {
            "id": 1026225860,
            "name": "새바람이오는그늘",
            "final_score": 0.37,
            "distance_from_center": 1.15
          },
          {
            "id": 1275789425,
            "name": "봄",
            "final_score": 0.3442,
            "distance_from_center": 1.24
          },
          {
            "id": 19900143,
            "name": "라몬타냐",
            "final_score": 0.2841,
            "distance_from_center": 1.25
          },
          {
            "id": 1104085754,
            "name": "aie",
            "final_score": 0.2676,
            "distance_from_center": 1.34
          },
          {
            "id": 2031533892,
            "name": "글루크",
            "final_score": 0.2854,
            "distance_from_center": 1.38
          },
          {
            "id": 13320528,
            "name": "명주배롱",
            "final_score": 0.1874,
            "distance_from_center": 1.38
          },
          {
            "id": 1325516945,
            "name": "카페 오뉴월",
            "final_score": 0.26,
            "distance_from_center": 1.39
          },
          {
            "id": 1426647455,
            "name": "파인파인 강릉점",
            "final_score": 0.3062,
            "distance_from_center": 1.4
          },
          {
            "id": 1500318606,
            "name": "버떠",
            "final_score": 0.3805,
            "distance_from_center": 1.52
          },
          {
            "id": 1232320005,
            "name": "카페 객사문",
            "final_score": 0.2339,
            "distance_from_center": 1.53
          }
        ],
        "Restaurant": [
          {
            "id": 1453215530,
            "name": "조부자매운순대가 강릉점",
            "final_score": 0.5143,
            "distance_from_center": 0.0
          },
          {
            "id": 54650219,
            "name": "미림헌",
            "final_score": 0.3048,
            "distance_from_center": 0.0
          },
          {
            "id": 1319180683,
            "name": "바닮참치&연어",
            "final_score": 0.1991,
            "distance_from_center": 0.08
          },
          {
            "id": 1221051877,
            "name": "성수족발",
            "final_score": 0.3553,
            "distance_from_center": 0.09
          },
          {
            "id": 1757070641,
            "name": "양마니명동찌개마을 내곡점",
            "final_score": 0.3903,
            "distance_from_center": 0.11
          },
          {
            "id": 1380888385,
            "name": "얌샘김밥 강릉내곡점",
            "final_score": 0.2313,
            "distance_from_center": 0.12
          },
          {
            "id": 1302280920,
            "name": "채선당 자연한가득 강릉내곡점",
            "final_score": 0.3906,
            "distance_from_center": 0.12
          },
          {
            "id": 1982635458,
            "name": "어부네코다리조림 강릉내곡점",
            "final_score": 0.3238,
            "distance_from_center": 0.12
          },
          {
            "id": 1344917614,
            "name": "강릉홍가네옹심이",
            "final_score": 0.3495,
            "distance_from_center": 0.12
          },
          {
            "id": 1246457673,
            "name": "나마참치",
            "final_score": 0.3358,
            "distance_from_center": 0.17
          },
          {
            "id": 1718999270,
            "name": "킹콩부대찌개 내곡점",
            "final_score": 0.3781,
            "distance_from_center": 0.19
          },
          {
            "id": 37628157,
            "name": "동일장칼국수 내곡점",
            "final_score": 0.2397,
            "distance_from_center": 0.2
          },
          {
            "id": 1565348057,
            "name": "솔향한우곰탕",
            "final_score": 0.4062,
            "distance_from_center": 0.21
          },
          {
            "id": 31267215,
            "name": "강릉뚝배기",
            "final_score": 0.288,
            "distance_from_center": 0.23
          },
          {
            "id": 37470653,
            "name": "청주본가 강릉점",
            "final_score": 0.3384,
            "distance_from_center": 0.24
          }
        ],
        "Attraction": [
          {
            "id": 37090227,
            "name": "버드나무 브루어리",
            "final_score": 0.2481,
            "distance_from_center": 0.72
          },
          {
            "id": 1412053208,
            "name": "처음처럼&새로 브랜드 체험관",
            "final_score": 0.1232,
            "distance_from_center": 1.09
          },
          {
            "id": 38623679,
            "name": "명주예술마당",
            "final_score": 0.2184,
            "distance_from_center": 1.19
          },
          {
            "id": 15693581,
            "name": "강릉 남산공원",
            "final_score": 0.0429,
            "distance_from_center": 1.23
          },
          {
            "id": 37081677,
            "name": "수상한마법학교",
            "final_score": 0.1455,
            "distance_from_center": 1.33
          },
          {
            "id": 12955259,
            "name": "단오타운전시관",
            "final_score": 0.1529,
            "distance_from_center": 1.36
          },
          {
            "id": 1249952785,
            "name": "강릉 명주동 거리",
            "final_score": 0.3711,
            "distance_from_center": 1.39
          },
          {
            "id": 749351147,
            "name": "강릉 임영관 삼문",
            "final_score": 0.0453,
            "distance_from_center": 1.51
          },
          {
            "id": 15685783,
            "name": "강릉 대도호부 관아",
            "final_score": 0.1373,
            "distance_from_center": 1.54
          },
          {
            "id": 35188457,
            "name": "애니멀스토리",
            "final_score": 0.1886,
            "distance_from_center": 1.54
          },
          {
            "id": 13345877,
            "name": "강릉 서부시장",
            "final_score": 0.1152,
            "distance_from_center": 1.64
          },
          {
            "id": 11592129,
            "name": "강릉교육문화관",
            "final_score": 0.1367,
            "distance_from_center": 1.67
          },
          {
            "id": 2062786512,
            "name": "강릉시립미술관 솔올",
            "final_score": 0.1752,
            "distance_from_center": 1.86
          },
          {
            "id": 11535675,
            "name": "강릉문화원",
            "final_score": 0.2673,
            "distance_from_center": 1.96
          },
          {
            "id": 13345873,
            "name": "강릉 중앙시장",
            "final_score": 0.2131,
            "distance_from_center": 1.99
          }
        ]
      }
    },
    {
      "cluster_id": 1,
      "date": "2025-02-26",
      "weekday": "수",
      "seed_category": "Restaurant",
      "seed_place": {
        "id": 35828643,
        "name": "초당송도불향쭈꾸미 본점",
        "final_score": 0.5181
      },
      "center_lat": 37.788257,
      "center_lng": 128.91393,
      "categories": {
        "Cafe": [
          {
            "id": 1209837360,
            "name": "초당고래로스팅카페",
            "final_score": 0.3421,
            "distance_from_center": 0.05
          },
          {
            "id": 1621771668,
            "name": "카페 초당순 강릉본점",
            "final_score": 0.3138,
            "distance_from_center": 0.05
          },
          {
            "id": 1974801379,
            "name": "카페콥스",
            "final_score": 0.1818,
            "distance_from_center": 0.05
          },
          {
            "id": 1405929814,
            "name": "초당커피정미소 본점",
            "final_score": 0.2534,
            "distance_from_center": 0.11
          },
          {
            "id": 1834719170,
            "name": "초당소금빵",
            "final_score": 0.1634,
            "distance_from_center": 0.14
          },
          {
            "id": 1959930841,
            "name": "강릉 미어지게",
            "final_score": 0.2733,
            "distance_from_center": 0.15
          },
          {
            "id": 1794472949,
            "name": "에브리모먼트커피",
            "final_score": 0.2145,
            "distance_from_center": 0.23
          },
          {
            "id": 1994587010,
            "name": "말차로",
            "final_score": 0.2326,
            "distance_from_center": 0.3
          },
          {
            "id": 1037671264,
            "name": "카페동화",
            "final_score": 0.2596,
            "distance_from_center": 0.33
          },
          {
            "id": 1492455872,
            "name": "카페기와",
            "final_score": 0.2435,
            "distance_from_center": 0.33
          },
          {
            "id": 1046848158,
            "name": "초당커피",
            "final_score": 0.3425,
            "distance_from_center": 0.36
          },
          {
            "id": 1995634579,
            "name": "강릉 초당찰떡",
            "final_score": 0.3308,
            "distance_from_center": 0.36
          },
          {
            "id": 1195768568,
            "name": "플레이스 플러스",
            "final_score": 0.3175,
            "distance_from_center": 0.38
          },
          {
            "id": 1265990790,
            "name": "애프터 이미지",
            "final_score": 0.2785,
            "distance_from_center": 0.41
          },
          {
            "id": 1087262116,
            "name": "강원옥 찹쌀떡",
            "final_score": 0.3298,
            "distance_from_center": 0.42
          }
        ],
        "Restaurant": [
          {
            "id": 35828643,
            "name": "초당송도불향쭈꾸미 본점",
            "final_score": 0.5181,
            "distance_from_center": 0.0
          },
          {
            "id": 33152153,
            "name": "초당토박이할머니순두부",
            "final_score": 0.2204,
            "distance_from_center": 0.04
          },
          {
            "id": 2094272054,
            "name": "강릉짬뽕순두부마법사",
            "final_score": 0.3678,
            "distance_from_center": 0.05
          },
          {
            "id": 1632217656,
            "name": "메시56",
            "final_score": 0.3108,
            "distance_from_center": 0.06
          },
          {
            "id": 1265044520,
            "name": "그옛날초당순두부",
            "final_score": 0.2776,
            "distance_from_center": 0.06
          },
          {
            "id": 1653763172,
            "name": "뉴솔향초당순두부",
            "final_score": 0.2252,
            "distance_from_center": 0.16
          },
          {
            "id": 1453209507,
            "name": "산마루황태촌 초당직영점",
            "final_score": 0.3924,
            "distance_from_center": 0.17
          },
          {
            "id": 1292073957,
            "name": "초당명가 짬뽕순두부",
            "final_score": 0.3846,
            "distance_from_center": 0.19
          },
          {
            "id": 1359335955,
            "name": "초당민들레",
            "final_score": 0.3639,
            "distance_from_center": 0.19
          },
          {
            "id": 1951460203,
            "name": "은대봉",
            "final_score": 0.1858,
            "distance_from_center": 0.2
          },
          {
            "id": 37698425,
            "name": "메밀향기",
            "final_score": 0.2719,
            "distance_from_center": 0.21
          },
          {
            "id": 631054551,
            "name": "강릉 낭만게장&백숙",
            "final_score": 0.396,
            "distance_from_center": 0.24
          },
          {
            "id": 32039146,
            "name": "부일손칼국수",
            "final_score": 0.1845,
            "distance_from_center": 0.26
          },
          {
            "id": 1042880745,
            "name": "초당가국수",
            "final_score": 0.4112,
            "distance_from_center": 0.27
          },
          {
            "id": 13052149,
            "name": "정은숙초당순두부",
            "final_score": 0.3832,
            "distance_from_center": 0.32
          }
        ],
        "Attraction": [
          {
            "id": 1130774967,
            "name": "허균·허난설헌 기념공원",
            "final_score": 0.1525,
            "distance_from_center": 0.54
          },
          {
            "id": 20066218,
            "name": "허난설헌 생가터",
            "final_score": 0.1803,
            "distance_from_center": 0.55
          },
          {
            "id": 1090555407,
            "name": "아르떼뮤지엄 강릉",
            "final_score": 0.0496,
            "distance_from_center": 0.57
          },
          {
            "id": 37434460,
            "name": "경포 아쿠아리움",
            "final_score": 0.0635,
            "distance_from_center": 0.57
          },
          {
            "id": 1542622512,
            "name": "원더스카이",
            "final_score": 0.0933,
            "distance_from_center": 0.64
          },
          {
            "id": 1881857549,
            "name": "강릉 메타버스 체험관",
            "final_score": 0.1295,
            "distance_from_center": 0.65
          },
          {
            "id": 31506191,
            "name": "초당순두부마을",
            "final_score": 0.2865,
            "distance_from_center": 0.71
          },
          {
            "id": 1112785467,
            "name": "런닝맨 강릉점",
            "final_score": 0.155,
            "distance_from_center": 0.74
          },
          {
            "id": 13491183,
            "name": "강문해변",
            "final_score": 0.0965,
            "distance_from_center": 0.86
          },
          {
            "id": 32777223,
            "name": "자연아놀자 체험학습박물관",
            "final_score": 0.0522,
            "distance_from_center": 0.95
          },
          {
            "id": 472414455,
            "name": "경포호수광장",
            "final_score": 0.0509,
            "distance_from_center": 1.13
          },
          {
            "id": 1940124735,
            "name": "강문솟대다리",
            "final_score": 0.1576,
            "distance_from_center": 1.15
          },
          {
            "id": 1063021154,
            "name": "경포플라워가든",
            "final_score": 0.1091,
            "distance_from_center": 1.18
          },
          {
            "id": 31044854,
            "name": "경포가시연습지",
            "final_score": 0.1713,
            "distance_from_center": 1.35
          },
          {
            "id": 13300191,
            "name": "경포도립공원",
            "final_score": 0.1225,
            "distance_from_center": 1.65
          }
        ]
      }
    }
  ]
}