{
  "user_id": "U0318",
  "start_date": "2025-12-10",
  "start_weekday": "수",
  "duration_days": 2,
  "budget": 300000,
  "num_clusters": 2,
  "clustering_method": "greedy_score_based_with_store_hours",
  "seed_strategy": "highest_score_only",
  "max_cluster_radius_km": 6,
  "min_places_per_category": 7,
  "places_per_category": 15,
  "Accommodation": 3004935,
  "clusters": [
    {
      "cluster_id": 0,
      "date": "2025-12-10",
      "weekday": "수",
      "seed_category": "Restaurant",
      "seed_place": {
        "id": 15373850,
        "name": "연곡보리밥집",
        "final_score": 0.5508
      },
      "center_lat": 37.853928,
      "center_lng": 128.813997,
      "categories": {
        "Cafe": [
          {
            "id": 11682971,
            "name": "보헤미안박이추커피본점",
            "final_score": 0.3625,
            "distance_from_center": 2.77
          },
          {
            "id": 1876301121,
            "name": "포르토포레스트하우스",
            "final_score": 0.5231,
            "distance_from_center": 3.1
          },
          {
            "id": 1009179914,
            "name": "갈매기다방",
            "final_score": 0.4363,
            "distance_from_center": 3.13
          },
          {
            "id": 1839133695,
            "name": "빵을쇼핑하다빵명가치아바타CIABATTA",
            "final_score": 0.2995,
            "distance_from_center": 3.19
          },
          {
            "id": 15373350,
            "name": "브라질",
            "final_score": 0.3855,
            "distance_from_center": 3.25
          },
          {
            "id": 1900553385,
            "name": "바우카페",
            "final_score": 0.3838,
            "distance_from_center": 3.27
          },
          {
            "id": 1249217189,
            "name": "오드커피",
            "final_score": 0.3657,
            "distance_from_center": 3.29
          },
          {
            "id": 1147229173,
            "name": "도깨비젤라또",
            "final_score": 0.2656,
            "distance_from_center": 3.33
          },
          {
            "id": 1169844332,
            "name": "스타벅스 강릉주문진점",
            "final_score": 0.3282,
            "distance_from_center": 3.4
          },
          {
            "id": 1777557364,
            "name": "크림하우스",
            "final_score": 0.3897,
            "distance_from_center": 4.14
          },
          {
            "id": 1266299794,
            "name": "해옫 강릉",
            "final_score": 0.4723,
            "distance_from_center": 4.47
          },
          {
            "id": 2017141901,
            "name": "에브리데이크",
            "final_score": 0.409,
            "distance_from_center": 4.77
          },
          {
            "id": 1543529590,
            "name": "카페제니엘 주문진점",
            "final_score": 0.4037,
            "distance_from_center": 4.82
          },
          {
            "id": 1543529590,
            "name": "카페제니엘 주문진점",
            "final_score": 0.4037,
            "distance_from_center": 4.82
          },
          {
            "id": 1396977535,
            "name": "소돌엔 등대점",
            "final_score": 0.2864,
            "distance_from_center": 5.15
          }
        ],
        "Restaurant": [
          {
            "id": 15373850,
            "name": "연곡보리밥집",
            "final_score": 0.5508,
            "distance_from_center": 0.0
          },
          {
            "id": 15373932,
            "name": "진고개냉면",
            "final_score": 0.3853,
            "distance_from_center": 0.34
          },
          {
            "id": 1108423897,
            "name": "연곡유정오리",
            "final_score": 0.3506,
            "distance_from_center": 1.63
          },
          {
            "id": 11716683,
            "name": "연곡꾹저구탕",
            "final_score": 0.3477,
            "distance_from_center": 1.65
          },
          {
            "id": 15372721,
            "name": "본가동해막국수",
            "final_score": 0.4458,
            "distance_from_center": 1.67
          },
          {
            "id": 1232579386,
            "name": "소금강추어탕",
            "final_score": 0.4797,
            "distance_from_center": 1.73
          },
          {
            "id": 15372699,
            "name": "금강식당",
            "final_score": 0.4118,
            "distance_from_center": 1.82
          },
          {
            "id": 1316825170,
            "name": "믿음식당",
            "final_score": 0.4738,
            "distance_from_center": 2.08
          },
          {
            "id": 15372688,
            "name": "연곡이모네",
            "final_score": 0.5183,
            "distance_from_center": 2.12
          },
          {
            "id": 1497296016,
            "name": "북강릉진국설렁탕",
            "final_score": 0.4923,
            "distance_from_center": 2.16
          },
          {
            "id": 11830090,
            "name": "초시막국수",
            "final_score": 0.4355,
            "distance_from_center": 2.21
          },
          {
            "id": 15372694,
            "name": "부영식당",
            "final_score": 0.4168,
            "distance_from_center": 2.23
          },
          {
            "id": 1691801657,
            "name": "참고맙소",
            "final_score": 0.4505,
            "distance_from_center": 2.43
          },
          {
            "id": 15373710,
            "name": "연곡면옥",
            "final_score": 0.1877,
            "distance_from_center": 2.58
          },
          {
            "id": 15705872,
            "name": "홍질목",
            "final_score": 0.3962,
            "distance_from_center": 2.72
          }
        ],
        "Attraction": [
          {
            "id": 1117620826,
            "name": "뒷뜨루관광농원",
            "final_score": 0.2161,
            "distance_from_center": 2.89
          },
          {
            "id": 13491150,
            "name": "영진해변",
            "final_score": 0.1564,
            "distance_from_center": 3.22
          },
          {
            "id": 20054445,
            "name": "영진항",
            "final_score": 0.1894,
            "distance_from_center": 3.32
          },
          {
            "id": 13444336,
            "name": "연곡해변",
            "final_score": 0.204,
            "distance_from_center": 3.41
          },
          {
            "id": 13490946,
            "name": "주문진항",
            "final_score": 0.3749,
            "distance_from_center": 4.0
          },
          {
            "id": 15704484,
            "name": "갈골한과체험전시관",
            "final_score": 0.2127,
            "distance_from_center": 4.16
          },
          {
            "id": 1600054868,
            "name": "해피아워크루즈",
            "final_score": 0.1504,
            "distance_from_center": 4.17
          },
          {
            "id": 1848252796,
            "name": "강릉아기동물농장",
            "final_score": 0.2859,
            "distance_from_center": 4.22
          },
          {
            "id": 12390002,
            "name": "강릉 복사꽃마을",
            "final_score": 0.2657,
            "distance_from_center": 4.34
          },
          {
            "id": 34818378,
            "name": "주문진해양박물관",
            "final_score": 0.1768,
            "distance_from_center": 4.35
          },
          {
            "id": 20059236,
            "name": "주문리마을",
            "final_score": 0.3491,
            "distance_from_center": 4.48
          },
          {
            "id": 1261782152,
            "name": "호린파크(경포대허브농장)",
            "final_score": 0.1948,
            "distance_from_center": 4.66
          },
          {
            "id": 1800696554,
            "name": "하평해변(강릉)",
            "final_score": 0.3821,
            "distance_from_center": 5.11
          },
          {
            "id": 20054507,
            "name": "주문진 등대",
            "final_score": 0.1658,
            "distance_from_center": 5.17
          },
          {
            "id": 2145408639,
            "name": "강릉 방동리 무궁화",
            "final_score": 0.3641,
            "distance_from_center": 5.28
          }
        ]
      }
    },
    {
      "cluster_id": 1,
      "date": "2025-12-11",
      "weekday": "목",
      "seed_category": "Restaurant",
      "seed_place": {
        "id": 2096131729,
        "name": "바담냉면 강릉본점",
        "final_score": 0.5446
      },
      "center_lat": 37.801374,
      "center_lng": 128.911345,
      "categories": {
        "Cafe": [
          {
            "id": 1176434004,
            "name": "AURA Cafe&Lounge",
            "final_score": 0.4181,
            "distance_from_center": 0.32
          },
          {
            "id": 1083326838,
            "name": "씨엠디컴퍼니",
            "final_score": 0.3547,
            "distance_from_center": 0.68
          },
          {
            "id": 189619233,
            "name": "강릉커피빵 본점",
            "final_score": 0.2602,
            "distance_from_center": 0.73
          },
          {
            "id": 1497289783,
            "name": "꾸옥 GGUOK",
            "final_score": 0.2682,
            "distance_from_center": 0.73
          },
          {
            "id": 1763738753,
            "name": "마더커피 강문점",
            "final_score": 0.3751,
            "distance_from_center": 0.82
          },
          {
            "id": 1212033877,
            "name": "강릉샌드 초당점",
            "final_score": 0.4277,
            "distance_from_center": 0.83
          },
          {
            "id": 1103533977,
            "name": "허스크밀",
            "final_score": 0.3629,
            "distance_from_center": 0.83
          },
          {
            "id": 1709924447,
            "name": "롱블랙",
            "final_score": 0.4071,
            "distance_from_center": 0.86
          },
          {
            "id": 1869523471,
            "name": "강릉 조개빵 강릉본점",
            "final_score": 0.5004,
            "distance_from_center": 0.86
          },
          {
            "id": 1591483811,
            "name": "카페밀",
            "final_score": 0.3589,
            "distance_from_center": 0.91
          },
          {
            "id": 1625751111,
            "name": "커피커퍼박물관",
            "final_score": 0.4414,
            "distance_from_center": 0.92
          },
          {
            "id": 1639218638,
            "name": "덴켄",
            "final_score": 0.3602,
            "distance_from_center": 0.95
          },
          {
            "id": 2067971861,
            "name": "안초당",
            "final_score": 0.4855,
            "distance_from_center": 0.96
          },
          {
            "id": 1926085994,
            "name": "스타벅스 강릉강문해변점",
            "final_score": 0.334,
            "distance_from_center": 0.97
          },
          {
            "id": 998885728,
            "name": "카페 툇마루",
            "final_score": 0.3821,
            "distance_from_center": 0.99
          }
        ],
        "Restaurant": [
          {
            "id": 2096131729,
            "name": "바담냉면 강릉본점",
            "final_score": 0.5446,
            "distance_from_center": 0.0
          },
          {
            "id": 1717795976,
            "name": "강릉칼제비 강릉본점",
            "final_score": 0.4009,
            "distance_from_center": 0.0
          },
          {
            "id": 2098103072,
            "name": "만야수산 경포대본점",
            "final_score": 0.534,
            "distance_from_center": 0.0
          },
          {
            "id": 1815335754,
            "name": "오봉이해물칼국수 강릉본점",
            "final_score": 0.4124,
            "distance_from_center": 0.06
          },
          {
            "id": 1949567929,
            "name": "화니조개구이",
            "final_score": 0.4144,
            "distance_from_center": 0.06
          },
          {
            "id": 1635365791,
            "name": "팔도숯불조개구이",
            "final_score": 0.174,
            "distance_from_center": 0.06
          },
          {
            "id": 15328404,
            "name": "빛고을식당",
            "final_score": 0.4009,
            "distance_from_center": 0.17
          },
          {
            "id": 1391626004,
            "name": "설렘덩크",
            "final_score": 0.4101,
            "distance_from_center": 0.33
          },
          {
            "id": 1450217253,
            "name": "피비피샌드위치",
            "final_score": 0.3061,
            "distance_from_center": 0.44
          },
          {
            "id": 1491441649,
            "name": "BHC치킨 스카이베이경포호텔점",
            "final_score": 0.3421,
            "distance_from_center": 0.44
          },
          {
            "id": 1489310166,
            "name": "짬뽕 순두부 초당애",
            "final_score": 0.3801,
            "distance_from_center": 0.51
          },
          {
            "id": 19338559,
            "name": "경포전주식당",
            "final_score": 0.4083,
            "distance_from_center": 0.65
          },
          {
            "id": 15352518,
            "name": "경포삼성관",
            "final_score": 0.4511,
            "distance_from_center": 0.65
          },
          {
            "id": 1605560000,
            "name": "맛가득",
            "final_score": 0.4421,
            "distance_from_center": 0.65
          },
          {
            "id": 1190165195,
            "name": "소담낙지 강릉경포",
            "final_score": 0.2828,
            "distance_from_center": 0.68
          }
        ],
        "Attraction": [
          {
            "id": 13300191,
            "name": "경포도립공원",
            "final_score": 0.2266,
            "distance_from_center": 0.19
          },
          {
            "id": 1940124735,
            "name": "강문솟대다리",
            "final_score": 0.3211,
            "distance_from_center": 0.33
          },
          {
            "id": 472414455,
            "name": "경포호수광장",
            "final_score": 0.1372,
            "distance_from_center": 0.43
          },
          {
            "id": 1063021154,
            "name": "경포플라워가든",
            "final_score": 0.1555,
            "distance_from_center": 0.44
          },
          {
            "id": 12079976,
            "name": "경포해수욕장",
            "final_score": 0.3146,
            "distance_from_center": 0.6
          },
          {
            "id": 31506191,
            "name": "초당순두부마을",
            "final_score": 0.3138,
            "distance_from_center": 0.84
          },
          {
            "id": 1542622512,
            "name": "원더스카이",
            "final_score": 0.1737,
            "distance_from_center": 0.9
          },
          {
            "id": 13491183,
            "name": "강문해변",
            "final_score": 0.1977,
            "distance_from_center": 0.99
          },
          {
            "id": 20066218,
            "name": "허난설헌 생가터",
            "final_score": 0.2202,
            "distance_from_center": 1.06
          },
          {
            "id": 1130774967,
            "name": "허균·허난설헌 기념공원",
            "final_score": 0.2499,
            "distance_from_center": 1.07
          },
          {
            "id": 37434460,
            "name": "경포 아쿠아리움",
            "final_score": 0.0892,
            "distance_from_center": 1.29
          },
          {
            "id": 1090555407,
            "name": "아르떼뮤지엄 강릉",
            "final_score": 0.2302,
            "distance_from_center": 1.29
          },
          {
            "id": 12409858,
            "name": "참소리에디슨손성목영화박물관",
            "final_score": 0.1161,
            "distance_from_center": 1.3
          },
          {
            "id": 1112785467,
            "name": "런닝맨 강릉점",
            "final_score": 0.1892,
            "distance_from_center": 1.45
          },
          {
            "id": 13491109,
            "name": "경포호",
            "final_score": 0.079,
            "distance_from_center": 1.45
          }
        ]
      }
    }
  ]
}