{
  "user_id": "U0311",
  "start_date": "2025-09-29",
  "start_weekday": "월",
  "duration_days": 5,
  "budget": 1000000,
  "num_clusters": 5,
  "clustering_method": "greedy_score_based_with_store_hours",
  "seed_strategy": "highest_score_only",
  "max_cluster_radius_km": 6,
  "min_places_per_category": 7,
  "places_per_category": 15,
  "Accommodation": 10060041,
  "clusters": [
    {
      "cluster_id": 0,
      "date": "2025-09-29",
      "weekday": "월",
      "seed_category": "Restaurant",
      "seed_place": {
        "id": 15311333,
        "name": "강릉맛드린 순두부해장국&감자탕",
        "final_score": 0.588
      },
      "center_lat": 37.777364,
      "center_lng": 128.874707,
      "categories": {
        "Cafe": [
          {
            "id": 1683569661,
            "name": "디핑 초콜릿카페",
            "final_score": 0.4721,
            "distance_from_center": 0.73
          },
          {
            "id": 38274668,
            "name": "플레지르",
            "final_score": 0.3892,
            "distance_from_center": 0.8
          },
          {
            "id": 1623800311,
            "name": "멜로우밀",
            "final_score": 0.4361,
            "distance_from_center": 0.87
          },
          {
            "id": 1292591709,
            "name": "헝키도리커피바",
            "final_score": 0.4314,
            "distance_from_center": 0.89
          },
          {
            "id": 1625914520,
            "name": "사월의 모노웜",
            "final_score": 0.4313,
            "distance_from_center": 1.01
          },
          {
            "id": 1133303813,
            "name": "커피아워",
            "final_score": 0.3984,
            "distance_from_center": 1.07
          },
          {
            "id": 1843451871,
            "name": "투썸플레이스 강릉교동택지점",
            "final_score": 0.3679,
            "distance_from_center": 1.11
          },
          {
            "id": 1662017638,
            "name": "쎄라비",
            "final_score": 0.3822,
            "distance_from_center": 1.12
          },
          {
            "id": 1662017638,
            "name": "쎄라비",
            "final_score": 0.3822,
            "distance_from_center": 1.12
          },
          {
            "id": 1784470266,
            "name": "메가MGC커피 강릉교동솔올점",
            "final_score": 0.0206,
            "distance_from_center": 1.14
          },
          {
            "id": 1867724165,
            "name": "사루",
            "final_score": 0.4069,
            "distance_from_center": 1.21
          },
          {
            "id": 79408101,
            "name": "이디야커피 강릉교동택지점",
            "final_score": 0.3027,
            "distance_from_center": 1.35
          },
          {
            "id": 2051244903,
            "name": "강릉샌드 본점",
            "final_score": 0.4646,
            "distance_from_center": 1.35
          },
          {
            "id": 1352455905,
            "name": "화이트리에 강릉점",
            "final_score": 0.2943,
            "distance_from_center": 1.37
          },
          {
            "id": 1215792352,
            "name": "던킨 강릉교동점",
            "final_score": 0.452,
            "distance_from_center": 1.37
          }
        ],
        "Restaurant": [
          {
            "id": 15311333,
            "name": "강릉맛드린 순두부해장국&감자탕",
            "final_score": 0.588,
            "distance_from_center": 0.0
          },
          {
            "id": 11554046,
            "name": "삼교리동치미막국수 교동점",
            "final_score": 0.4507,
            "distance_from_center": 0.18
          },
          {
            "id": 15298411,
            "name": "진주식당",
            "final_score": 0.5226,
            "distance_from_center": 0.45
          },
          {
            "id": 30968979,
            "name": "한솥도시락 강릉원주대점",
            "final_score": 0.5172,
            "distance_from_center": 0.5
          },
          {
            "id": 36348268,
            "name": "도스마스 강릉원주대점",
            "final_score": 0.2975,
            "distance_from_center": 0.54
          },
          {
            "id": 1325291875,
            "name": "일미리금계찜닭 교동점",
            "final_score": 0.5051,
            "distance_from_center": 0.58
          },
          {
            "id": 1867686044,
            "name": "소확행",
            "final_score": 0.4739,
            "distance_from_center": 0.59
          },
          {
            "id": 1562025223,
            "name": "바다양푼이동태탕 강릉교동점",
            "final_score": 0.3817,
            "distance_from_center": 0.66
          },
          {
            "id": 36997320,
            "name": "summ'er",
            "final_score": 0.4055,
            "distance_from_center": 0.66
          },
          {
            "id": 1940521213,
            "name": "호박식당",
            "final_score": 0.3308,
            "distance_from_center": 0.71
          },
          {
            "id": 21741555,
            "name": "복마니찐빵집",
            "final_score": 0.3823,
            "distance_from_center": 0.71
          },
          {
            "id": 33582588,
            "name": "소반",
            "final_score": 0.4683,
            "distance_from_center": 0.72
          },
          {
            "id": 2063354876,
            "name": "강릉한정식강릉밥상 오죽헌본점",
            "final_score": 0.4287,
            "distance_from_center": 0.73
          },
          {
            "id": 1090308210,
            "name": "경포왕만두",
            "final_score": 0.2006,
            "distance_from_center": 0.77
          },
          {
            "id": 1365555111,
            "name": "경포막국수",
            "final_score": 0.4422,
            "distance_from_center": 0.77
          }
        ],
        "Attraction": [
          {
            "id": 11620702,
            "name": "강릉 오죽헌·시립박물관",
            "final_score": 0.3326,
            "distance_from_center": 0.48
          },
          {
            "id": 19832807,
            "name": "강릉자수박물관",
            "final_score": 0.1374,
            "distance_from_center": 0.5
          },
          {
            "id": 1346656418,
            "name": "경포생태저류지",
            "final_score": 0.0234,
            "distance_from_center": 0.73
          },
          {
            "id": 21824426,
            "name": "강릉원주대학교 박물관",
            "final_score": 0.3345,
            "distance_from_center": 0.84
          },
          {
            "id": 11687693,
            "name": "강릉 선교장",
            "final_score": 0.1522,
            "distance_from_center": 1.37
          },
          {
            "id": 1300520912,
            "name": "르꼬따쥬",
            "final_score": 0.2996,
            "distance_from_center": 1.46
          },
          {
            "id": 1775014582,
            "name": "리고엠",
            "final_score": 0.3541,
            "distance_from_center": 1.48
          },
          {
            "id": 20066249,
            "name": "강릉 수리골 고택",
            "final_score": 0.3573,
            "distance_from_center": 1.75
          },
          {
            "id": 1550291849,
            "name": "강릉아트센터",
            "final_score": 0.1163,
            "distance_from_center": 1.93
          },
          {
            "id": 1211834959,
            "name": "강릉올림픽뮤지엄",
            "final_score": 0.2126,
            "distance_from_center": 1.98
          },
          {
            "id": 11535675,
            "name": "강릉문화원",
            "final_score": 0.3632,
            "distance_from_center": 2.07
          },
          {
            "id": 2062786512,
            "name": "강릉시립미술관 솔올",
            "final_score": 0.1631,
            "distance_from_center": 2.1
          },
          {
            "id": 12762639,
            "name": "강릉시립미술관 교동",
            "final_score": 0.3496,
            "distance_from_center": 2.34
          },
          {
            "id": 11663849,
            "name": "강릉향교",
            "final_score": 0.1943,
            "distance_from_center": 2.37
          },
          {
            "id": 31044854,
            "name": "경포가시연습지",
            "final_score": 0.232,
            "distance_from_center": 2.5
          }
        ]
      }
    },
    {
      "cluster_id": 1,
      "date": "2025-09-30",
      "weekday": "화",
      "seed_category": "Restaurant",
      "seed_place": {
        "id": 1410871338,
        "name": "잠수교수제갈비",
        "final_score": 0.5938
      },
      "center_lat": 37.749636,
      "center_lng": 128.899792,
      "categories": {
        "Cafe": [
          {
            "id": 1426989487,
            "name": "안다미로",
            "final_score": 0.4501,
            "distance_from_center": 0.38
          },
          {
            "id": 1682187275,
            "name": "카페 정화",
            "final_score": 0.4113,
            "distance_from_center": 0.4
          },
          {
            "id": 1669842519,
            "name": "오버웨잇 강릉본점",
            "final_score": 0.4222,
            "distance_from_center": 0.4
          },
          {
            "id": 1246478918,
            "name": "중화짬뽕빵",
            "final_score": 0.3614,
            "distance_from_center": 0.41
          },
          {
            "id": 1355852682,
            "name": "젤라또마켓 순두부젤라또",
            "final_score": 0.5411,
            "distance_from_center": 0.43
          },
          {
            "id": 1683765421,
            "name": "타임슬립",
            "final_score": 0.3651,
            "distance_from_center": 0.44
          },
          {
            "id": 1689574654,
            "name": "굴리아케이크",
            "final_score": 0.3011,
            "distance_from_center": 0.45
          },
          {
            "id": 1202298255,
            "name": "팡파미유 중앙시장점",
            "final_score": 0.2574,
            "distance_from_center": 0.45
          },
          {
            "id": 1697573959,
            "name": "강릉커피콩빵 강릉당 중앙시장점",
            "final_score": 0.3305,
            "distance_from_center": 0.47
          },
          {
            "id": 35256483,
            "name": "설빙 강릉대학로점",
            "final_score": 0.5103,
            "distance_from_center": 0.49
          },
          {
            "id": 1318617687,
            "name": "강릉이래요",
            "final_score": 0.2961,
            "distance_from_center": 0.5
          },
          {
            "id": 1758181058,
            "name": "김성수제빵소 강릉점",
            "final_score": 0.4357,
            "distance_from_center": 0.5
          },
          {
            "id": 1086491623,
            "name": "파충류카페 강릉점",
            "final_score": 0.3504,
            "distance_from_center": 0.51
          },
          {
            "id": 38345396,
            "name": "지베이스",
            "final_score": 0.4117,
            "distance_from_center": 0.52
          },
          {
            "id": 1517734190,
            "name": "강원옥찹쌀떡 중앙시장점",
            "final_score": 0.4093,
            "distance_from_center": 0.52
          }
        ],
        "Restaurant": [
          {
            "id": 1410871338,
            "name": "잠수교수제갈비",
            "final_score": 0.5938,
            "distance_from_center": 0.0
          },
          {
            "id": 1236919265,
            "name": "고깃집",
            "final_score": 0.5647,
            "distance_from_center": 0.01
          },
          {
            "id": 1698706278,
            "name": "미래먹거리",
            "final_score": 0.2269,
            "distance_from_center": 0.03
          },
          {
            "id": 32185195,
            "name": "성원닭내장",
            "final_score": 0.2264,
            "distance_from_center": 0.07
          },
          {
            "id": 15338997,
            "name": "보배골",
            "final_score": 0.5394,
            "distance_from_center": 0.24
          },
          {
            "id": 801470123,
            "name": "바른치킨 강릉단오점",
            "final_score": 0.455,
            "distance_from_center": 0.26
          },
          {
            "id": 1405926737,
            "name": "강릉모카번",
            "final_score": 0.4321,
            "distance_from_center": 0.3
          },
          {
            "id": 1368387404,
            "name": "시나미왕갈비탕",
            "final_score": 0.4202,
            "distance_from_center": 0.34
          },
          {
            "id": 1961675235,
            "name": "곱창미지수",
            "final_score": 0.511,
            "distance_from_center": 0.34
          },
          {
            "id": 32443745,
            "name": "불향쭈꾸미볶음",
            "final_score": 0.314,
            "distance_from_center": 0.34
          },
          {
            "id": 32037906,
            "name": "정윤이네먹거리",
            "final_score": 0.3114,
            "distance_from_center": 0.34
          },
          {
            "id": 1642640928,
            "name": "질가집",
            "final_score": 0.5196,
            "distance_from_center": 0.35
          },
          {
            "id": 1679108075,
            "name": "만나옹심이손칼국수",
            "final_score": 0.5065,
            "distance_from_center": 0.35
          },
          {
            "id": 21734984,
            "name": "어야네",
            "final_score": 0.2946,
            "distance_from_center": 0.36
          },
          {
            "id": 15299161,
            "name": "삼삼해물찜",
            "final_score": 0.3913,
            "distance_from_center": 0.36
          }
        ],
        "Attraction": [
          {
            "id": 11592129,
            "name": "강릉교육문화관",
            "final_score": 0.2739,
            "distance_from_center": 0.4
          },
          {
            "id": 12955259,
            "name": "단오타운전시관",
            "final_score": 0.1997,
            "distance_from_center": 0.44
          },
          {
            "id": 13345873,
            "name": "강릉 중앙시장",
            "final_score": 0.3492,
            "distance_from_center": 0.5
          },
          {
            "id": 15693581,
            "name": "강릉 남산공원",
            "final_score": 0.1141,
            "distance_from_center": 0.59
          },
          {
            "id": 35188457,
            "name": "애니멀스토리",
            "final_score": 0.3177,
            "distance_from_center": 0.61
          },
          {
            "id": 1249952785,
            "name": "강릉 명주동 거리",
            "final_score": 0.4558,
            "distance_from_center": 0.64
          },
          {
            "id": 1287320440,
            "name": "강릉 월화거리",
            "final_score": 0.1863,
            "distance_from_center": 0.73
          },
          {
            "id": 15685783,
            "name": "강릉 대도호부 관아",
            "final_score": 0.2621,
            "distance_from_center": 0.79
          },
          {
            "id": 749351147,
            "name": "강릉 임영관 삼문",
            "final_score": 0.1056,
            "distance_from_center": 0.81
          },
          {
            "id": 38623679,
            "name": "명주예술마당",
            "final_score": 0.2686,
            "distance_from_center": 0.84
          },
          {
            "id": 1357865119,
            "name": "고래책방",
            "final_score": 0.4694,
            "distance_from_center": 0.99
          },
          {
            "id": 13345877,
            "name": "강릉 서부시장",
            "final_score": 0.1562,
            "distance_from_center": 0.99
          },
          {
            "id": 13345874,
            "name": "강릉 동부시장",
            "final_score": 0.0,
            "distance_from_center": 1.14
          },
          {
            "id": 37090227,
            "name": "버드나무 브루어리",
            "final_score": 0.3576,
            "distance_from_center": 1.36
          },
          {
            "id": 37081677,
            "name": "수상한마법학교",
            "final_score": 0.2512,
            "distance_from_center": 2.8
          }
        ]
      }
    },
    {
      "cluster_id": 2,
      "date": "2025-10-01",
      "weekday": "수",
      "seed_category": "Restaurant",
      "seed_place": {
        "id": 1714842320,
        "name": "샘골보리밥",
        "final_score": 0.5799
      },
      "center_lat": 37.779686,
      "center_lng": 128.913017,
      "categories": {
        "Cafe": [
          {
            "id": 1612034459,
            "name": "어머야라",
            "final_score": 0.486,
            "distance_from_center": 0.35
          },
          {
            "id": 1588834856,
            "name": "르블레도르",
            "final_score": 0.3729,
            "distance_from_center": 0.55
          },
          {
            "id": 1737820343,
            "name": "고메코나베이커리",
            "final_score": 0.3982,
            "distance_from_center": 0.61
          },
          {
            "id": 1265990790,
            "name": "애프터 이미지",
            "final_score": 0.4001,
            "distance_from_center": 0.65
          },
          {
            "id": 1994587010,
            "name": "말차로",
            "final_score": 0.2846,
            "distance_from_center": 0.7
          },
          {
            "id": 1492455872,
            "name": "카페기와",
            "final_score": 0.3501,
            "distance_from_center": 0.76
          },
          {
            "id": 1959930841,
            "name": "강릉 미어지게",
            "final_score": 0.2402,
            "distance_from_center": 0.83
          },
          {
            "id": 1405929814,
            "name": "초당커피정미소 본점",
            "final_score": 0.2925,
            "distance_from_center": 0.84
          },
          {
            "id": 1033478410,
            "name": "그다이마잇",
            "final_score": 0.5084,
            "distance_from_center": 0.86
          },
          {
            "id": 1834719170,
            "name": "초당소금빵",
            "final_score": 0.2002,
            "distance_from_center": 0.91
          },
          {
            "id": 1621771668,
            "name": "카페 초당순 강릉본점",
            "final_score": 0.3749,
            "distance_from_center": 0.91
          },
          {
            "id": 1824086717,
            "name": "디오슬로",
            "final_score": 0.4837,
            "distance_from_center": 0.92
          },
          {
            "id": 1836092492,
            "name": "허니홈비 강릉본점",
            "final_score": 0.4886,
            "distance_from_center": 0.93
          },
          {
            "id": 1974801379,
            "name": "카페콥스",
            "final_score": 0.355,
            "distance_from_center": 0.95
          },
          {
            "id": 1188561598,
            "name": "초당밀",
            "final_score": 0.4394,
            "distance_from_center": 0.97
          }
        ],
        "Restaurant": [
          {
            "id": 1714842320,
            "name": "샘골보리밥",
            "final_score": 0.5799,
            "distance_from_center": 0.0
          },
          {
            "id": 1408112993,
            "name": "빨간보자기밥집",
            "final_score": 0.3138,
            "distance_from_center": 0.23
          },
          {
            "id": 1284297711,
            "name": "맛사랑장칼국수",
            "final_score": 0.539,
            "distance_from_center": 0.39
          },
          {
            "id": 1972427573,
            "name": "파랑새김밥",
            "final_score": 0.4126,
            "distance_from_center": 0.42
          },
          {
            "id": 1679691479,
            "name": "부돈산",
            "final_score": 0.3872,
            "distance_from_center": 0.43
          },
          {
            "id": 37552291,
            "name": "족과의동침 강릉점",
            "final_score": 0.3402,
            "distance_from_center": 0.45
          },
          {
            "id": 15388186,
            "name": "송정추어탕칼국수",
            "final_score": 0.5107,
            "distance_from_center": 0.46
          },
          {
            "id": 15320570,
            "name": "대륙해물탕해물찜",
            "final_score": 0.4095,
            "distance_from_center": 0.52
          },
          {
            "id": 1382988357,
            "name": "인연밥집",
            "final_score": 0.4652,
            "distance_from_center": 0.52
          },
          {
            "id": 1298661690,
            "name": "가브리살",
            "final_score": 0.2975,
            "distance_from_center": 0.54
          },
          {
            "id": 1418432224,
            "name": "스시카이토",
            "final_score": 0.5045,
            "distance_from_center": 0.54
          },
          {
            "id": 1868103084,
            "name": "갯마을식당",
            "final_score": 0.5059,
            "distance_from_center": 0.54
          },
          {
            "id": 1449087303,
            "name": "밥&술",
            "final_score": 0.4997,
            "distance_from_center": 0.55
          },
          {
            "id": 1075857630,
            "name": "연자네보리밥",
            "final_score": 0.5127,
            "distance_from_center": 0.57
          },
          {
            "id": 1598566285,
            "name": "BHC치킨 강릉초당점",
            "final_score": 0.3349,
            "distance_from_center": 0.58
          }
        ],
        "Attraction": [
          {
            "id": 32777223,
            "name": "자연아놀자 체험학습박물관",
            "final_score": 0.2037,
            "distance_from_center": 1.02
          },
          {
            "id": 1881857549,
            "name": "강릉 메타버스 체험관",
            "final_score": 0.2109,
            "distance_from_center": 1.08
          },
          {
            "id": 37434460,
            "name": "경포 아쿠아리움",
            "final_score": 0.2166,
            "distance_from_center": 1.24
          },
          {
            "id": 1090555407,
            "name": "아르떼뮤지엄 강릉",
            "final_score": 0.1993,
            "distance_from_center": 1.24
          },
          {
            "id": 1130774967,
            "name": "허균·허난설헌 기념공원",
            "final_score": 0.2811,
            "distance_from_center": 1.38
          },
          {
            "id": 20066218,
            "name": "허난설헌 생가터",
            "final_score": 0.2986,
            "distance_from_center": 1.39
          },
          {
            "id": 1112785467,
            "name": "런닝맨 강릉점",
            "final_score": 0.3028,
            "distance_from_center": 1.48
          },
          {
            "id": 1542622512,
            "name": "원더스카이",
            "final_score": 0.2122,
            "distance_from_center": 1.59
          },
          {
            "id": 31506191,
            "name": "초당순두부마을",
            "final_score": 0.3295,
            "distance_from_center": 1.67
          },
          {
            "id": 13491183,
            "name": "강문해변",
            "final_score": 0.2557,
            "distance_from_center": 1.77
          },
          {
            "id": 472414455,
            "name": "경포호수광장",
            "final_score": 0.1739,
            "distance_from_center": 2.04
          },
          {
            "id": 1063021154,
            "name": "경포플라워가든",
            "final_score": 0.1749,
            "distance_from_center": 2.07
          },
          {
            "id": 1940124735,
            "name": "강문솟대다리",
            "final_score": 0.2571,
            "distance_from_center": 2.1
          },
          {
            "id": 20065935,
            "name": "송정해변",
            "final_score": 0.2082,
            "distance_from_center": 2.12
          },
          {
            "id": 1675156043,
            "name": "강릉 경포대",
            "final_score": 0.2587,
            "distance_from_center": 2.29
          }
        ]
      }
    },
    {
      "cluster_id": 3,
      "date": "2025-10-02",
      "weekday": "목",
      "seed_category": "Restaurant",
      "seed_place": {
        "id": 1294147426,
        "name": "비빔상회 강릉본점",
        "final_score": 0.573
      },
      "center_lat": 37.791316,
      "center_lng": 128.920183,
      "categories": {
        "Cafe": [
          {
            "id": 1927406130,
            "name": "허씨커피",
            "final_score": 0.4308,
            "distance_from_center": 0.28
          },
          {
            "id": 1338491802,
            "name": "초당110 순두부젤라또",
            "final_score": 0.5333,
            "distance_from_center": 0.29
          },
          {
            "id": 1381613890,
            "name": "강릉옥수수빵",
            "final_score": 0.2285,
            "distance_from_center": 0.36
          },
          {
            "id": 1630731945,
            "name": "강릉 사임당 인절미 강문본점",
            "final_score": 0.2762,
            "distance_from_center": 0.38
          },
          {
            "id": 1926085994,
            "name": "스타벅스 강릉강문해변점",
            "final_score": 0.3387,
            "distance_from_center": 0.41
          },
          {
            "id": 1639218638,
            "name": "덴켄",
            "final_score": 0.3467,
            "distance_from_center": 0.43
          },
          {
            "id": 1087262116,
            "name": "강원옥 찹쌀떡",
            "final_score": 0.4055,
            "distance_from_center": 0.44
          },
          {
            "id": 1591483811,
            "name": "카페밀",
            "final_score": 0.4279,
            "distance_from_center": 0.45
          },
          {
            "id": 1995634579,
            "name": "강릉 초당찰떡",
            "final_score": 0.4627,
            "distance_from_center": 0.46
          },
          {
            "id": 1046848158,
            "name": "초당커피",
            "final_score": 0.4337,
            "distance_from_center": 0.46
          },
          {
            "id": 1625751111,
            "name": "커피커퍼박물관",
            "final_score": 0.3974,
            "distance_from_center": 0.48
          },
          {
            "id": 1948973432,
            "name": "데일리오아시스 강릉점",
            "final_score": 0.4683,
            "distance_from_center": 0.48
          },
          {
            "id": 1037671264,
            "name": "카페동화",
            "final_score": 0.3416,
            "distance_from_center": 0.49
          },
          {
            "id": 1794472949,
            "name": "에브리모먼트커피",
            "final_score": 0.3808,
            "distance_from_center": 0.49
          },
          {
            "id": 1869523471,
            "name": "강릉 조개빵 강릉본점",
            "final_score": 0.474,
            "distance_from_center": 0.5
          }
        ],
        "Restaurant": [
          {
            "id": 1294147426,
            "name": "비빔상회 강릉본점",
            "final_score": 0.573,
            "distance_from_center": 0.0
          },
          {
            "id": 1188604096,
            "name": "꿀꺽",
            "final_score": 0.5248,
            "distance_from_center": 0.0
          },
          {
            "id": 1945123119,
            "name": "13월의강릉 강릉본점",
            "final_score": 0.3107,
            "distance_from_center": 0.0
          },
          {
            "id": 1660045304,
            "name": "최씨장칼국수",
            "final_score": 0.474,
            "distance_from_center": 0.0
          },
          {
            "id": 1710211402,
            "name": "강릉79막회",
            "final_score": 0.4853,
            "distance_from_center": 0.0
          },
          {
            "id": 1385390950,
            "name": "솔향대게 강릉본점",
            "final_score": 0.4628,
            "distance_from_center": 0.05
          },
          {
            "id": 2018462147,
            "name": "가온",
            "final_score": 0.3924,
            "distance_from_center": 0.11
          },
          {
            "id": 1817783356,
            "name": "맛마루부대찌개",
            "final_score": 0.5043,
            "distance_from_center": 0.12
          },
          {
            "id": 15320203,
            "name": "강릉짬뽕순두부 강릉본점",
            "final_score": 0.4544,
            "distance_from_center": 0.28
          },
          {
            "id": 12031474,
            "name": "농촌순두부",
            "final_score": 0.5047,
            "distance_from_center": 0.29
          },
          {
            "id": 1381183889,
            "name": "미송순두부짬뽕",
            "final_score": 0.4205,
            "distance_from_center": 0.31
          },
          {
            "id": 2099491822,
            "name": "강릉감자닭강정",
            "final_score": 0.3923,
            "distance_from_center": 0.32
          },
          {
            "id": 34439221,
            "name": "김우정초당짬뽕순두부",
            "final_score": 0.4497,
            "distance_from_center": 0.32
          },
          {
            "id": 1966143636,
            "name": "초당본가짬뽕순두부",
            "final_score": 0.4672,
            "distance_from_center": 0.39
          },
          {
            "id": 37349949,
            "name": "소나무집초당순두부",
            "final_score": 0.5183,
            "distance_from_center": 0.42
          }
        ],
        "Attraction": [
          {
            "id": 13300191,
            "name": "경포도립공원",
            "final_score": 0.2204,
            "distance_from_center": 1.55
          },
          {
            "id": 12079976,
            "name": "경포해수욕장",
            "final_score": 0.274,
            "distance_from_center": 1.96
          },
          {
            "id": 13491109,
            "name": "경포호",
            "final_score": 0.1119,
            "distance_from_center": 2.13
          },
          {
            "id": 12409858,
            "name": "참소리에디슨손성목영화박물관",
            "final_score": 0.0922,
            "distance_from_center": 2.13
          },
          {
            "id": 32268465,
            "name": "환희컵박물관",
            "final_score": 0.2199,
            "distance_from_center": 2.75
          },
          {
            "id": 939463951,
            "name": "강릉 안목해맞이공원",
            "final_score": 0.3002,
            "distance_from_center": 2.89
          },
          {
            "id": 15371716,
            "name": "사근진해변",
            "final_score": 0.1875,
            "distance_from_center": 3.03
          },
          {
            "id": 1338629806,
            "name": "사근진해중공원 전망대",
            "final_score": 0.1357,
            "distance_from_center": 3.03
          },
          {
            "id": 1338629806,
            "name": "사근진해중공원 전망대",
            "final_score": 0.1357,
            "distance_from_center": 3.03
          },
          {
            "id": 13491906,
            "name": "안목해변",
            "final_score": 0.2907,
            "distance_from_center": 3.16
          },
          {
            "id": 20947876,
            "name": "강릉커피거리",
            "final_score": 0.2575,
            "distance_from_center": 3.16
          },
          {
            "id": 15692195,
            "name": "강릉항",
            "final_score": 0.0859,
            "distance_from_center": 3.55
          },
          {
            "id": 1243747688,
            "name": "병산 옹심이마을",
            "final_score": 0.17,
            "distance_from_center": 3.64
          },
          {
            "id": 13491745,
            "name": "순긋해변",
            "final_score": 0.255,
            "distance_from_center": 3.7
          },
          {
            "id": 20103328,
            "name": "순포해변",
            "final_score": 0.1556,
            "distance_from_center": 4.07
          }
        ]
      }
    },
    {
      "cluster_id": 4,
      "date": "2025-10-03",
      "weekday": "금",
      "seed_category": "Restaurant",
      "seed_place": {
        "id": 21382681,
        "name": "꽃보다소",
        "final_score": 0.5592
      },
      "center_lat": 37.888571,
      "center_lng": 128.825494,
      "categories": {
        "Cafe": [
          {
            "id": 1266299794,
            "name": "해옫 강릉",
            "final_score": 0.5152,
            "distance_from_center": 0.49
          },
          {
            "id": 2017141901,
            "name": "에브리데이크",
            "final_score": 0.4319,
            "distance_from_center": 0.81
          },
          {
            "id": 1169844332,
            "name": "스타벅스 강릉주문진점",
            "final_score": 0.2805,
            "distance_from_center": 0.97
          },
          {
            "id": 1543529590,
            "name": "카페제니엘 주문진점",
            "final_score": 0.4463,
            "distance_from_center": 0.98
          },
          {
            "id": 1543529590,
            "name": "카페제니엘 주문진점",
            "final_score": 0.4463,
            "distance_from_center": 0.98
          },
          {
            "id": 1396977535,
            "name": "소돌엔 등대점",
            "final_score": 0.2691,
            "distance_from_center": 1.2
          },
          {
            "id": 1147229173,
            "name": "도깨비젤라또",
            "final_score": 0.3289,
            "distance_from_center": 1.24
          },
          {
            "id": 1249217189,
            "name": "오드커피",
            "final_score": 0.3275,
            "distance_from_center": 1.33
          },
          {
            "id": 1019347699,
            "name": "플레이스 플러스",
            "final_score": 0.3201,
            "distance_from_center": 1.63
          },
          {
            "id": 1299462841,
            "name": "소돌엔 강릉",
            "final_score": 0.2958,
            "distance_from_center": 1.98
          },
          {
            "id": 1876301121,
            "name": "포르토포레스트하우스",
            "final_score": 0.4844,
            "distance_from_center": 2.41
          },
          {
            "id": 1009179914,
            "name": "갈매기다방",
            "final_score": 0.416,
            "distance_from_center": 2.55
          },
          {
            "id": 1839133695,
            "name": "빵을쇼핑하다빵명가치아바타CIABATTA",
            "final_score": 0.3593,
            "distance_from_center": 2.76
          },
          {
            "id": 15373350,
            "name": "브라질",
            "final_score": 0.3679,
            "distance_from_center": 2.91
          },
          {
            "id": 1900553385,
            "name": "바우카페",
            "final_score": 0.3616,
            "distance_from_center": 2.92
          }
        ],
        "Restaurant": [
          {
            "id": 21382681,
            "name": "꽃보다소",
            "final_score": 0.5592,
            "distance_from_center": 0.0
          },
          {
            "id": 15696942,
            "name": "맛있는엄마밥상",
            "final_score": 0.4816,
            "distance_from_center": 0.06
          },
          {
            "id": 38314569,
            "name": "주문진신짬뽕",
            "final_score": 0.3727,
            "distance_from_center": 0.11
          },
          {
            "id": 15362879,
            "name": "감칠맛회국수",
            "final_score": 0.5296,
            "distance_from_center": 0.17
          },
          {
            "id": 1916824498,
            "name": "동궁염소탕",
            "final_score": 0.2324,
            "distance_from_center": 0.18
          },
          {
            "id": 1463664286,
            "name": "주문진호시",
            "final_score": 0.5425,
            "distance_from_center": 0.21
          },
          {
            "id": 34632772,
            "name": "실비생선구이 본점 작은집",
            "final_score": 0.4621,
            "distance_from_center": 0.24
          },
          {
            "id": 1815684142,
            "name": "실비생선구이 본점 큰집",
            "final_score": 0.397,
            "distance_from_center": 0.24
          },
          {
            "id": 13281876,
            "name": "강릉최대게 본점",
            "final_score": 0.4124,
            "distance_from_center": 0.25
          },
          {
            "id": 1262380542,
            "name": "작은다리호떡집",
            "final_score": 0.5394,
            "distance_from_center": 0.25
          },
          {
            "id": 15353642,
            "name": "복양춘",
            "final_score": 0.4851,
            "distance_from_center": 0.26
          },
          {
            "id": 1768642786,
            "name": "통통배매운탕",
            "final_score": 0.3939,
            "distance_from_center": 0.26
          },
          {
            "id": 1020078575,
            "name": "김밥나라 주문진점",
            "final_score": 0.2847,
            "distance_from_center": 0.26
          },
          {
            "id": 1303070508,
            "name": "문어랑 강릉주문진항점",
            "final_score": 0.472,
            "distance_from_center": 0.27
          },
          {
            "id": 15697787,
            "name": "구인당식당",
            "final_score": 0.3526,
            "distance_from_center": 0.27
          }
        ],
        "Attraction": [
          {
            "id": 1600054868,
            "name": "해피아워크루즈",
            "final_score": 0.228,
            "distance_from_center": 0.3
          },
          {
            "id": 13490946,
            "name": "주문진항",
            "final_score": 0.4532,
            "distance_from_center": 0.4
          },
          {
            "id": 34818378,
            "name": "주문진해양박물관",
            "final_score": 0.2441,
            "distance_from_center": 0.41
          },
          {
            "id": 20059236,
            "name": "주문리마을",
            "final_score": 0.334,
            "distance_from_center": 0.5
          },
          {
            "id": 20054507,
            "name": "주문진 등대",
            "final_score": 0.1576,
            "distance_from_center": 1.25
          },
          {
            "id": 19501415,
            "name": "소돌아들바위공원",
            "final_score": 0.0134,
            "distance_from_center": 1.94
          },
          {
            "id": 13491657,
            "name": "소돌해수욕장",
            "final_score": 0.3125,
            "distance_from_center": 1.97
          },
          {
            "id": 13491005,
            "name": "주문진해수욕장",
            "final_score": 0.327,
            "distance_from_center": 2.52
          },
          {
            "id": 15698326,
            "name": "향호해변",
            "final_score": 0.1038,
            "distance_from_center": 2.63
          },
          {
            "id": 1154013651,
            "name": "주문진bts",
            "final_score": 0.0015,
            "distance_from_center": 2.77
          },
          {
            "id": 13491150,
            "name": "영진해변",
            "final_score": 0.1619,
            "distance_from_center": 2.83
          },
          {
            "id": 20054445,
            "name": "영진항",
            "final_score": 0.1876,
            "distance_from_center": 3.06
          },
          {
            "id": 13444336,
            "name": "연곡해변",
            "final_score": 0.3034,
            "distance_from_center": 3.95
          },
          {
            "id": 12390002,
            "name": "강릉 복사꽃마을",
            "final_score": 0.2281,
            "distance_from_center": 4.33
          },
          {
            "id": 1848252796,
            "name": "강릉아기동물농장",
            "final_score": 0.3254,
            "distance_from_center": 5.65
          }
        ]
      }
    }
  ]
}