{
  "user_id": "U0323",
  "start_date": "2025-06-10",
  "start_weekday": "화",
  "duration_days": 5,
  "budget": 800000,
  "num_clusters": 5,
  "clustering_method": "greedy_score_based_with_store_hours",
  "seed_strategy": "highest_score_only",
  "max_cluster_radius_km": 6,
  "min_places_per_category": 7,
  "places_per_category": 15,
  "Accommodation": 1000108328,
  "clusters": [
    {
      "cluster_id": 0,
      "date": "2025-06-10",
      "weekday": "화",
      "seed_category": "Cafe",
      "seed_place": {
        "id": 1212033877,
        "name": "강릉샌드 초당점",
        "final_score": 0.498
      },
      "center_lat": 37.794545,
      "center_lng": 128.915144,
      "categories": {
        "Cafe": [
          {
            "id": 1212033877,
            "name": "강릉샌드 초당점",
            "final_score": 0.498,
            "distance_from_center": 0.0
          },
          {
            "id": 1103533977,
            "name": "허스크밀",
            "final_score": 0.3351,
            "distance_from_center": 0.05
          },
          {
            "id": 1625751111,
            "name": "커피커퍼박물관",
            "final_score": 0.3844,
            "distance_from_center": 0.09
          },
          {
            "id": 2067971861,
            "name": "안초당",
            "final_score": 0.3441,
            "distance_from_center": 0.15
          },
          {
            "id": 1591483811,
            "name": "카페밀",
            "final_score": 0.1745,
            "distance_from_center": 0.16
          },
          {
            "id": 998885728,
            "name": "카페 툇마루",
            "final_score": 0.3248,
            "distance_from_center": 0.2
          },
          {
            "id": 1869523471,
            "name": "강릉 조개빵 강릉본점",
            "final_score": 0.3504,
            "distance_from_center": 0.2
          },
          {
            "id": 1497289783,
            "name": "꾸옥 GGUOK",
            "final_score": 0.2476,
            "distance_from_center": 0.21
          },
          {
            "id": 1948973432,
            "name": "데일리오아시스 강릉점",
            "final_score": 0.1967,
            "distance_from_center": 0.24
          },
          {
            "id": 189619233,
            "name": "강릉커피빵 본점",
            "final_score": 0.1425,
            "distance_from_center": 0.25
          },
          {
            "id": 1709924447,
            "name": "롱블랙",
            "final_score": 0.2723,
            "distance_from_center": 0.26
          },
          {
            "id": 1763738753,
            "name": "마더커피 강문점",
            "final_score": 0.3399,
            "distance_from_center": 0.26
          },
          {
            "id": 2038520626,
            "name": "시만차 포그",
            "final_score": 0.1037,
            "distance_from_center": 0.27
          },
          {
            "id": 1630731945,
            "name": "강릉 사임당 인절미 강문본점",
            "final_score": 0.3115,
            "distance_from_center": 0.29
          },
          {
            "id": 1639218638,
            "name": "덴켄",
            "final_score": 0.1883,
            "distance_from_center": 0.3
          }
        ],
        "Restaurant": [
          {
            "id": 1962439120,
            "name": "해궁식당",
            "final_score": 0.186,
            "distance_from_center": 0.14
          },
          {
            "id": 1025642664,
            "name": "팔도전복해물뚝배기",
            "final_score": 0.2172,
            "distance_from_center": 0.16
          },
          {
            "id": 15327157,
            "name": "고향산천초당순두부",
            "final_score": 0.1841,
            "distance_from_center": 0.17
          },
          {
            "id": 36643281,
            "name": "강릉전복해물뚝배기 강릉",
            "final_score": 0.2399,
            "distance_from_center": 0.18
          },
          {
            "id": 36952290,
            "name": "오월에초당",
            "final_score": 0.1505,
            "distance_from_center": 0.18
          },
          {
            "id": 1693762102,
            "name": "서울양계",
            "final_score": 0.2999,
            "distance_from_center": 0.19
          },
          {
            "id": 1087147744,
            "name": "강문칼국수",
            "final_score": 0.2216,
            "distance_from_center": 0.21
          },
          {
            "id": 1479188834,
            "name": "청춘돌우럭&물회 강릉본점",
            "final_score": 0.2893,
            "distance_from_center": 0.24
          },
          {
            "id": 1416755080,
            "name": "선호라면",
            "final_score": 0.2463,
            "distance_from_center": 0.25
          },
          {
            "id": 1880153847,
            "name": "강릉 하월당 초당짬뽕순두부",
            "final_score": 0.3155,
            "distance_from_center": 0.29
          },
          {
            "id": 15320203,
            "name": "강릉짬뽕순두부 강릉본점",
            "final_score": 0.2215,
            "distance_from_center": 0.29
          },
          {
            "id": 1966143636,
            "name": "초당본가짬뽕순두부",
            "final_score": 0.2477,
            "distance_from_center": 0.3
          },
          {
            "id": 1824668746,
            "name": "초당꼬마김밥 강릉점",
            "final_score": 0.2957,
            "distance_from_center": 0.31
          },
          {
            "id": 2041883893,
            "name": "아라시",
            "final_score": 0.3198,
            "distance_from_center": 0.31
          },
          {
            "id": 1065842255,
            "name": "강릉전복영양솥밥화덕생선구이",
            "final_score": 0.2175,
            "distance_from_center": 0.32
          }
        ],
        "Attraction": [
          {
            "id": 31506191,
            "name": "초당순두부마을",
            "final_score": 0.1793,
            "distance_from_center": 0.03
          },
          {
            "id": 1542622512,
            "name": "원더스카이",
            "final_score": 0.0033,
            "distance_from_center": 0.07
          },
          {
            "id": 13491183,
            "name": "강문해변",
            "final_score": 0.1941,
            "distance_from_center": 0.34
          },
          {
            "id": 1940124735,
            "name": "강문솟대다리",
            "final_score": 0.2022,
            "distance_from_center": 0.5
          },
          {
            "id": 20066218,
            "name": "허난설헌 생가터",
            "final_score": 0.1178,
            "distance_from_center": 0.56
          },
          {
            "id": 1130774967,
            "name": "허균·허난설헌 기념공원",
            "final_score": 0.1355,
            "distance_from_center": 0.57
          },
          {
            "id": 472414455,
            "name": "경포호수광장",
            "final_score": 0.0749,
            "distance_from_center": 0.61
          },
          {
            "id": 1112785467,
            "name": "런닝맨 강릉점",
            "final_score": 0.0689,
            "distance_from_center": 0.68
          },
          {
            "id": 1063021154,
            "name": "경포플라워가든",
            "final_score": 0.0832,
            "distance_from_center": 0.68
          },
          {
            "id": 37434460,
            "name": "경포 아쿠아리움",
            "final_score": 0.0157,
            "distance_from_center": 0.81
          },
          {
            "id": 1090555407,
            "name": "아르떼뮤지엄 강릉",
            "final_score": 0.0983,
            "distance_from_center": 0.81
          },
          {
            "id": 13300191,
            "name": "경포도립공원",
            "final_score": 0.1365,
            "distance_from_center": 1.01
          },
          {
            "id": 1881857549,
            "name": "강릉 메타버스 체험관",
            "final_score": 0.0134,
            "distance_from_center": 1.05
          },
          {
            "id": 12079976,
            "name": "경포해수욕장",
            "final_score": 0.1361,
            "distance_from_center": 1.42
          },
          {
            "id": 32777223,
            "name": "자연아놀자 체험학습박물관",
            "final_score": 0.0048,
            "distance_from_center": 1.43
          }
        ]
      }
    },
    {
      "cluster_id": 1,
      "date": "2025-06-11",
      "weekday": "수",
      "seed_category": "Cafe",
      "seed_place": {
        "id": 31529835,
        "name": "커피내리는 버스정류장",
        "final_score": 0.4624
      },
      "center_lat": 37.764549,
      "center_lng": 128.891962,
      "categories": {
        "Cafe": [
          {
            "id": 31529835,
            "name": "커피내리는 버스정류장",
            "final_score": 0.4624,
            "distance_from_center": 0.0
          },
          {
            "id": 1575948320,
            "name": "크림블랑",
            "final_score": 0.0538,
            "distance_from_center": 0.34
          },
          {
            "id": 1547896837,
            "name": "솔방울제과점",
            "final_score": 0.1095,
            "distance_from_center": 0.45
          },
          {
            "id": 1962975056,
            "name": "마카모예 베이글바",
            "final_score": 0.2335,
            "distance_from_center": 0.53
          },
          {
            "id": 1331157860,
            "name": "이스트 베이커리",
            "final_score": 0.3121,
            "distance_from_center": 0.53
          },
          {
            "id": 1879279368,
            "name": "스타벅스 강릉율곡DT점",
            "final_score": 0.2015,
            "distance_from_center": 0.6
          },
          {
            "id": 1504291324,
            "name": "백금당 강릉점",
            "final_score": 0.2262,
            "distance_from_center": 0.65
          },
          {
            "id": 1506869074,
            "name": "카페 코버트",
            "final_score": 0.1099,
            "distance_from_center": 0.65
          },
          {
            "id": 1671795817,
            "name": "알뜨",
            "final_score": 0.2605,
            "distance_from_center": 0.71
          },
          {
            "id": 1024642914,
            "name": "오브더모먼트",
            "final_score": 0.3048,
            "distance_from_center": 0.71
          },
          {
            "id": 1270153623,
            "name": "두딩",
            "final_score": 0.331,
            "distance_from_center": 0.72
          },
          {
            "id": 1656009767,
            "name": "메가MGC커피 강릉역점",
            "final_score": 0.3666,
            "distance_from_center": 0.72
          },
          {
            "id": 1763916720,
            "name": "강릉커피콩빵 강릉당 강릉역점",
            "final_score": 0.3487,
            "distance_from_center": 0.73
          },
          {
            "id": 1111813353,
            "name": "플레이스 플러스",
            "final_score": 0.3879,
            "distance_from_center": 0.74
          },
          {
            "id": 1182677835,
            "name": "라스텔리나",
            "final_score": 0.2599,
            "distance_from_center": 0.75
          }
        ],
        "Restaurant": [
          {
            "id": 31442589,
            "name": "이삭토스트 강릉교동점",
            "final_score": 0.1709,
            "distance_from_center": 0.05
          },
          {
            "id": 15377936,
            "name": "한양만두분식",
            "final_score": 0.198,
            "distance_from_center": 0.08
          },
          {
            "id": 36767003,
            "name": "참치이야기",
            "final_score": 0.2178,
            "distance_from_center": 0.13
          },
          {
            "id": 1670442388,
            "name": "강릉역맛집 마키김밥 교동본점",
            "final_score": 0.3226,
            "distance_from_center": 0.13
          },
          {
            "id": 36102761,
            "name": "주막골밥상",
            "final_score": 0.1507,
            "distance_from_center": 0.15
          },
          {
            "id": 1364014336,
            "name": "길목푸드",
            "final_score": 0.2964,
            "distance_from_center": 0.26
          },
          {
            "id": 1604061144,
            "name": "고메당 양갈비",
            "final_score": 0.2718,
            "distance_from_center": 0.43
          },
          {
            "id": 11578368,
            "name": "가작다리 가든",
            "final_score": 0.2016,
            "distance_from_center": 0.46
          },
          {
            "id": 19325932,
            "name": "메밀능이촌 강릉역본점",
            "final_score": 0.1937,
            "distance_from_center": 0.47
          },
          {
            "id": 15382768,
            "name": "별미해물찜",
            "final_score": 0.2665,
            "distance_from_center": 0.47
          },
          {
            "id": 1849872224,
            "name": "화부산막국수",
            "final_score": 0.2489,
            "distance_from_center": 0.52
          },
          {
            "id": 38571130,
            "name": "송정가든",
            "final_score": 0.1586,
            "distance_from_center": 0.58
          },
          {
            "id": 1942707488,
            "name": "월화칼국수",
            "final_score": 0.3008,
            "distance_from_center": 0.64
          },
          {
            "id": 12013574,
            "name": "홍돼지국밥 본점",
            "final_score": 0.2453,
            "distance_from_center": 0.65
          },
          {
            "id": 1878260166,
            "name": "교동시골밥상",
            "final_score": 0.3042,
            "distance_from_center": 0.67
          }
        ],
        "Attraction": [
          {
            "id": 11663849,
            "name": "강릉향교",
            "final_score": 0.1092,
            "distance_from_center": 0.31
          },
          {
            "id": 12762639,
            "name": "강릉시립미술관 교동",
            "final_score": 0.1345,
            "distance_from_center": 0.45
          },
          {
            "id": 1357865119,
            "name": "고래책방",
            "final_score": 0.3222,
            "distance_from_center": 0.84
          },
          {
            "id": 1550291849,
            "name": "강릉아트센터",
            "final_score": 0.3073,
            "distance_from_center": 0.85
          },
          {
            "id": 13345874,
            "name": "강릉 동부시장",
            "final_score": 0.0,
            "distance_from_center": 0.92
          },
          {
            "id": 13345877,
            "name": "강릉 서부시장",
            "final_score": 0.1058,
            "distance_from_center": 1.06
          },
          {
            "id": 1287320440,
            "name": "강릉 월화거리",
            "final_score": 0.0684,
            "distance_from_center": 1.08
          },
          {
            "id": 2062786512,
            "name": "강릉시립미술관 솔올",
            "final_score": 0.246,
            "distance_from_center": 1.25
          },
          {
            "id": 15685783,
            "name": "강릉 대도호부 관아",
            "final_score": 0.1346,
            "distance_from_center": 1.25
          },
          {
            "id": 749351147,
            "name": "강릉 임영관 삼문",
            "final_score": 0.0867,
            "distance_from_center": 1.27
          },
          {
            "id": 13345873,
            "name": "강릉 중앙시장",
            "final_score": 0.1736,
            "distance_from_center": 1.31
          },
          {
            "id": 1775014582,
            "name": "리고엠",
            "final_score": 0.2043,
            "distance_from_center": 1.32
          },
          {
            "id": 1249952785,
            "name": "강릉 명주동 거리",
            "final_score": 0.2988,
            "distance_from_center": 1.49
          },
          {
            "id": 38623679,
            "name": "명주예술마당",
            "final_score": 0.1222,
            "distance_from_center": 1.57
          },
          {
            "id": 1211834959,
            "name": "강릉올림픽뮤지엄",
            "final_score": 0.0985,
            "distance_from_center": 1.71
          }
        ]
      }
    },
    {
      "cluster_id": 2,
      "date": "2025-06-12",
      "weekday": "목",
      "seed_category": "Restaurant",
      "seed_place": {
        "id": 1405926737,
        "name": "강릉모카번",
        "final_score": 0.4458
      },
      "center_lat": 37.751775,
      "center_lng": 128.897764,
      "categories": {
        "Cafe": [
          {
            "id": 1669842519,
            "name": "오버웨잇 강릉본점",
            "final_score": 0.2451,
            "distance_from_center": 0.19
          },
          {
            "id": 1683765421,
            "name": "타임슬립",
            "final_score": 0.2766,
            "distance_from_center": 0.19
          },
          {
            "id": 35256483,
            "name": "설빙 강릉대학로점",
            "final_score": 0.2614,
            "distance_from_center": 0.19
          },
          {
            "id": 1086491623,
            "name": "파충류카페 강릉점",
            "final_score": 0.1933,
            "distance_from_center": 0.21
          },
          {
            "id": 1758181058,
            "name": "김성수제빵소 강릉점",
            "final_score": 0.3028,
            "distance_from_center": 0.22
          },
          {
            "id": 2094977764,
            "name": "장인더 강릉",
            "final_score": 0.193,
            "distance_from_center": 0.22
          },
          {
            "id": 38345396,
            "name": "지베이스",
            "final_score": 0.2664,
            "distance_from_center": 0.25
          },
          {
            "id": 1355852682,
            "name": "젤라또마켓 순두부젤라또",
            "final_score": 0.315,
            "distance_from_center": 0.26
          },
          {
            "id": 1318617687,
            "name": "강릉이래요",
            "final_score": 0.2089,
            "distance_from_center": 0.26
          },
          {
            "id": 1697573959,
            "name": "강릉커피콩빵 강릉당 중앙시장점",
            "final_score": 0.4,
            "distance_from_center": 0.27
          },
          {
            "id": 1246478918,
            "name": "중화짬뽕빵",
            "final_score": 0.3686,
            "distance_from_center": 0.27
          },
          {
            "id": 1689574654,
            "name": "굴리아케이크",
            "final_score": 0.2847,
            "distance_from_center": 0.27
          },
          {
            "id": 1202298255,
            "name": "팡파미유 중앙시장점",
            "final_score": 0.301,
            "distance_from_center": 0.27
          },
          {
            "id": 1921017062,
            "name": "카페시로울",
            "final_score": 0.3254,
            "distance_from_center": 0.29
          },
          {
            "id": 2013389102,
            "name": "크레마코스타 중앙시장점",
            "final_score": 0.4369,
            "distance_from_center": 0.3
          }
        ],
        "Restaurant": [
          {
            "id": 1405926737,
            "name": "강릉모카번",
            "final_score": 0.4458,
            "distance_from_center": 0.0
          },
          {
            "id": 15299161,
            "name": "삼삼해물찜",
            "final_score": 0.205,
            "distance_from_center": 0.07
          },
          {
            "id": 32443745,
            "name": "불향쭈꾸미볶음",
            "final_score": 0.2828,
            "distance_from_center": 0.1
          },
          {
            "id": 32037906,
            "name": "정윤이네먹거리",
            "final_score": 0.2741,
            "distance_from_center": 0.1
          },
          {
            "id": 1603154990,
            "name": "성남대운식당",
            "final_score": 0.1949,
            "distance_from_center": 0.14
          },
          {
            "id": 12052285,
            "name": "부부보쌈",
            "final_score": 0.2832,
            "distance_from_center": 0.14
          },
          {
            "id": 1368387404,
            "name": "시나미왕갈비탕",
            "final_score": 0.2473,
            "distance_from_center": 0.15
          },
          {
            "id": 1961675235,
            "name": "곱창미지수",
            "final_score": 0.3451,
            "distance_from_center": 0.15
          },
          {
            "id": 1085464055,
            "name": "강릉길감자",
            "final_score": 0.2312,
            "distance_from_center": 0.15
          },
          {
            "id": 1560658401,
            "name": "솔옥",
            "final_score": 0.2916,
            "distance_from_center": 0.15
          },
          {
            "id": 1379005450,
            "name": "떡볶이는생각하지마세요",
            "final_score": 0.2666,
            "distance_from_center": 0.15
          },
          {
            "id": 15299914,
            "name": "감자바우 장칼국수",
            "final_score": 0.2745,
            "distance_from_center": 0.15
          },
          {
            "id": 1622671621,
            "name": "불개미식당",
            "final_score": 0.2884,
            "distance_from_center": 0.16
          },
          {
            "id": 1129595331,
            "name": "애경부침",
            "final_score": 0.3683,
            "distance_from_center": 0.16
          },
          {
            "id": 1175212803,
            "name": "성남장터",
            "final_score": 0.2083,
            "distance_from_center": 0.18
          }
        ],
        "Attraction": [
          {
            "id": 12955259,
            "name": "단오타운전시관",
            "final_score": 0.071,
            "distance_from_center": 0.46
          },
          {
            "id": 15693581,
            "name": "강릉 남산공원",
            "final_score": 0.0598,
            "distance_from_center": 0.56
          },
          {
            "id": 11592129,
            "name": "강릉교육문화관",
            "final_score": 0.1246,
            "distance_from_center": 0.66
          },
          {
            "id": 35188457,
            "name": "애니멀스토리",
            "final_score": 0.1056,
            "distance_from_center": 0.84
          },
          {
            "id": 37090227,
            "name": "버드나무 브루어리",
            "final_score": 0.2528,
            "distance_from_center": 1.23
          },
          {
            "id": 11535675,
            "name": "강릉문화원",
            "final_score": 0.1036,
            "distance_from_center": 2.24
          },
          {
            "id": 1412053208,
            "name": "처음처럼&새로 브랜드 체험관",
            "final_score": 0.1131,
            "distance_from_center": 2.79
          },
          {
            "id": 37081677,
            "name": "수상한마법학교",
            "final_score": 0.004,
            "distance_from_center": 2.88
          },
          {
            "id": 21824426,
            "name": "강릉원주대학교 박물관",
            "final_score": 0.0881,
            "distance_from_center": 3.22
          },
          {
            "id": 19832807,
            "name": "강릉자수박물관",
            "final_score": 0.0004,
            "distance_from_center": 3.29
          },
          {
            "id": 1346656418,
            "name": "경포생태저류지",
            "final_score": 0.001,
            "distance_from_center": 3.4
          },
          {
            "id": 11620702,
            "name": "강릉 오죽헌·시립박물관",
            "final_score": 0.1102,
            "distance_from_center": 3.44
          },
          {
            "id": 20066249,
            "name": "강릉 수리골 고택",
            "final_score": 0.2405,
            "distance_from_center": 3.87
          },
          {
            "id": 1243747688,
            "name": "병산 옹심이마을",
            "final_score": 0.039,
            "distance_from_center": 4.01
          },
          {
            "id": 11687693,
            "name": "강릉 선교장",
            "final_score": 0.0637,
            "distance_from_center": 4.03
          }
        ]
      }
    },
    {
      "cluster_id": 3,
      "date": "2025-06-13",
      "weekday": "금",
      "seed_category": "Restaurant",
      "seed_place": {
        "id": 1771946366,
        "name": "배꼽시계",
        "final_score": 0.4448
      },
      "center_lat": 37.7545,
      "center_lng": 128.896494,
      "categories": {
        "Cafe": [
          {
            "id": 37160959,
            "name": "배스킨라빈스 강릉대학로점",
            "final_score": 0.2813,
            "distance_from_center": 0.03
          },
          {
            "id": 1651019497,
            "name": "스타벅스 강릉중앙점",
            "final_score": 0.2537,
            "distance_from_center": 0.06
          },
          {
            "id": 1659347323,
            "name": "강릉샌드",
            "final_score": 0.3389,
            "distance_from_center": 0.21
          },
          {
            "id": 1526049518,
            "name": "커피러버스",
            "final_score": 0.2619,
            "distance_from_center": 0.21
          },
          {
            "id": 30959782,
            "name": "투썸플레이스 강릉중앙점",
            "final_score": 0.2069,
            "distance_from_center": 0.24
          },
          {
            "id": 1099817979,
            "name": "달콤하잉",
            "final_score": 0.2782,
            "distance_from_center": 0.24
          },
          {
            "id": 1019654977,
            "name": "희게",
            "final_score": 0.322,
            "distance_from_center": 0.25
          },
          {
            "id": 1001417136,
            "name": "리도커피",
            "final_score": 0.2892,
            "distance_from_center": 0.26
          },
          {
            "id": 1277825412,
            "name": "바스투체어",
            "final_score": 0.2543,
            "distance_from_center": 0.27
          },
          {
            "id": 1517734190,
            "name": "강원옥찹쌀떡 중앙시장점",
            "final_score": 0.3244,
            "distance_from_center": 0.27
          },
          {
            "id": 2078030409,
            "name": "강릉베이글",
            "final_score": 0.1864,
            "distance_from_center": 0.27
          },
          {
            "id": 2017317134,
            "name": "상록당",
            "final_score": 0.2371,
            "distance_from_center": 0.3
          },
          {
            "id": 1315387703,
            "name": "베리베리딸기",
            "final_score": 0.2832,
            "distance_from_center": 0.32
          },
          {
            "id": 1578033962,
            "name": "이로이로스모모",
            "final_score": 0.2466,
            "distance_from_center": 0.33
          },
          {
            "id": 1070351925,
            "name": "임당동162",
            "final_score": 0.2312,
            "distance_from_center": 0.34
          }
        ],
        "Restaurant": [
          {
            "id": 1771946366,
            "name": "배꼽시계",
            "final_score": 0.4448,
            "distance_from_center": 0.0
          },
          {
            "id": 1670400618,
            "name": "김밥천국 임당점",
            "final_score": 0.2248,
            "distance_from_center": 0.02
          },
          {
            "id": 1130880606,
            "name": "월화의 부엌",
            "final_score": 0.2849,
            "distance_from_center": 0.08
          },
          {
            "id": 539519138,
            "name": "김밥나라 강릉본점",
            "final_score": 0.208,
            "distance_from_center": 0.09
          },
          {
            "id": 1844878772,
            "name": "삼척풍물호떡",
            "final_score": 0.1736,
            "distance_from_center": 0.09
          },
          {
            "id": 1821311733,
            "name": "강릉떡볶이",
            "final_score": 0.2867,
            "distance_from_center": 0.11
          },
          {
            "id": 1593466816,
            "name": "내마음에찜 강릉본점",
            "final_score": 0.3181,
            "distance_from_center": 0.14
          },
          {
            "id": 1406475436,
            "name": "이쉐프의돈까스",
            "final_score": 0.3465,
            "distance_from_center": 0.14
          },
          {
            "id": 34266306,
            "name": "인사동손칼국시",
            "final_score": 0.3116,
            "distance_from_center": 0.14
          },
          {
            "id": 1438330569,
            "name": "두끼 강릉점",
            "final_score": 0.2221,
            "distance_from_center": 0.15
          },
          {
            "id": 1524921997,
            "name": "이화김밥",
            "final_score": 0.1734,
            "distance_from_center": 0.16
          },
          {
            "id": 15290632,
            "name": "백제삼계탕",
            "final_score": 0.2331,
            "distance_from_center": 0.16
          },
          {
            "id": 33920318,
            "name": "여왕개미식당",
            "final_score": 0.4361,
            "distance_from_center": 0.16
          },
          {
            "id": 832676692,
            "name": "명랑핫도그 강릉대학로점",
            "final_score": 0.1419,
            "distance_from_center": 0.17
          },
          {
            "id": 1375694513,
            "name": "함지네먹거리",
            "final_score": 0.2937,
            "distance_from_center": 0.17
          }
        ],
        "Attraction": [
          {
            "id": 31044854,
            "name": "경포가시연습지",
            "final_score": 0.0906,
            "distance_from_center": 3.89
          },
          {
            "id": 1675156043,
            "name": "강릉 경포대",
            "final_score": 0.216,
            "distance_from_center": 4.57
          },
          {
            "id": 13491109,
            "name": "경포호",
            "final_score": 0.0048,
            "distance_from_center": 4.57
          },
          {
            "id": 20065935,
            "name": "송정해변",
            "final_score": 0.0663,
            "distance_from_center": 4.57
          },
          {
            "id": 1300520912,
            "name": "르꼬따쥬",
            "final_score": 0.186,
            "distance_from_center": 4.64
          },
          {
            "id": 32268465,
            "name": "환희컵박물관",
            "final_score": 0.0909,
            "distance_from_center": 4.67
          },
          {
            "id": 939463951,
            "name": "강릉 안목해맞이공원",
            "final_score": 0.1987,
            "distance_from_center": 4.81
          },
          {
            "id": 12409858,
            "name": "참소리에디슨손성목영화박물관",
            "final_score": 0.0039,
            "distance_from_center": 4.81
          },
          {
            "id": 20947876,
            "name": "강릉커피거리",
            "final_score": 0.3226,
            "distance_from_center": 4.9
          },
          {
            "id": 13491906,
            "name": "안목해변",
            "final_score": 0.2026,
            "distance_from_center": 4.9
          },
          {
            "id": 13491444,
            "name": "남항진해변",
            "final_score": 0.0395,
            "distance_from_center": 5.19
          },
          {
            "id": 15692195,
            "name": "강릉항",
            "final_score": 0.0783,
            "distance_from_center": 5.21
          },
          {
            "id": 13126966,
            "name": "풍호마을",
            "final_score": 0.0958,
            "distance_from_center": 5.4
          }
        ]
      }
    },
    {
      "cluster_id": 4,
      "date": "2025-06-14",
      "weekday": "토",
      "seed_category": "Cafe",
      "seed_place": {
        "id": 1209837360,
        "name": "초당고래로스팅카페",
        "final_score": 0.4413
      },
      "center_lat": 37.78854,
      "center_lng": 128.913525,
      "categories": {
        "Cafe": [
          {
            "id": 1209837360,
            "name": "초당고래로스팅카페",
            "final_score": 0.4413,
            "distance_from_center": 0.0
          },
          {
            "id": 1621771668,
            "name": "카페 초당순 강릉본점",
            "final_score": 0.4125,
            "distance_from_center": 0.07
          },
          {
            "id": 1974801379,
            "name": "카페콥스",
            "final_score": 0.1946,
            "distance_from_center": 0.09
          },
          {
            "id": 1834719170,
            "name": "초당소금빵",
            "final_score": 0.1995,
            "distance_from_center": 0.12
          },
          {
            "id": 1405929814,
            "name": "초당커피정미소 본점",
            "final_score": 0.1285,
            "distance_from_center": 0.15
          },
          {
            "id": 1959930841,
            "name": "강릉 미어지게",
            "final_score": 0.3424,
            "distance_from_center": 0.16
          },
          {
            "id": 1794472949,
            "name": "에브리모먼트커피",
            "final_score": 0.3824,
            "distance_from_center": 0.22
          },
          {
            "id": 1037671264,
            "name": "카페동화",
            "final_score": 0.2666,
            "distance_from_center": 0.31
          },
          {
            "id": 1195768568,
            "name": "플레이스 플러스",
            "final_score": 0.2859,
            "distance_from_center": 0.33
          },
          {
            "id": 1995634579,
            "name": "강릉 초당찰떡",
            "final_score": 0.1499,
            "distance_from_center": 0.34
          },
          {
            "id": 1046848158,
            "name": "초당커피",
            "final_score": 0.3145,
            "distance_from_center": 0.34
          },
          {
            "id": 1994587010,
            "name": "말차로",
            "final_score": 0.2483,
            "distance_from_center": 0.34
          },
          {
            "id": 1492455872,
            "name": "카페기와",
            "final_score": 0.3006,
            "distance_from_center": 0.38
          },
          {
            "id": 1087262116,
            "name": "강원옥 찹쌀떡",
            "final_score": 0.4196,
            "distance_from_center": 0.4
          },
          {
            "id": 1986612032,
            "name": "롱브레드 초당",
            "final_score": 0.2257,
            "distance_from_center": 0.42
          }
        ],
        "Restaurant": [
          {
            "id": 33152153,
            "name": "초당토박이할머니순두부",
            "final_score": 0.1931,
            "distance_from_center": 0.04
          },
          {
            "id": 35828643,
            "name": "초당송도불향쭈꾸미 본점",
            "final_score": 0.4382,
            "distance_from_center": 0.05
          },
          {
            "id": 1265044520,
            "name": "그옛날초당순두부",
            "final_score": 0.2613,
            "distance_from_center": 0.08
          },
          {
            "id": 2094272054,
            "name": "강릉짬뽕순두부마법사",
            "final_score": 0.2278,
            "distance_from_center": 0.09
          },
          {
            "id": 1632217656,
            "name": "메시56",
            "final_score": 0.1596,
            "distance_from_center": 0.1
          },
          {
            "id": 1653763172,
            "name": "뉴솔향초당순두부",
            "final_score": 0.2159,
            "distance_from_center": 0.17
          },
          {
            "id": 1453209507,
            "name": "산마루황태촌 초당직영점",
            "final_score": 0.3254,
            "distance_from_center": 0.18
          },
          {
            "id": 1292073957,
            "name": "초당명가 짬뽕순두부",
            "final_score": 0.2629,
            "distance_from_center": 0.19
          },
          {
            "id": 631054551,
            "name": "강릉 낭만게장&백숙",
            "final_score": 0.3111,
            "distance_from_center": 0.2
          },
          {
            "id": 1359335955,
            "name": "초당민들레",
            "final_score": 0.2418,
            "distance_from_center": 0.21
          },
          {
            "id": 37698425,
            "name": "메밀향기",
            "final_score": 0.2812,
            "distance_from_center": 0.23
          },
          {
            "id": 1951460203,
            "name": "은대봉",
            "final_score": 0.2451,
            "distance_from_center": 0.25
          },
          {
            "id": 13052149,
            "name": "정은숙초당순두부",
            "final_score": 0.2747,
            "distance_from_center": 0.28
          },
          {
            "id": 32039146,
            "name": "부일손칼국수",
            "final_score": 0.2514,
            "distance_from_center": 0.3
          },
          {
            "id": 11859878,
            "name": "강릉짬뽕순두부 동화가든 본점",
            "final_score": 0.2874,
            "distance_from_center": 0.31
          }
        ],
        "Attraction": [
          {
            "id": 15371716,
            "name": "사근진해변",
            "final_score": 0.1557,
            "distance_from_center": 2.99
          },
          {
            "id": 1338629806,
            "name": "사근진해중공원 전망대",
            "final_score": 0.0727,
            "distance_from_center": 2.99
          },
          {
            "id": 1338629806,
            "name": "사근진해중공원 전망대",
            "final_score": 0.0727,
            "distance_from_center": 2.99
          },
          {
            "id": 13491745,
            "name": "순긋해변",
            "final_score": 0.1616,
            "distance_from_center": 3.62
          },
          {
            "id": 20103328,
            "name": "순포해변",
            "final_score": 0.0847,
            "distance_from_center": 3.98
          },
          {
            "id": 1884028346,
            "name": "순포습지",
            "final_score": 0.1528,
            "distance_from_center": 4.14
          },
          {
            "id": 13491268,
            "name": "사천해변",
            "final_score": 0.2998,
            "distance_from_center": 5.51
          }
        ]
      }
    }
  ]
}