{
  "user_id": "U0339",
  "start_date": "2025-03-11",
  "start_weekday": "화",
  "duration_days": 2,
  "budget": 300000,
  "num_clusters": 2,
  "clustering_method": "greedy_score_based_with_store_hours",
  "seed_strategy": "highest_score_only",
  "max_cluster_radius_km": 6,
  "min_places_per_category": 7,
  "places_per_category": 15,
  "Accommodation": 10048130,
  "clusters": [
    {
      "cluster_id": 0,
      "date": "2025-03-11",
      "weekday": "화",
      "seed_category": "Attraction",
      "seed_place": {
        "id": 1940124735,
        "name": "강문솟대다리",
        "final_score": 0.5298
      },
      "center_lat": 37.798564,
      "center_lng": 128.912622,
      "categories": {
        "Cafe": [
          {
            "id": 1176434004,
            "name": "AURA Cafe&Lounge",
            "final_score": 0.4183,
            "distance_from_center": 0.14
          },
          {
            "id": 1497289783,
            "name": "꾸옥 GGUOK",
            "final_score": 0.1558,
            "distance_from_center": 0.43
          },
          {
            "id": 189619233,
            "name": "강릉커피빵 본점",
            "final_score": 0.3072,
            "distance_from_center": 0.44
          },
          {
            "id": 1103533977,
            "name": "허스크밀",
            "final_score": 0.2375,
            "distance_from_center": 0.5
          },
          {
            "id": 1212033877,
            "name": "강릉샌드 초당점",
            "final_score": 0.2512,
            "distance_from_center": 0.5
          },
          {
            "id": 1763738753,
            "name": "마더커피 강문점",
            "final_score": 0.348,
            "distance_from_center": 0.53
          },
          {
            "id": 1869523471,
            "name": "강릉 조개빵 강릉본점",
            "final_score": 0.3433,
            "distance_from_center": 0.55
          },
          {
            "id": 1709924447,
            "name": "롱블랙",
            "final_score": 0.4831,
            "distance_from_center": 0.56
          },
          {
            "id": 1625751111,
            "name": "커피커퍼박물관",
            "final_score": 0.2412,
            "distance_from_center": 0.59
          },
          {
            "id": 1591483811,
            "name": "카페밀",
            "final_score": 0.2315,
            "distance_from_center": 0.59
          },
          {
            "id": 2067971861,
            "name": "안초당",
            "final_score": 0.3389,
            "distance_from_center": 0.63
          },
          {
            "id": 1639218638,
            "name": "덴켄",
            "final_score": 0.3477,
            "distance_from_center": 0.65
          },
          {
            "id": 998885728,
            "name": "카페 툇마루",
            "final_score": 0.2466,
            "distance_from_center": 0.66
          },
          {
            "id": 1926085994,
            "name": "스타벅스 강릉강문해변점",
            "final_score": 0.4512,
            "distance_from_center": 0.67
          },
          {
            "id": 1630731945,
            "name": "강릉 사임당 인절미 강문본점",
            "final_score": 0.2058,
            "distance_from_center": 0.69
          }
        ],
        "Restaurant": [
          {
            "id": 1391626004,
            "name": "설렘덩크",
            "final_score": 0.2664,
            "distance_from_center": 0.1
          },
          {
            "id": 1489310166,
            "name": "짬뽕 순두부 초당애",
            "final_score": 0.2408,
            "distance_from_center": 0.19
          },
          {
            "id": 2096131729,
            "name": "바담냉면 강릉본점",
            "final_score": 0.3461,
            "distance_from_center": 0.33
          },
          {
            "id": 1717795976,
            "name": "강릉칼제비 강릉본점",
            "final_score": 0.3437,
            "distance_from_center": 0.33
          },
          {
            "id": 2098103072,
            "name": "만야수산 경포대본점",
            "final_score": 0.3703,
            "distance_from_center": 0.33
          },
          {
            "id": 1962439120,
            "name": "해궁식당",
            "final_score": 0.2771,
            "distance_from_center": 0.37
          },
          {
            "id": 1635365791,
            "name": "팔도숯불조개구이",
            "final_score": 0.1584,
            "distance_from_center": 0.39
          },
          {
            "id": 1815335754,
            "name": "오봉이해물칼국수 강릉본점",
            "final_score": 0.386,
            "distance_from_center": 0.39
          },
          {
            "id": 1949567929,
            "name": "화니조개구이",
            "final_score": 0.3767,
            "distance_from_center": 0.39
          },
          {
            "id": 15327157,
            "name": "고향산천초당순두부",
            "final_score": 0.2114,
            "distance_from_center": 0.39
          },
          {
            "id": 1025642664,
            "name": "팔도전복해물뚝배기",
            "final_score": 0.1552,
            "distance_from_center": 0.45
          },
          {
            "id": 15328404,
            "name": "빛고을식당",
            "final_score": 0.1932,
            "distance_from_center": 0.5
          },
          {
            "id": 1087147744,
            "name": "강문칼국수",
            "final_score": 0.0837,
            "distance_from_center": 0.53
          },
          {
            "id": 1693762102,
            "name": "서울양계",
            "final_score": 0.1956,
            "distance_from_center": 0.53
          },
          {
            "id": 1479188834,
            "name": "청춘돌우럭&물회 강릉본점",
            "final_score": 0.3667,
            "distance_from_center": 0.54
          }
        ],
        "Attraction": [
          {
            "id": 1940124735,
            "name": "강문솟대다리",
            "final_score": 0.5298,
            "distance_from_center": 0.0
          },
          {
            "id": 472414455,
            "name": "경포호수광장",
            "final_score": 0.3399,
            "distance_from_center": 0.29
          },
          {
            "id": 1063021154,
            "name": "경포플라워가든",
            "final_score": 0.3479,
            "distance_from_center": 0.35
          },
          {
            "id": 31506191,
            "name": "초당순두부마을",
            "final_score": 0.1388,
            "distance_from_center": 0.51
          },
          {
            "id": 13300191,
            "name": "경포도립공원",
            "final_score": 0.4134,
            "distance_from_center": 0.52
          },
          {
            "id": 1542622512,
            "name": "원더스카이",
            "final_score": 0.086,
            "distance_from_center": 0.57
          },
          {
            "id": 13491183,
            "name": "강문해변",
            "final_score": 0.2952,
            "distance_from_center": 0.7
          },
          {
            "id": 20066218,
            "name": "허난설헌 생가터",
            "final_score": 0.3394,
            "distance_from_center": 0.78
          },
          {
            "id": 1130774967,
            "name": "허균·허난설헌 기념공원",
            "final_score": 0.4375,
            "distance_from_center": 0.79
          },
          {
            "id": 12079976,
            "name": "경포해수욕장",
            "final_score": 0.4008,
            "distance_from_center": 0.93
          },
          {
            "id": 37434460,
            "name": "경포 아쿠아리움",
            "final_score": 0.1727,
            "distance_from_center": 1.03
          },
          {
            "id": 1090555407,
            "name": "아르떼뮤지엄 강릉",
            "final_score": 0.3045,
            "distance_from_center": 1.03
          },
          {
            "id": 1112785467,
            "name": "런닝맨 강릉점",
            "final_score": 0.1723,
            "distance_from_center": 1.14
          },
          {
            "id": 1881857549,
            "name": "강릉 메타버스 체험관",
            "final_score": 0.0752,
            "distance_from_center": 1.29
          },
          {
            "id": 12409858,
            "name": "참소리에디슨손성목영화박물관",
            "final_score": 0.0792,
            "distance_from_center": 1.35
          }
        ]
      }
    },
    {
      "cluster_id": 1,
      "date": "2025-03-12",
      "weekday": "수",
      "seed_category": "Attraction",
      "seed_place": {
        "id": 2145408639,
        "name": "강릉 방동리 무궁화",
        "final_score": 0.4978
      },
      "center_lat": 37.827434,
      "center_lng": 128.863937,
      "categories": {
        "Cafe": [
          {
            "id": 2058022471,
            "name": "온유",
            "final_score": 0.4715,
            "distance_from_center": 1.17
          },
          {
            "id": 1246262619,
            "name": "우가",
            "final_score": 0.3521,
            "distance_from_center": 1.39
          },
          {
            "id": 2069032826,
            "name": "원강희과자점",
            "final_score": 0.2219,
            "distance_from_center": 1.56
          },
          {
            "id": 1174295057,
            "name": "깔라마리",
            "final_score": 0.2531,
            "distance_from_center": 1.8
          },
          {
            "id": 13535267,
            "name": "쉘리스",
            "final_score": 0.2922,
            "distance_from_center": 1.81
          },
          {
            "id": 1745145004,
            "name": "바우카페 본점",
            "final_score": 0.3177,
            "distance_from_center": 1.82
          },
          {
            "id": 1779443730,
            "name": "곳",
            "final_score": 0.4113,
            "distance_from_center": 1.93
          },
          {
            "id": 1854962812,
            "name": "테라로사 사천해변점",
            "final_score": 0.2937,
            "distance_from_center": 1.94
          },
          {
            "id": 1288938606,
            "name": "오늘에",
            "final_score": 0.3906,
            "distance_from_center": 2.31
          },
          {
            "id": 1777557364,
            "name": "크림하우스",
            "final_score": 0.3171,
            "distance_from_center": 2.57
          },
          {
            "id": 1986607278,
            "name": "백야커피",
            "final_score": 0.2852,
            "distance_from_center": 3.56
          },
          {
            "id": 1899236965,
            "name": "삼송빵집 강릉경포점",
            "final_score": 0.1382,
            "distance_from_center": 3.99
          },
          {
            "id": 1439249340,
            "name": "서지초가뜰",
            "final_score": 0.4905,
            "distance_from_center": 4.31
          },
          {
            "id": 19861939,
            "name": "크레마코스타",
            "final_score": 0.3887,
            "distance_from_center": 4.35
          },
          {
            "id": 1083326838,
            "name": "씨엠디컴퍼니",
            "final_score": 0.2398,
            "distance_from_center": 4.4
          }
        ],
        "Restaurant": [
          {
            "id": 1760318925,
            "name": "대관령주막",
            "final_score": 0.2321,
            "distance_from_center": 0.84
          },
          {
            "id": 1015624214,
            "name": "사천샘골식당",
            "final_score": 0.3436,
            "distance_from_center": 1.14
          },
          {
            "id": 945583235,
            "name": "산호막국수",
            "final_score": 0.3558,
            "distance_from_center": 1.14
          },
          {
            "id": 35743969,
            "name": "솔밭추어탕",
            "final_score": 0.2961,
            "distance_from_center": 1.18
          },
          {
            "id": 1866632720,
            "name": "사천닭내장탕",
            "final_score": 0.1466,
            "distance_from_center": 1.33
          },
          {
            "id": 1951006286,
            "name": "흑진주",
            "final_score": 0.1743,
            "distance_from_center": 1.33
          },
          {
            "id": 15372123,
            "name": "사천소머리국밥",
            "final_score": 0.2158,
            "distance_from_center": 1.33
          },
          {
            "id": 15372120,
            "name": "금학분식",
            "final_score": 0.3257,
            "distance_from_center": 1.33
          },
          {
            "id": 21226036,
            "name": "개두릅장칼국수",
            "final_score": 0.1576,
            "distance_from_center": 1.39
          },
          {
            "id": 1117927212,
            "name": "병천순대모래내",
            "final_score": 0.1416,
            "distance_from_center": 1.41
          },
          {
            "id": 1468367465,
            "name": "채선당 강릉사천항점",
            "final_score": 0.2523,
            "distance_from_center": 1.44
          },
          {
            "id": 1693850894,
            "name": "낙천식당",
            "final_score": 0.1933,
            "distance_from_center": 1.45
          },
          {
            "id": 19891301,
            "name": "장안횟집",
            "final_score": 0.3006,
            "distance_from_center": 1.51
          },
          {
            "id": 15371788,
            "name": "전주식당",
            "final_score": 0.1611,
            "distance_from_center": 1.56
          },
          {
            "id": 15372194,
            "name": "사천면옥",
            "final_score": 0.2522,
            "distance_from_center": 1.61
          }
        ],
        "Attraction": [
          {
            "id": 2145408639,
            "name": "강릉 방동리 무궁화",
            "final_score": 0.4978,
            "distance_from_center": 0.0
          },
          {
            "id": 13491268,
            "name": "사천해변",
            "final_score": 0.4339,
            "distance_from_center": 1.23
          },
          {
            "id": 15704900,
            "name": "사천진해변(사천뒷불해수욕장)",
            "final_score": 0.2153,
            "distance_from_center": 1.83
          },
          {
            "id": 15704484,
            "name": "갈골한과체험전시관",
            "final_score": 0.0915,
            "distance_from_center": 1.84
          },
          {
            "id": 1261782152,
            "name": "호린파크(경포대허브농장)",
            "final_score": 0.4015,
            "distance_from_center": 1.9
          },
          {
            "id": 1800696554,
            "name": "하평해변(강릉)",
            "final_score": 0.3978,
            "distance_from_center": 2.05
          },
          {
            "id": 1848252796,
            "name": "강릉아기동물농장",
            "final_score": 0.1499,
            "distance_from_center": 2.11
          },
          {
            "id": 1884028346,
            "name": "순포습지",
            "final_score": 0.3706,
            "distance_from_center": 2.31
          },
          {
            "id": 20103328,
            "name": "순포해변",
            "final_score": 0.4088,
            "distance_from_center": 2.49
          },
          {
            "id": 1117620826,
            "name": "뒷뜨루관광농원",
            "final_score": 0.3994,
            "distance_from_center": 2.52
          },
          {
            "id": 13491745,
            "name": "순긋해변",
            "final_score": 0.4338,
            "distance_from_center": 2.82
          },
          {
            "id": 1338629806,
            "name": "사근진해중공원 전망대",
            "final_score": 0.4039,
            "distance_from_center": 3.47
          },
          {
            "id": 1338629806,
            "name": "사근진해중공원 전망대",
            "final_score": 0.4039,
            "distance_from_center": 3.47
          },
          {
            "id": 15371716,
            "name": "사근진해변",
            "final_score": 0.3745,
            "distance_from_center": 3.47
          },
          {
            "id": 13444336,
            "name": "연곡해변",
            "final_score": 0.4069,
            "distance_from_center": 3.76
          }
        ]
      }
    }
  ]
}