{
  "user_id": "U0341",
  "start_date": "2025-02-24",
  "start_weekday": "월",
  "duration_days": 2,
  "budget": 200000,
  "num_clusters": 2,
  "clustering_method": "greedy_score_based_with_store_hours",
  "seed_strategy": "highest_score_only",
  "max_cluster_radius_km": 6,
  "min_places_per_category": 7,
  "places_per_category": 15,
  "Accommodation": 10064399,
  "clusters": [
    {
      "cluster_id": 0,
      "date": "2025-02-24",
      "weekday": "월",
      "seed_category": "Restaurant",
      "seed_place": {
        "id": 38215574,
        "name": "네스트커리",
        "final_score": 0.4018
      },
      "center_lat": 37.762636,
      "center_lng": 128.938072,
      "categories": {
        "Cafe": [
          {
            "id": 1752487744,
            "name": "월량화",
            "final_score": 0.2853,
            "distance_from_center": 0.13
          },
          {
            "id": 1995194178,
            "name": "수줍은과자점",
            "final_score": 0.1744,
            "distance_from_center": 0.21
          },
          {
            "id": 1721611016,
            "name": "아뜨9",
            "final_score": 0.2548,
            "distance_from_center": 1.31
          },
          {
            "id": 1267158607,
            "name": "성수미술관 강릉안목점",
            "final_score": 0.2085,
            "distance_from_center": 1.34
          },
          {
            "id": 1557387521,
            "name": "할리스 강릉안목해변점",
            "final_score": 0.1402,
            "distance_from_center": 1.35
          },
          {
            "id": 15692078,
            "name": "카페알베로",
            "final_score": 0.0938,
            "distance_from_center": 1.35
          },
          {
            "id": 33021650,
            "name": "스타벅스 강릉안목해변점",
            "final_score": 0.2519,
            "distance_from_center": 1.35
          },
          {
            "id": 34203501,
            "name": "에이엠브레드앤커피",
            "final_score": 0.2865,
            "distance_from_center": 1.36
          },
          {
            "id": 1933690279,
            "name": "미르마르",
            "final_score": 0.2669,
            "distance_from_center": 1.36
          },
          {
            "id": 20585367,
            "name": "카페베네 안목점",
            "final_score": 0.2243,
            "distance_from_center": 1.36
          },
          {
            "id": 38520417,
            "name": "커피 아메리카 강릉점",
            "final_score": 0.2164,
            "distance_from_center": 1.36
          },
          {
            "id": 36399670,
            "name": "키크러스 강릉점",
            "final_score": 0.282,
            "distance_from_center": 1.36
          },
          {
            "id": 11887822,
            "name": "커피커퍼 안목점",
            "final_score": 0.1981,
            "distance_from_center": 1.37
          },
          {
            "id": 499938650,
            "name": "카페 뤼미에르",
            "final_score": 0.0695,
            "distance_from_center": 1.38
          },
          {
            "id": 1894965701,
            "name": "로지커피",
            "final_score": 0.2461,
            "distance_from_center": 1.38
          }
        ],
        "Restaurant": [
          {
            "id": 38215574,
            "name": "네스트커리",
            "final_score": 0.4018,
            "distance_from_center": 0.0
          },
          {
            "id": 1193922269,
            "name": "팔당원조칼제비 강릉남항진점",
            "final_score": 0.2886,
            "distance_from_center": 0.08
          },
          {
            "id": 1912362480,
            "name": "논가집옹심이 강릉본점",
            "final_score": 0.2522,
            "distance_from_center": 0.13
          },
          {
            "id": 1147672088,
            "name": "옹심이중국집",
            "final_score": 0.1619,
            "distance_from_center": 0.13
          },
          {
            "id": 15349260,
            "name": "감자적본부",
            "final_score": 0.2158,
            "distance_from_center": 0.16
          },
          {
            "id": 15349253,
            "name": "삼우옹심이",
            "final_score": 0.1906,
            "distance_from_center": 0.18
          },
          {
            "id": 19729238,
            "name": "가람집옹심이",
            "final_score": 0.3813,
            "distance_from_center": 0.2
          },
          {
            "id": 15349399,
            "name": "병산감자옹심이",
            "final_score": 0.1115,
            "distance_from_center": 0.21
          },
          {
            "id": 21061573,
            "name": "솔바람감자적",
            "final_score": 0.327,
            "distance_from_center": 0.21
          },
          {
            "id": 38636188,
            "name": "낙지대장",
            "final_score": 0.0919,
            "distance_from_center": 0.24
          },
          {
            "id": 1219260382,
            "name": "소나무가든",
            "final_score": 0.1821,
            "distance_from_center": 0.26
          },
          {
            "id": 15349490,
            "name": "만선감자옹심이",
            "final_score": 0.1984,
            "distance_from_center": 0.27
          },
          {
            "id": 32185305,
            "name": "건강삼계탕",
            "final_score": 0.2635,
            "distance_from_center": 0.28
          },
          {
            "id": 32185304,
            "name": "만동면옥",
            "final_score": 0.3331,
            "distance_from_center": 0.29
          },
          {
            "id": 1690518281,
            "name": "평진냉면",
            "final_score": 0.3289,
            "distance_from_center": 0.5
          }
        ],
        "Attraction": [
          {
            "id": 1243747688,
            "name": "병산 옹심이마을",
            "final_score": 0.1182,
            "distance_from_center": 0.27
          },
          {
            "id": 13491906,
            "name": "안목해변",
            "final_score": 0.2728,
            "distance_from_center": 1.38
          },
          {
            "id": 20947876,
            "name": "강릉커피거리",
            "final_score": 0.1971,
            "distance_from_center": 1.38
          },
          {
            "id": 32268465,
            "name": "환희컵박물관",
            "final_score": 0.0558,
            "distance_from_center": 1.4
          },
          {
            "id": 13491444,
            "name": "남항진해변",
            "final_score": 0.1678,
            "distance_from_center": 1.44
          },
          {
            "id": 939463951,
            "name": "강릉 안목해맞이공원",
            "final_score": 0.2478,
            "distance_from_center": 1.44
          },
          {
            "id": 15692195,
            "name": "강릉항",
            "final_score": 0.09,
            "distance_from_center": 1.55
          },
          {
            "id": 20065935,
            "name": "송정해변",
            "final_score": 0.023,
            "distance_from_center": 1.95
          },
          {
            "id": 13126966,
            "name": "풍호마을",
            "final_score": 0.0407,
            "distance_from_center": 3.04
          },
          {
            "id": 13345874,
            "name": "강릉 동부시장",
            "final_score": 0.0,
            "distance_from_center": 3.31
          },
          {
            "id": 1112785467,
            "name": "런닝맨 강릉점",
            "final_score": 0.0941,
            "distance_from_center": 3.49
          },
          {
            "id": 13345873,
            "name": "강릉 중앙시장",
            "final_score": 0.2752,
            "distance_from_center": 3.6
          },
          {
            "id": 1357865119,
            "name": "고래책방",
            "final_score": 0.3121,
            "distance_from_center": 3.62
          },
          {
            "id": 1287320440,
            "name": "강릉 월화거리",
            "final_score": 0.1561,
            "distance_from_center": 3.65
          },
          {
            "id": 11663849,
            "name": "강릉향교",
            "final_score": 0.0774,
            "distance_from_center": 3.77
          }
        ]
      }
    },
    {
      "cluster_id": 1,
      "date": "2025-02-25",
      "weekday": "화",
      "seed_category": "Restaurant",
      "seed_place": {
        "id": 945583235,
        "name": "산호막국수",
        "final_score": 0.3887
      },
      "center_lat": 37.831808,
      "center_lng": 128.875716,
      "categories": {
        "Cafe": [
          {
            "id": 2069032826,
            "name": "원강희과자점",
            "final_score": 0.332,
            "distance_from_center": 0.68
          },
          {
            "id": 13535267,
            "name": "쉘리스",
            "final_score": 0.091,
            "distance_from_center": 0.94
          },
          {
            "id": 1745145004,
            "name": "바우카페 본점",
            "final_score": 0.2241,
            "distance_from_center": 1.02
          },
          {
            "id": 1174295057,
            "name": "깔라마리",
            "final_score": 0.1993,
            "distance_from_center": 1.15
          },
          {
            "id": 1779443730,
            "name": "곳",
            "final_score": 0.2596,
            "distance_from_center": 1.32
          },
          {
            "id": 1854962812,
            "name": "테라로사 사천해변점",
            "final_score": 0.168,
            "distance_from_center": 1.33
          },
          {
            "id": 1288938606,
            "name": "오늘에",
            "final_score": 0.2068,
            "distance_from_center": 1.72
          },
          {
            "id": 1246262619,
            "name": "우가",
            "final_score": 0.1864,
            "distance_from_center": 1.76
          },
          {
            "id": 2058022471,
            "name": "온유",
            "final_score": 0.3045,
            "distance_from_center": 2.27
          },
          {
            "id": 1777557364,
            "name": "크림하우스",
            "final_score": 0.1349,
            "distance_from_center": 2.45
          },
          {
            "id": 1986607278,
            "name": "백야커피",
            "final_score": 0.1876,
            "distance_from_center": 3.05
          },
          {
            "id": 1899236965,
            "name": "삼송빵집 강릉경포점",
            "final_score": 0.128,
            "distance_from_center": 3.53
          },
          {
            "id": 1083326838,
            "name": "씨엠디컴퍼니",
            "final_score": 0.2238,
            "distance_from_center": 3.99
          },
          {
            "id": 1439249340,
            "name": "서지초가뜰",
            "final_score": 0.2696,
            "distance_from_center": 4.55
          },
          {
            "id": 11682971,
            "name": "보헤미안박이추커피본점",
            "final_score": 0.1971,
            "distance_from_center": 4.67
          }
        ],
        "Restaurant": [
          {
            "id": 945583235,
            "name": "산호막국수",
            "final_score": 0.3887,
            "distance_from_center": 0.0
          },
          {
            "id": 35743969,
            "name": "솔밭추어탕",
            "final_score": 0.3259,
            "distance_from_center": 0.24
          },
          {
            "id": 1015624214,
            "name": "사천샘골식당",
            "final_score": 0.3455,
            "distance_from_center": 0.46
          },
          {
            "id": 19891301,
            "name": "장안횟집",
            "final_score": 0.1894,
            "distance_from_center": 0.64
          },
          {
            "id": 1036955196,
            "name": "제주해인물회",
            "final_score": 0.2843,
            "distance_from_center": 0.67
          },
          {
            "id": 15371788,
            "name": "전주식당",
            "final_score": 0.1819,
            "distance_from_center": 0.68
          },
          {
            "id": 1468367465,
            "name": "채선당 강릉사천항점",
            "final_score": 0.2549,
            "distance_from_center": 0.81
          },
          {
            "id": 1760318925,
            "name": "대관령주막",
            "final_score": 0.3252,
            "distance_from_center": 1.83
          },
          {
            "id": 1434030213,
            "name": "강남흑염소전문점",
            "final_score": 0.2863,
            "distance_from_center": 2.11
          },
          {
            "id": 1951006286,
            "name": "흑진주",
            "final_score": 0.2034,
            "distance_from_center": 2.37
          },
          {
            "id": 15372123,
            "name": "사천소머리국밥",
            "final_score": 0.238,
            "distance_from_center": 2.38
          },
          {
            "id": 15372120,
            "name": "금학분식",
            "final_score": 0.336,
            "distance_from_center": 2.38
          },
          {
            "id": 1866632720,
            "name": "사천닭내장탕",
            "final_score": 0.1136,
            "distance_from_center": 2.47
          },
          {
            "id": 21226036,
            "name": "개두릅장칼국수",
            "final_score": 0.2901,
            "distance_from_center": 2.54
          },
          {
            "id": 1117927212,
            "name": "병천순대모래내",
            "final_score": 0.2118,
            "distance_from_center": 2.56
          }
        ],
        "Attraction": [
          {
            "id": 13491268,
            "name": "사천해변",
            "final_score": 0.1839,
            "distance_from_center": 0.34
          },
          {
            "id": 15704900,
            "name": "사천진해변(사천뒷불해수욕장)",
            "final_score": 0.1948,
            "distance_from_center": 1.05
          },
          {
            "id": 2145408639,
            "name": "강릉 방동리 무궁화",
            "final_score": 0.2536,
            "distance_from_center": 1.14
          },
          {
            "id": 1800696554,
            "name": "하평해변(강릉)",
            "final_score": 0.3306,
            "distance_from_center": 1.53
          },
          {
            "id": 1261782152,
            "name": "호린파크(경포대허브농장)",
            "final_score": 0.0967,
            "distance_from_center": 1.66
          },
          {
            "id": 1884028346,
            "name": "순포습지",
            "final_score": 0.1569,
            "distance_from_center": 1.72
          },
          {
            "id": 20103328,
            "name": "순포해변",
            "final_score": 0.1897,
            "distance_from_center": 1.89
          },
          {
            "id": 1848252796,
            "name": "강릉아기동물농장",
            "final_score": 0.1273,
            "distance_from_center": 2.06
          },
          {
            "id": 13491745,
            "name": "순긋해변",
            "final_score": 0.2915,
            "distance_from_center": 2.26
          },
          {
            "id": 1338629806,
            "name": "사근진해중공원 전망대",
            "final_score": 0.1173,
            "distance_from_center": 2.93
          },
          {
            "id": 15371716,
            "name": "사근진해변",
            "final_score": 0.2039,
            "distance_from_center": 2.93
          },
          {
            "id": 1338629806,
            "name": "사근진해중공원 전망대",
            "final_score": 0.1173,
            "distance_from_center": 2.93
          },
          {
            "id": 15704484,
            "name": "갈골한과체험전시관",
            "final_score": 0.1203,
            "distance_from_center": 2.96
          },
          {
            "id": 1117620826,
            "name": "뒷뜨루관광농원",
            "final_score": 0.1611,
            "distance_from_center": 3.42
          },
          {
            "id": 13444336,
            "name": "연곡해변",
            "final_score": 0.1923,
            "distance_from_center": 3.75
          }
        ]
      }
    }
  ]
}