{
  "user_id": "U0343",
  "start_date": "2025-06-27",
  "start_weekday": "금",
  "duration_days": 2,
  "budget": 800000,
  "num_clusters": 2,
  "clustering_method": "greedy_score_based_with_store_hours",
  "seed_strategy": "highest_score_only",
  "max_cluster_radius_km": 6,
  "min_places_per_category": 7,
  "places_per_category": 15,
  "Accommodation": 10057051,
  "clusters": [
    {
      "cluster_id": 0,
      "date": "2025-06-27",
      "weekday": "금",
      "seed_category": "Restaurant",
      "seed_place": {
        "id": 1817783356,
        "name": "맛마루부대찌개",
        "final_score": 0.5351
      },
      "center_lat": 37.792132,
      "center_lng": 128.919272,
      "categories": {
        "Cafe": [
          {
            "id": 1338491802,
            "name": "초당110 순두부젤라또",
            "final_score": 0.468,
            "distance_from_center": 0.19
          },
          {
            "id": 1381613890,
            "name": "강릉옥수수빵",
            "final_score": 0.2675,
            "distance_from_center": 0.25
          },
          {
            "id": 1630731945,
            "name": "강릉 사임당 인절미 강문본점",
            "final_score": 0.2698,
            "distance_from_center": 0.27
          },
          {
            "id": 1926085994,
            "name": "스타벅스 강릉강문해변점",
            "final_score": 0.3439,
            "distance_from_center": 0.3
          },
          {
            "id": 1639218638,
            "name": "덴켄",
            "final_score": 0.34,
            "distance_from_center": 0.32
          },
          {
            "id": 1087262116,
            "name": "강원옥 찹쌀떡",
            "final_score": 0.4134,
            "distance_from_center": 0.36
          },
          {
            "id": 1625751111,
            "name": "커피커퍼박물관",
            "final_score": 0.2586,
            "distance_from_center": 0.36
          },
          {
            "id": 1869523471,
            "name": "강릉 조개빵 강릉본점",
            "final_score": 0.3994,
            "distance_from_center": 0.38
          },
          {
            "id": 1948973432,
            "name": "데일리오아시스 강릉점",
            "final_score": 0.31,
            "distance_from_center": 0.39
          },
          {
            "id": 1046848158,
            "name": "초당커피",
            "final_score": 0.359,
            "distance_from_center": 0.39
          },
          {
            "id": 1927406130,
            "name": "허씨커피",
            "final_score": 0.3831,
            "distance_from_center": 0.4
          },
          {
            "id": 1709924447,
            "name": "롱블랙",
            "final_score": 0.4135,
            "distance_from_center": 0.41
          },
          {
            "id": 2067971861,
            "name": "안초당",
            "final_score": 0.391,
            "distance_from_center": 0.41
          },
          {
            "id": 2038520626,
            "name": "시만차 포그",
            "final_score": 0.3965,
            "distance_from_center": 0.41
          },
          {
            "id": 1037671264,
            "name": "카페동화",
            "final_score": 0.2865,
            "distance_from_center": 0.42
          }
        ],
        "Restaurant": [
          {
            "id": 1817783356,
            "name": "맛마루부대찌개",
            "final_score": 0.5351,
            "distance_from_center": 0.0
          },
          {
            "id": 1945123119,
            "name": "13월의강릉 강릉본점",
            "final_score": 0.1894,
            "distance_from_center": 0.12
          },
          {
            "id": 1660045304,
            "name": "최씨장칼국수",
            "final_score": 0.3729,
            "distance_from_center": 0.12
          },
          {
            "id": 1188604096,
            "name": "꿀꺽",
            "final_score": 0.3413,
            "distance_from_center": 0.12
          },
          {
            "id": 1294147426,
            "name": "비빔상회 강릉본점",
            "final_score": 0.3859,
            "distance_from_center": 0.12
          },
          {
            "id": 1710211402,
            "name": "강릉79막회",
            "final_score": 0.3793,
            "distance_from_center": 0.12
          },
          {
            "id": 15320203,
            "name": "강릉짬뽕순두부 강릉본점",
            "final_score": 0.3477,
            "distance_from_center": 0.17
          },
          {
            "id": 1385390950,
            "name": "솔향대게 강릉본점",
            "final_score": 0.2563,
            "distance_from_center": 0.17
          },
          {
            "id": 12031474,
            "name": "농촌순두부",
            "final_score": 0.4539,
            "distance_from_center": 0.2
          },
          {
            "id": 2099491822,
            "name": "강릉감자닭강정",
            "final_score": 0.3823,
            "distance_from_center": 0.21
          },
          {
            "id": 2018462147,
            "name": "가온",
            "final_score": 0.264,
            "distance_from_center": 0.23
          },
          {
            "id": 1381183889,
            "name": "미송순두부짬뽕",
            "final_score": 0.3362,
            "distance_from_center": 0.24
          },
          {
            "id": 34439221,
            "name": "김우정초당짬뽕순두부",
            "final_score": 0.3876,
            "distance_from_center": 0.25
          },
          {
            "id": 1966143636,
            "name": "초당본가짬뽕순두부",
            "final_score": 0.3409,
            "distance_from_center": 0.31
          },
          {
            "id": 37349949,
            "name": "소나무집초당순두부",
            "final_score": 0.3209,
            "distance_from_center": 0.34
          }
        ],
        "Attraction": [
          {
            "id": 1112785467,
            "name": "런닝맨 강릉점",
            "final_score": 0.2059,
            "distance_from_center": 0.23
          },
          {
            "id": 13491183,
            "name": "강문해변",
            "final_score": 0.2374,
            "distance_from_center": 0.3
          },
          {
            "id": 1542622512,
            "name": "원더스카이",
            "final_score": 0.0487,
            "distance_from_center": 0.4
          },
          {
            "id": 31506191,
            "name": "초당순두부마을",
            "final_score": 0.2706,
            "distance_from_center": 0.43
          },
          {
            "id": 1130774967,
            "name": "허균·허난설헌 기념공원",
            "final_score": 0.2956,
            "distance_from_center": 0.84
          },
          {
            "id": 20066218,
            "name": "허난설헌 생가터",
            "final_score": 0.2358,
            "distance_from_center": 0.84
          },
          {
            "id": 1940124735,
            "name": "강문솟대다리",
            "final_score": 0.2924,
            "distance_from_center": 0.92
          },
          {
            "id": 1090555407,
            "name": "아르떼뮤지엄 강릉",
            "final_score": 0.298,
            "distance_from_center": 1.02
          },
          {
            "id": 37434460,
            "name": "경포 아쿠아리움",
            "final_score": 0.1348,
            "distance_from_center": 1.02
          },
          {
            "id": 472414455,
            "name": "경포호수광장",
            "final_score": 0.2873,
            "distance_from_center": 1.06
          },
          {
            "id": 1063021154,
            "name": "경포플라워가든",
            "final_score": 0.2987,
            "distance_from_center": 1.14
          },
          {
            "id": 1881857549,
            "name": "강릉 메타버스 체험관",
            "final_score": 0.1138,
            "distance_from_center": 1.21
          },
          {
            "id": 13300191,
            "name": "경포도립공원",
            "final_score": 0.2704,
            "distance_from_center": 1.43
          },
          {
            "id": 32777223,
            "name": "자연아놀자 체험학습박물관",
            "final_score": 0.1234,
            "distance_from_center": 1.56
          },
          {
            "id": 31044854,
            "name": "경포가시연습지",
            "final_score": 0.2408,
            "distance_from_center": 1.83
          }
        ]
      }
    },
    {
      "cluster_id": 1,
      "date": "2025-06-28",
      "weekday": "토",
      "seed_category": "Restaurant",
      "seed_place": {
        "id": 1661351403,
        "name": "세미맛닭갈비",
        "final_score": 0.5331
      },
      "center_lat": 37.757013,
      "center_lng": 128.866895,
      "categories": {
        "Cafe": [
          {
            "id": 1633456108,
            "name": "투썸플레이스 유천지구점",
            "final_score": 0.2703,
            "distance_from_center": 0.12
          },
          {
            "id": 1546169801,
            "name": "강릉그림카페",
            "final_score": 0.2956,
            "distance_from_center": 0.13
          },
          {
            "id": 263503029,
            "name": "어썸",
            "final_score": 0.4775,
            "distance_from_center": 0.17
          },
          {
            "id": 1442771903,
            "name": "가디",
            "final_score": 0.2769,
            "distance_from_center": 0.52
          },
          {
            "id": 1106082140,
            "name": "아이즈 로스터리 홍제동 본점",
            "final_score": 0.3962,
            "distance_from_center": 0.79
          },
          {
            "id": 38482509,
            "name": "52블럭",
            "final_score": 0.2914,
            "distance_from_center": 1.02
          },
          {
            "id": 36767042,
            "name": "크리스피크림도넛 강릉교동점",
            "final_score": 0.1915,
            "distance_from_center": 1.14
          },
          {
            "id": 1526759655,
            "name": "텐퍼센트커피 강릉교동택지점",
            "final_score": 0.3744,
            "distance_from_center": 1.18
          },
          {
            "id": 1459760339,
            "name": "스타벅스 강릉교동광장점",
            "final_score": 0.1847,
            "distance_from_center": 1.21
          },
          {
            "id": 1352455905,
            "name": "화이트리에 강릉점",
            "final_score": 0.1871,
            "distance_from_center": 1.23
          },
          {
            "id": 1215792352,
            "name": "던킨 강릉교동점",
            "final_score": 0.3691,
            "distance_from_center": 1.23
          },
          {
            "id": 1174448798,
            "name": "스타벅스 강릉IC DT점",
            "final_score": 0.4376,
            "distance_from_center": 1.24
          },
          {
            "id": 1605447318,
            "name": "젤라또까사",
            "final_score": 0.4211,
            "distance_from_center": 1.29
          },
          {
            "id": 79408101,
            "name": "이디야커피 강릉교동택지점",
            "final_score": 0.2208,
            "distance_from_center": 1.36
          },
          {
            "id": 1662017638,
            "name": "쎄라비",
            "final_score": 0.2697,
            "distance_from_center": 1.38
          }
        ],
        "Restaurant": [
          {
            "id": 1661351403,
            "name": "세미맛닭갈비",
            "final_score": 0.5331,
            "distance_from_center": 0.0
          },
          {
            "id": 1209433896,
            "name": "우리한우상회 강릉유천점",
            "final_score": 0.3497,
            "distance_from_center": 0.04
          },
          {
            "id": 1243193207,
            "name": "무국적식탁",
            "final_score": 0.391,
            "distance_from_center": 0.05
          },
          {
            "id": 1604871899,
            "name": "계륵장군 유천점",
            "final_score": 0.3668,
            "distance_from_center": 0.06
          },
          {
            "id": 1336883142,
            "name": "스시생",
            "final_score": 0.2479,
            "distance_from_center": 0.09
          },
          {
            "id": 1740512409,
            "name": "장수루양꼬치 강릉점",
            "final_score": 0.3351,
            "distance_from_center": 0.12
          },
          {
            "id": 1772252227,
            "name": "쯩라이",
            "final_score": 0.2432,
            "distance_from_center": 0.12
          },
          {
            "id": 1822153122,
            "name": "육고집 강릉점",
            "final_score": 0.4349,
            "distance_from_center": 0.13
          },
          {
            "id": 1836672984,
            "name": "본죽 강릉유천점",
            "final_score": 0.2647,
            "distance_from_center": 0.16
          },
          {
            "id": 1333635362,
            "name": "육달 막국수",
            "final_score": 0.3799,
            "distance_from_center": 0.17
          },
          {
            "id": 1221269927,
            "name": "교동동태탕",
            "final_score": 0.2791,
            "distance_from_center": 0.17
          },
          {
            "id": 1237585846,
            "name": "마들식당",
            "final_score": 0.2964,
            "distance_from_center": 0.17
          },
          {
            "id": 1519233018,
            "name": "국수나무 강릉유천점",
            "final_score": 0.3699,
            "distance_from_center": 0.18
          },
          {
            "id": 1229100783,
            "name": "인성참치유천점",
            "final_score": 0.3906,
            "distance_from_center": 0.18
          },
          {
            "id": 1563178271,
            "name": "스시교코",
            "final_score": 0.4225,
            "distance_from_center": 0.24
          }
        ],
        "Attraction": [
          {
            "id": 11535675,
            "name": "강릉문화원",
            "final_score": 0.2043,
            "distance_from_center": 0.64
          },
          {
            "id": 2062786512,
            "name": "강릉시립미술관 솔올",
            "final_score": 0.194,
            "distance_from_center": 1.14
          },
          {
            "id": 1775014582,
            "name": "리고엠",
            "final_score": 0.2718,
            "distance_from_center": 1.19
          },
          {
            "id": 21824426,
            "name": "강릉원주대학교 박물관",
            "final_score": 0.2164,
            "distance_from_center": 1.55
          },
          {
            "id": 1412053208,
            "name": "처음처럼&새로 브랜드 체험관",
            "final_score": 0.2099,
            "distance_from_center": 1.82
          },
          {
            "id": 37090227,
            "name": "버드나무 브루어리",
            "final_score": 0.268,
            "distance_from_center": 1.83
          },
          {
            "id": 13345877,
            "name": "강릉 서부시장",
            "final_score": 0.1704,
            "distance_from_center": 2.12
          },
          {
            "id": 12762639,
            "name": "강릉시립미술관 교동",
            "final_score": 0.307,
            "distance_from_center": 2.14
          },
          {
            "id": 38623679,
            "name": "명주예술마당",
            "final_score": 0.1927,
            "distance_from_center": 2.18
          },
          {
            "id": 749351147,
            "name": "강릉 임영관 삼문",
            "final_score": 0.2227,
            "distance_from_center": 2.23
          },
          {
            "id": 15685783,
            "name": "강릉 대도호부 관아",
            "final_score": 0.3089,
            "distance_from_center": 2.26
          },
          {
            "id": 1249952785,
            "name": "강릉 명주동 거리",
            "final_score": 0.39,
            "distance_from_center": 2.36
          },
          {
            "id": 15693581,
            "name": "강릉 남산공원",
            "final_score": 0.2323,
            "distance_from_center": 2.54
          },
          {
            "id": 11663849,
            "name": "강릉향교",
            "final_score": 0.2625,
            "distance_from_center": 2.6
          },
          {
            "id": 19832807,
            "name": "강릉자수박물관",
            "final_score": 0.1758,
            "distance_from_center": 2.61
          }
        ]
      }
    }
  ]
}