{
  "user_id": "U0348",
  "start_date": "2025-03-15",
  "start_weekday": "토",
  "duration_days": 5,
  "budget": 800000,
  "num_clusters": 5,
  "clustering_method": "greedy_score_based_with_store_hours",
  "seed_strategy": "highest_score_only",
  "max_cluster_radius_km": 6,
  "min_places_per_category": 7,
  "places_per_category": 15,
  "Accommodation": 1000104370,
  "clusters": [
    {
      "cluster_id": 0,
      "date": "2025-03-15",
      "weekday": "토",
      "seed_category": "Restaurant",
      "seed_place": {
        "id": 1547280580,
        "name": "삼겹식당 강릉송정점",
        "final_score": 0.5664
      },
      "center_lat": 37.7746,
      "center_lng": 128.932636,
      "categories": {
        "Cafe": [
          {
            "id": 1289622019,
            "name": "카페캔슈",
            "final_score": 0.3782,
            "distance_from_center": 0.45
          },
          {
            "id": 1830452681,
            "name": "스타벅스 강릉송정DT점",
            "final_score": 0.2224,
            "distance_from_center": 0.9
          },
          {
            "id": 1425096858,
            "name": "강릉커피콩빵 강릉당 안목해변점",
            "final_score": 0.1517,
            "distance_from_center": 1.18
          },
          {
            "id": 15331732,
            "name": "커피씨엘",
            "final_score": 0.1755,
            "distance_from_center": 1.2
          },
          {
            "id": 1536161656,
            "name": "하슬라가배",
            "final_score": 0.2641,
            "distance_from_center": 1.23
          },
          {
            "id": 1009977259,
            "name": "강원옥찹쌀떡&치코스타코 안목점",
            "final_score": 0.2057,
            "distance_from_center": 1.24
          },
          {
            "id": 1019503112,
            "name": "강릉샌드 안목해변점",
            "final_score": 0.2204,
            "distance_from_center": 1.24
          },
          {
            "id": 499938650,
            "name": "카페 뤼미에르",
            "final_score": 0.1958,
            "distance_from_center": 1.29
          },
          {
            "id": 11887822,
            "name": "커피커퍼 안목점",
            "final_score": 0.1931,
            "distance_from_center": 1.3
          },
          {
            "id": 1933690279,
            "name": "미르마르",
            "final_score": 0.2207,
            "distance_from_center": 1.31
          },
          {
            "id": 34203501,
            "name": "에이엠브레드앤커피",
            "final_score": 0.3204,
            "distance_from_center": 1.33
          },
          {
            "id": 2064259008,
            "name": "테라로사 강릉 신라모노그램점",
            "final_score": 0.2806,
            "distance_from_center": 1.39
          },
          {
            "id": 1557387521,
            "name": "할리스 강릉안목해변점",
            "final_score": 0.1679,
            "distance_from_center": 1.42
          },
          {
            "id": 66343890,
            "name": "강릉빵다방",
            "final_score": 0.1607,
            "distance_from_center": 1.42
          },
          {
            "id": 15692078,
            "name": "카페알베로",
            "final_score": 0.1225,
            "distance_from_center": 1.43
          }
        ],
        "Restaurant": [
          {
            "id": 1547280580,
            "name": "삼겹식당 강릉송정점",
            "final_score": 0.5664,
            "distance_from_center": 0.0
          },
          {
            "id": 20364475,
            "name": "김윤미전복삼계탕 강릉본점",
            "final_score": 0.2167,
            "distance_from_center": 0.05
          },
          {
            "id": 15329662,
            "name": "밥먹는마을",
            "final_score": 0.2092,
            "distance_from_center": 0.22
          },
          {
            "id": 1953425523,
            "name": "태인네포차",
            "final_score": 0.3971,
            "distance_from_center": 0.25
          },
          {
            "id": 1143057643,
            "name": "고래밥한식뷔페",
            "final_score": 0.1663,
            "distance_from_center": 0.28
          },
          {
            "id": 1337206643,
            "name": "강릉염전조개구이",
            "final_score": 0.3258,
            "distance_from_center": 0.41
          },
          {
            "id": 1524056023,
            "name": "여우애김밥 강릉송정점",
            "final_score": 0.3005,
            "distance_from_center": 0.45
          },
          {
            "id": 1167569582,
            "name": "송가촌",
            "final_score": 0.326,
            "distance_from_center": 0.46
          },
          {
            "id": 1637551545,
            "name": "더프롤로그필드 강릉 대게 본점",
            "final_score": 0.3299,
            "distance_from_center": 0.54
          },
          {
            "id": 1770360235,
            "name": "찐전집",
            "final_score": 0.2449,
            "distance_from_center": 0.6
          },
          {
            "id": 1347619457,
            "name": "송정불향쭈꾸미",
            "final_score": 0.3661,
            "distance_from_center": 0.67
          },
          {
            "id": 1216081294,
            "name": "광덕식당",
            "final_score": 0.475,
            "distance_from_center": 0.9
          },
          {
            "id": 1953548649,
            "name": "샤브올데이 강릉송정점",
            "final_score": 0.2953,
            "distance_from_center": 0.93
          },
          {
            "id": 1582249955,
            "name": "브라보칼국수 강릉본점",
            "final_score": 0.2781,
            "distance_from_center": 1.03
          },
          {
            "id": 1929924200,
            "name": "강릉역옹막 안목점",
            "final_score": 0.2304,
            "distance_from_center": 1.05
          }
        ],
        "Attraction": [
          {
            "id": 20065935,
            "name": "송정해변",
            "final_score": 0.0944,
            "distance_from_center": 0.73
          },
          {
            "id": 32268465,
            "name": "환희컵박물관",
            "final_score": 0.1017,
            "distance_from_center": 0.92
          },
          {
            "id": 939463951,
            "name": "강릉 안목해맞이공원",
            "final_score": 0.2062,
            "distance_from_center": 1.1
          },
          {
            "id": 13491906,
            "name": "안목해변",
            "final_score": 0.2719,
            "distance_from_center": 1.31
          },
          {
            "id": 20947876,
            "name": "강릉커피거리",
            "final_score": 0.1438,
            "distance_from_center": 1.31
          },
          {
            "id": 1243747688,
            "name": "병산 옹심이마을",
            "final_score": 0.2191,
            "distance_from_center": 1.48
          },
          {
            "id": 15692195,
            "name": "강릉항",
            "final_score": 0.0618,
            "distance_from_center": 1.72
          },
          {
            "id": 1112785467,
            "name": "런닝맨 강릉점",
            "final_score": 0.1235,
            "distance_from_center": 2.08
          },
          {
            "id": 13491444,
            "name": "남항진해변",
            "final_score": 0.111,
            "distance_from_center": 2.24
          },
          {
            "id": 13491183,
            "name": "강문해변",
            "final_score": 0.1266,
            "distance_from_center": 2.55
          },
          {
            "id": 1542622512,
            "name": "원더스카이",
            "final_score": 0.047,
            "distance_from_center": 2.63
          },
          {
            "id": 31506191,
            "name": "초당순두부마을",
            "final_score": 0.4251,
            "distance_from_center": 2.68
          },
          {
            "id": 1881857549,
            "name": "강릉 메타버스 체험관",
            "final_score": 0.0135,
            "distance_from_center": 2.73
          },
          {
            "id": 1090555407,
            "name": "아르떼뮤지엄 강릉",
            "final_score": 0.1538,
            "distance_from_center": 2.77
          },
          {
            "id": 37434460,
            "name": "경포 아쿠아리움",
            "final_score": 0.1007,
            "distance_from_center": 2.77
          }
        ]
      }
    },
    {
      "cluster_id": 1,
      "date": "2025-03-16",
      "weekday": "일",
      "seed_category": "Restaurant",
      "seed_place": {
        "id": 32038666,
        "name": "황소실비",
        "final_score": 0.5609
      },
      "center_lat": 37.768598,
      "center_lng": 128.878763,
      "categories": {
        "Cafe": [
          {
            "id": 1843451871,
            "name": "투썸플레이스 강릉교동택지점",
            "final_score": 0.228,
            "distance_from_center": 0.07
          },
          {
            "id": 1784470266,
            "name": "메가MGC커피 강릉교동솔올점",
            "final_score": 0.0008,
            "distance_from_center": 0.12
          },
          {
            "id": 1867724165,
            "name": "사루",
            "final_score": 0.2825,
            "distance_from_center": 0.17
          },
          {
            "id": 1623800311,
            "name": "멜로우밀",
            "final_score": 0.2897,
            "distance_from_center": 0.18
          },
          {
            "id": 1625914520,
            "name": "사월의 모노웜",
            "final_score": 0.2428,
            "distance_from_center": 0.2
          },
          {
            "id": 1133303813,
            "name": "커피아워",
            "final_score": 0.2432,
            "distance_from_center": 0.26
          },
          {
            "id": 38274668,
            "name": "플레지르",
            "final_score": 0.3382,
            "distance_from_center": 0.27
          },
          {
            "id": 1662017638,
            "name": "쎄라비",
            "final_score": 0.1043,
            "distance_from_center": 0.3
          },
          {
            "id": 1662017638,
            "name": "쎄라비",
            "final_score": 0.1043,
            "distance_from_center": 0.3
          },
          {
            "id": 79408101,
            "name": "이디야커피 강릉교동택지점",
            "final_score": 0.2811,
            "distance_from_center": 0.35
          },
          {
            "id": 1683569661,
            "name": "디핑 초콜릿카페",
            "final_score": 0.2184,
            "distance_from_center": 0.36
          },
          {
            "id": 1292591709,
            "name": "헝키도리커피바",
            "final_score": 0.3102,
            "distance_from_center": 0.37
          },
          {
            "id": 1352455905,
            "name": "화이트리에 강릉점",
            "final_score": 0.1802,
            "distance_from_center": 0.44
          },
          {
            "id": 1215792352,
            "name": "던킨 강릉교동점",
            "final_score": 0.4854,
            "distance_from_center": 0.44
          },
          {
            "id": 1459760339,
            "name": "스타벅스 강릉교동광장점",
            "final_score": 0.2642,
            "distance_from_center": 0.5
          }
        ],
        "Restaurant": [
          {
            "id": 32038666,
            "name": "황소실비",
            "final_score": 0.5609,
            "distance_from_center": 0.0
          },
          {
            "id": 19782934,
            "name": "회빈장",
            "final_score": 0.4016,
            "distance_from_center": 0.03
          },
          {
            "id": 1847740796,
            "name": "오봉집 강릉점",
            "final_score": 0.3767,
            "distance_from_center": 0.03
          },
          {
            "id": 15311728,
            "name": "수미골",
            "final_score": 0.2917,
            "distance_from_center": 0.05
          },
          {
            "id": 1862735111,
            "name": "차차동",
            "final_score": 0.3257,
            "distance_from_center": 0.07
          },
          {
            "id": 15380022,
            "name": "국수와파전",
            "final_score": 0.2383,
            "distance_from_center": 0.07
          },
          {
            "id": 1131992941,
            "name": "은하수구락부",
            "final_score": 0.3041,
            "distance_from_center": 0.07
          },
          {
            "id": 15310589,
            "name": "솔올부대찌개",
            "final_score": 0.2776,
            "distance_from_center": 0.07
          },
          {
            "id": 231087604,
            "name": "만억정흑염소",
            "final_score": 0.2917,
            "distance_from_center": 0.08
          },
          {
            "id": 12042486,
            "name": "밤마차 교동점",
            "final_score": 0.1972,
            "distance_from_center": 0.09
          },
          {
            "id": 1053416085,
            "name": "본래순대 교동택지점",
            "final_score": 0.503,
            "distance_from_center": 0.09
          },
          {
            "id": 35852302,
            "name": "도전",
            "final_score": 0.2304,
            "distance_from_center": 0.1
          },
          {
            "id": 1376821892,
            "name": "구석",
            "final_score": 0.2024,
            "distance_from_center": 0.11
          },
          {
            "id": 11550609,
            "name": "굴사랑 교동택지점",
            "final_score": 0.4496,
            "distance_from_center": 0.12
          },
          {
            "id": 15376068,
            "name": "산마을",
            "final_score": 0.3402,
            "distance_from_center": 0.13
          }
        ],
        "Attraction": [
          {
            "id": 1775014582,
            "name": "리고엠",
            "final_score": 0.2576,
            "distance_from_center": 0.51
          },
          {
            "id": 21824426,
            "name": "강릉원주대학교 박물관",
            "final_score": 0.265,
            "distance_from_center": 0.8
          },
          {
            "id": 19832807,
            "name": "강릉자수박물관",
            "final_score": 0.0157,
            "distance_from_center": 1.05
          },
          {
            "id": 2062786512,
            "name": "강릉시립미술관 솔올",
            "final_score": 0.1092,
            "distance_from_center": 1.08
          },
          {
            "id": 11535675,
            "name": "강릉문화원",
            "final_score": 0.1121,
            "distance_from_center": 1.17
          },
          {
            "id": 11620702,
            "name": "강릉 오죽헌·시립박물관",
            "final_score": 0.2239,
            "distance_from_center": 1.18
          },
          {
            "id": 1346656418,
            "name": "경포생태저류지",
            "final_score": 0.0913,
            "distance_from_center": 1.29
          },
          {
            "id": 12762639,
            "name": "강릉시립미술관 교동",
            "final_score": 0.2175,
            "distance_from_center": 1.38
          },
          {
            "id": 1550291849,
            "name": "강릉아트센터",
            "final_score": 0.1525,
            "distance_from_center": 1.5
          },
          {
            "id": 11663849,
            "name": "강릉향교",
            "final_score": 0.0818,
            "distance_from_center": 1.55
          },
          {
            "id": 13345877,
            "name": "강릉 서부시장",
            "final_score": 0.263,
            "distance_from_center": 1.84
          },
          {
            "id": 1357865119,
            "name": "고래책방",
            "final_score": 0.2402,
            "distance_from_center": 1.99
          },
          {
            "id": 1211834959,
            "name": "강릉올림픽뮤지엄",
            "final_score": 0.1134,
            "distance_from_center": 2.01
          },
          {
            "id": 749351147,
            "name": "강릉 임영관 삼문",
            "final_score": 0.1041,
            "distance_from_center": 2.06
          },
          {
            "id": 15685783,
            "name": "강릉 대도호부 관아",
            "final_score": 0.2149,
            "distance_from_center": 2.07
          }
        ]
      }
    },
    {
      "cluster_id": 2,
      "date": "2025-03-17",
      "weekday": "월",
      "seed_category": "Restaurant",
      "seed_place": {
        "id": 1346405445,
        "name": "교동소머리곰탕",
        "final_score": 0.5552
      },
      "center_lat": 37.762761,
      "center_lng": 128.872714,
      "categories": {
        "Cafe": [
          {
            "id": 1442771903,
            "name": "가디",
            "final_score": 0.2742,
            "distance_from_center": 0.3
          },
          {
            "id": 38482509,
            "name": "52블럭",
            "final_score": 0.2521,
            "distance_from_center": 0.31
          },
          {
            "id": 36767042,
            "name": "크리스피크림도넛 강릉교동점",
            "final_score": 0.1525,
            "distance_from_center": 0.35
          },
          {
            "id": 21095658,
            "name": "베이커리 가루",
            "final_score": 0.1699,
            "distance_from_center": 0.4
          },
          {
            "id": 1526759655,
            "name": "텐퍼센트커피 강릉교동택지점",
            "final_score": 0.3046,
            "distance_from_center": 0.43
          },
          {
            "id": 263503029,
            "name": "어썸",
            "final_score": 0.3824,
            "distance_from_center": 0.71
          },
          {
            "id": 1263529731,
            "name": "인비토",
            "final_score": 0.3447,
            "distance_from_center": 0.77
          },
          {
            "id": 1546169801,
            "name": "강릉그림카페",
            "final_score": 0.221,
            "distance_from_center": 0.91
          },
          {
            "id": 1633456108,
            "name": "투썸플레이스 유천지구점",
            "final_score": 0.2478,
            "distance_from_center": 0.93
          },
          {
            "id": 1605447318,
            "name": "젤라또까사",
            "final_score": 0.3751,
            "distance_from_center": 1.07
          },
          {
            "id": 1504291324,
            "name": "백금당 강릉점",
            "final_score": 0.2223,
            "distance_from_center": 1.1
          },
          {
            "id": 1500318606,
            "name": "버떠",
            "final_score": 0.3148,
            "distance_from_center": 1.15
          },
          {
            "id": 1495937611,
            "name": "음차차",
            "final_score": 0.2755,
            "distance_from_center": 1.17
          },
          {
            "id": 1670844066,
            "name": "빵파르",
            "final_score": 0.2001,
            "distance_from_center": 1.55
          },
          {
            "id": 1106082140,
            "name": "아이즈 로스터리 홍제동 본점",
            "final_score": 0.2069,
            "distance_from_center": 1.61
          }
        ],
        "Restaurant": [
          {
            "id": 1346405445,
            "name": "교동소머리곰탕",
            "final_score": 0.5552,
            "distance_from_center": 0.0
          },
          {
            "id": 15378617,
            "name": "장면옥",
            "final_score": 0.3521,
            "distance_from_center": 0.03
          },
          {
            "id": 37911034,
            "name": "맛있는초밥집",
            "final_score": 0.1682,
            "distance_from_center": 0.04
          },
          {
            "id": 37056132,
            "name": "나폴리선생in교동",
            "final_score": 0.2685,
            "distance_from_center": 0.06
          },
          {
            "id": 33251611,
            "name": "킹콩부대찌개 강릉교동점",
            "final_score": 0.236,
            "distance_from_center": 0.07
          },
          {
            "id": 1550961346,
            "name": "미스터쭈삼 강릉본점",
            "final_score": 0.3571,
            "distance_from_center": 0.08
          },
          {
            "id": 1190822494,
            "name": "야식의 정석",
            "final_score": 0.2859,
            "distance_from_center": 0.16
          },
          {
            "id": 15377926,
            "name": "동해막국수",
            "final_score": 0.2347,
            "distance_from_center": 0.17
          },
          {
            "id": 15310710,
            "name": "강릉참치",
            "final_score": 0.3838,
            "distance_from_center": 0.21
          },
          {
            "id": 21830287,
            "name": "기사문",
            "final_score": 0.3195,
            "distance_from_center": 0.23
          },
          {
            "id": 36543472,
            "name": "강릉한우만",
            "final_score": 0.5007,
            "distance_from_center": 0.24
          },
          {
            "id": 15376107,
            "name": "강릉남매삼계탕",
            "final_score": 0.4891,
            "distance_from_center": 0.25
          },
          {
            "id": 38017562,
            "name": "얌샘김밥 강릉교동점",
            "final_score": 0.345,
            "distance_from_center": 0.26
          },
          {
            "id": 1874772103,
            "name": "가마솥순대국밥 강릉교동점",
            "final_score": 0.4153,
            "distance_from_center": 0.27
          },
          {
            "id": 1793774479,
            "name": "금성회관 강릉교동점",
            "final_score": 0.3186,
            "distance_from_center": 0.29
          }
        ],
        "Attraction": [
          {
            "id": 37090227,
            "name": "버드나무 브루어리",
            "final_score": 0.2581,
            "distance_from_center": 1.91
          },
          {
            "id": 38623679,
            "name": "명주예술마당",
            "final_score": 0.061,
            "distance_from_center": 2.06
          },
          {
            "id": 1249952785,
            "name": "강릉 명주동 거리",
            "final_score": 0.2632,
            "distance_from_center": 2.18
          },
          {
            "id": 1287320440,
            "name": "강릉 월화거리",
            "final_score": 0.1474,
            "distance_from_center": 2.3
          },
          {
            "id": 15693581,
            "name": "강릉 남산공원",
            "final_score": 0.1352,
            "distance_from_center": 2.45
          },
          {
            "id": 1412053208,
            "name": "처음처럼&새로 브랜드 체험관",
            "final_score": 0.0454,
            "distance_from_center": 2.46
          },
          {
            "id": 13345874,
            "name": "강릉 동부시장",
            "final_score": 0.0,
            "distance_from_center": 2.47
          },
          {
            "id": 13345873,
            "name": "강릉 중앙시장",
            "final_score": 0.2737,
            "distance_from_center": 2.48
          },
          {
            "id": 12955259,
            "name": "단오타운전시관",
            "final_score": 0.0938,
            "distance_from_center": 2.54
          },
          {
            "id": 1300520912,
            "name": "르꼬따쥬",
            "final_score": 0.2075,
            "distance_from_center": 2.86
          },
          {
            "id": 11687693,
            "name": "강릉 선교장",
            "final_score": 0.14,
            "distance_from_center": 2.86
          },
          {
            "id": 11592129,
            "name": "강릉교육문화관",
            "final_score": 0.1935,
            "distance_from_center": 3.02
          },
          {
            "id": 20066249,
            "name": "강릉 수리골 고택",
            "final_score": 0.2752,
            "distance_from_center": 3.07
          },
          {
            "id": 35188457,
            "name": "애니멀스토리",
            "final_score": 0.1529,
            "distance_from_center": 3.09
          },
          {
            "id": 37081677,
            "name": "수상한마법학교",
            "final_score": 0.004,
            "distance_from_center": 3.63
          }
        ]
      }
    },
    {
      "cluster_id": 3,
      "date": "2025-03-18",
      "weekday": "화",
      "seed_category": "Restaurant",
      "seed_place": {
        "id": 21116582,
        "name": "주문진 돈의맛",
        "final_score": 0.5336
      },
      "center_lat": 37.884885,
      "center_lng": 128.824144,
      "categories": {
        "Cafe": [
          {
            "id": 1169844332,
            "name": "스타벅스 강릉주문진점",
            "final_score": 0.2258,
            "distance_from_center": 0.76
          },
          {
            "id": 1266299794,
            "name": "해옫 강릉",
            "final_score": 0.3909,
            "distance_from_center": 0.92
          },
          {
            "id": 1147229173,
            "name": "도깨비젤라또",
            "final_score": 0.2013,
            "distance_from_center": 1.03
          },
          {
            "id": 1249217189,
            "name": "오드커피",
            "final_score": 0.1923,
            "distance_from_center": 1.11
          },
          {
            "id": 2017141901,
            "name": "에브리데이크",
            "final_score": 0.2583,
            "distance_from_center": 1.23
          },
          {
            "id": 1543529590,
            "name": "카페제니엘 주문진점",
            "final_score": 0.1253,
            "distance_from_center": 1.36
          },
          {
            "id": 1543529590,
            "name": "카페제니엘 주문진점",
            "final_score": 0.1253,
            "distance_from_center": 1.36
          },
          {
            "id": 1396977535,
            "name": "소돌엔 등대점",
            "final_score": 0.2059,
            "distance_from_center": 1.62
          },
          {
            "id": 1019347699,
            "name": "플레이스 플러스",
            "final_score": 0.1596,
            "distance_from_center": 2.06
          },
          {
            "id": 1876301121,
            "name": "포르토포레스트하우스",
            "final_score": 0.3843,
            "distance_from_center": 2.18
          },
          {
            "id": 1009179914,
            "name": "갈매기다방",
            "final_score": 0.2935,
            "distance_from_center": 2.32
          },
          {
            "id": 1299462841,
            "name": "소돌엔 강릉",
            "final_score": 0.1946,
            "distance_from_center": 2.4
          },
          {
            "id": 1839133695,
            "name": "빵을쇼핑하다빵명가치아바타CIABATTA",
            "final_score": 0.2561,
            "distance_from_center": 2.53
          },
          {
            "id": 15373350,
            "name": "브라질",
            "final_score": 0.3051,
            "distance_from_center": 2.68
          },
          {
            "id": 1900553385,
            "name": "바우카페",
            "final_score": 0.1944,
            "distance_from_center": 2.7
          }
        ],
        "Restaurant": [
          {
            "id": 21116582,
            "name": "주문진 돈의맛",
            "final_score": 0.5336,
            "distance_from_center": 0.0
          },
          {
            "id": 1720905897,
            "name": "이맛에온다 본점",
            "final_score": 0.3074,
            "distance_from_center": 0.08
          },
          {
            "id": 1136211401,
            "name": "삼첩분식 주문진점",
            "final_score": 0.3196,
            "distance_from_center": 0.12
          },
          {
            "id": 1950305815,
            "name": "주문진 미인상회",
            "final_score": 0.4121,
            "distance_from_center": 0.14
          },
          {
            "id": 31096902,
            "name": "원조칼국수",
            "final_score": 0.3268,
            "distance_from_center": 0.17
          },
          {
            "id": 1104323584,
            "name": "감자마을",
            "final_score": 0.2964,
            "distance_from_center": 0.17
          },
          {
            "id": 1240895948,
            "name": "주공면옥",
            "final_score": 0.3082,
            "distance_from_center": 0.19
          },
          {
            "id": 1463664286,
            "name": "주문진호시",
            "final_score": 0.4483,
            "distance_from_center": 0.23
          },
          {
            "id": 1890450106,
            "name": "명주뜰",
            "final_score": 0.3332,
            "distance_from_center": 0.29
          },
          {
            "id": 34268809,
            "name": "신리면옥 주문진점",
            "final_score": 0.2146,
            "distance_from_center": 0.31
          },
          {
            "id": 1062358382,
            "name": "원영생선구이",
            "final_score": 0.3155,
            "distance_from_center": 0.34
          },
          {
            "id": 15360439,
            "name": "남북면옥",
            "final_score": 0.2649,
            "distance_from_center": 0.35
          },
          {
            "id": 15696942,
            "name": "맛있는엄마밥상",
            "final_score": 0.389,
            "distance_from_center": 0.36
          },
          {
            "id": 38314569,
            "name": "주문진신짬뽕",
            "final_score": 0.3213,
            "distance_from_center": 0.37
          },
          {
            "id": 1345031898,
            "name": "87닭강정 주문진점",
            "final_score": 0.3465,
            "distance_from_center": 0.4
          }
        ],
        "Attraction": [
          {
            "id": 13490946,
            "name": "주문진항",
            "final_score": 0.3271,
            "distance_from_center": 0.59
          },
          {
            "id": 1600054868,
            "name": "해피아워크루즈",
            "final_score": 0.0182,
            "distance_from_center": 0.66
          },
          {
            "id": 34818378,
            "name": "주문진해양박물관",
            "final_score": 0.0727,
            "distance_from_center": 0.81
          },
          {
            "id": 20059236,
            "name": "주문리마을",
            "final_score": 0.2083,
            "distance_from_center": 0.93
          },
          {
            "id": 20054507,
            "name": "주문진 등대",
            "final_score": 0.0771,
            "distance_from_center": 1.65
          },
          {
            "id": 19501415,
            "name": "소돌아들바위공원",
            "final_score": 0.0581,
            "distance_from_center": 2.37
          },
          {
            "id": 13491657,
            "name": "소돌해수욕장",
            "final_score": 0.2252,
            "distance_from_center": 2.39
          },
          {
            "id": 13491150,
            "name": "영진해변",
            "final_score": 0.2352,
            "distance_from_center": 2.61
          },
          {
            "id": 20054445,
            "name": "영진항",
            "final_score": 0.1883,
            "distance_from_center": 2.84
          },
          {
            "id": 13491005,
            "name": "주문진해수욕장",
            "final_score": 0.2938,
            "distance_from_center": 2.9
          },
          {
            "id": 15698326,
            "name": "향호해변",
            "final_score": 0.082,
            "distance_from_center": 3.0
          },
          {
            "id": 1154013651,
            "name": "주문진bts",
            "final_score": 0.0421,
            "distance_from_center": 3.14
          },
          {
            "id": 13444336,
            "name": "연곡해변",
            "final_score": 0.1307,
            "distance_from_center": 3.7
          },
          {
            "id": 12390002,
            "name": "강릉 복사꽃마을",
            "final_score": 0.1472,
            "distance_from_center": 4.14
          },
          {
            "id": 1848252796,
            "name": "강릉아기동물농장",
            "final_score": 0.2508,
            "distance_from_center": 5.38
          }
        ]
      }
    },
    {
      "cluster_id": 4,
      "date": "2025-03-19",
      "weekday": "수",
      "seed_category": "Restaurant",
      "seed_place": {
        "id": 1333300547,
        "name": "강릉옥",
        "final_score": 0.5481
      },
      "center_lat": 37.75169,
      "center_lng": 128.886715,
      "categories": {
        "Cafe": [
          {
            "id": 1081008717,
            "name": "홍제멘션 강릉 본점",
            "final_score": 0.2634,
            "distance_from_center": 0.17
          },
          {
            "id": 1026225860,
            "name": "새바람이오는그늘",
            "final_score": 0.268,
            "distance_from_center": 0.39
          },
          {
            "id": 1275789425,
            "name": "봄",
            "final_score": 0.3201,
            "distance_from_center": 0.44
          },
          {
            "id": 1232320005,
            "name": "카페 객사문",
            "final_score": 0.2735,
            "distance_from_center": 0.44
          },
          {
            "id": 1104085754,
            "name": "aie",
            "final_score": 0.2644,
            "distance_from_center": 0.46
          },
          {
            "id": 1700941376,
            "name": "즈므로스터리",
            "final_score": 0.1926,
            "distance_from_center": 0.47
          },
          {
            "id": 1606960077,
            "name": "카페초이",
            "final_score": 0.3391,
            "distance_from_center": 0.47
          },
          {
            "id": 1750727150,
            "name": "미미케이크",
            "final_score": 0.3467,
            "distance_from_center": 0.49
          },
          {
            "id": 13320528,
            "name": "명주배롱",
            "final_score": 0.1478,
            "distance_from_center": 0.55
          },
          {
            "id": 1426647455,
            "name": "파인파인 강릉점",
            "final_score": 0.3001,
            "distance_from_center": 0.57
          },
          {
            "id": 2031533892,
            "name": "글루크",
            "final_score": 0.2955,
            "distance_from_center": 0.58
          },
          {
            "id": 1325516945,
            "name": "카페 오뉴월",
            "final_score": 0.2384,
            "distance_from_center": 0.59
          },
          {
            "id": 1070351925,
            "name": "임당동162",
            "final_score": 0.3202,
            "distance_from_center": 0.62
          },
          {
            "id": 2091156925,
            "name": "호리가",
            "final_score": 0.2527,
            "distance_from_center": 0.65
          },
          {
            "id": 30959782,
            "name": "투썸플레이스 강릉중앙점",
            "final_score": 0.1805,
            "distance_from_center": 0.7
          }
        ],
        "Restaurant": [
          {
            "id": 1333300547,
            "name": "강릉옥",
            "final_score": 0.5481,
            "distance_from_center": 0.0
          },
          {
            "id": 32036410,
            "name": "통큰왕손만두찐빵",
            "final_score": 0.346,
            "distance_from_center": 0.03
          },
          {
            "id": 1083519778,
            "name": "가누",
            "final_score": 0.3756,
            "distance_from_center": 0.04
          },
          {
            "id": 1574640686,
            "name": "쉐프윤찹쌀고로케 강릉점",
            "final_score": 0.3085,
            "distance_from_center": 0.06
          },
          {
            "id": 32268248,
            "name": "왕초신불닭",
            "final_score": 0.293,
            "distance_from_center": 0.11
          },
          {
            "id": 37791032,
            "name": "춘천진선닭갈비",
            "final_score": 0.3004,
            "distance_from_center": 0.12
          },
          {
            "id": 20511455,
            "name": "회산장칼국수",
            "final_score": 0.4153,
            "distance_from_center": 0.16
          },
          {
            "id": 1751324799,
            "name": "홍제동언덕길그집",
            "final_score": 0.3043,
            "distance_from_center": 0.17
          },
          {
            "id": 2077873969,
            "name": "솔향돈우촌",
            "final_score": 0.3971,
            "distance_from_center": 0.23
          },
          {
            "id": 1005162827,
            "name": "피셔맨웍스",
            "final_score": 0.2785,
            "distance_from_center": 0.43
          },
          {
            "id": 1732446351,
            "name": "못난이맛집",
            "final_score": 0.0,
            "distance_from_center": 0.44
          },
          {
            "id": 1412551385,
            "name": "국민낙곱새 강릉점",
            "final_score": 0.3111,
            "distance_from_center": 0.44
          },
          {
            "id": 1029274799,
            "name": "돈마루솥뚜껑",
            "final_score": 0.4798,
            "distance_from_center": 0.44
          },
          {
            "id": 1228005515,
            "name": "두찜 강릉중앙점",
            "final_score": 0.2274,
            "distance_from_center": 0.45
          },
          {
            "id": 15295834,
            "name": "문화식당",
            "final_score": 0.2311,
            "distance_from_center": 0.45
          }
        ],
        "Attraction": [
          {
            "id": 32777223,
            "name": "자연아놀자 체험학습박물관",
            "final_score": 0.1341,
            "distance_from_center": 4.03
          },
          {
            "id": 31044854,
            "name": "경포가시연습지",
            "final_score": 0.0013,
            "distance_from_center": 4.33
          },
          {
            "id": 1130774967,
            "name": "허균·허난설헌 기념공원",
            "final_score": 0.18,
            "distance_from_center": 4.9
          },
          {
            "id": 20066218,
            "name": "허난설헌 생가터",
            "final_score": 0.0891,
            "distance_from_center": 4.91
          },
          {
            "id": 1675156043,
            "name": "강릉 경포대",
            "final_score": 0.2148,
            "distance_from_center": 4.95
          },
          {
            "id": 13491109,
            "name": "경포호",
            "final_score": 0.0505,
            "distance_from_center": 4.96
          },
          {
            "id": 12409858,
            "name": "참소리에디슨손성목영화박물관",
            "final_score": 0.0562,
            "distance_from_center": 5.21
          },
          {
            "id": 1063021154,
            "name": "경포플라워가든",
            "final_score": 0.0303,
            "distance_from_center": 5.5
          },
          {
            "id": 472414455,
            "name": "경포호수광장",
            "final_score": 0.049,
            "distance_from_center": 5.5
          },
          {
            "id": 1940124735,
            "name": "강문솟대다리",
            "final_score": 0.1895,
            "distance_from_center": 5.69
          }
        ]
      }
    }
  ]
}