{
  "user_id": "U0350",
  "start_date": "2025-10-13",
  "start_weekday": "월",
  "duration_days": 3,
  "budget": 500000,
  "num_clusters": 3,
  "clustering_method": "greedy_score_based_with_store_hours",
  "seed_strategy": "highest_score_only",
  "max_cluster_radius_km": 6,
  "min_places_per_category": 7,
  "places_per_category": 15,
  "Accommodation": 10048130,
  "clusters": [
    {
      "cluster_id": 0,
      "date": "2025-10-13",
      "weekday": "월",
      "seed_category": "Cafe",
      "seed_place": {
        "id": 1273489865,
        "name": "1992년 사기막",
        "final_score": 0.4993
      },
      "center_lat": 37.789881,
      "center_lng": 128.814176,
      "categories": {
        "Cafe": [
          {
            "id": 1273489865,
            "name": "1992년 사기막",
            "final_score": 0.4993,
            "distance_from_center": 0.0
          },
          {
            "id": 19861939,
            "name": "크레마코스타",
            "final_score": 0.3537,
            "distance_from_center": 2.98
          },
          {
            "id": 1024529564,
            "name": "오브리에타",
            "final_score": 0.4761,
            "distance_from_center": 4.66
          },
          {
            "id": 2058022471,
            "name": "온유",
            "final_score": 0.4758,
            "distance_from_center": 4.88
          },
          {
            "id": 1546169801,
            "name": "강릉그림카페",
            "final_score": 0.276,
            "distance_from_center": 5.81
          },
          {
            "id": 1246262619,
            "name": "우가",
            "final_score": 0.3448,
            "distance_from_center": 5.82
          },
          {
            "id": 1633456108,
            "name": "투썸플레이스 유천지구점",
            "final_score": 0.1485,
            "distance_from_center": 5.85
          },
          {
            "id": 1439249340,
            "name": "서지초가뜰",
            "final_score": 0.4855,
            "distance_from_center": 5.87
          },
          {
            "id": 38274668,
            "name": "플레지르",
            "final_score": 0.3315,
            "distance_from_center": 5.91
          },
          {
            "id": 1442771903,
            "name": "가디",
            "final_score": 0.186,
            "distance_from_center": 5.91
          },
          {
            "id": 1106082140,
            "name": "아이즈 로스터리 홍제동 본점",
            "final_score": 0.416,
            "distance_from_center": 5.92
          },
          {
            "id": 1133303813,
            "name": "커피아워",
            "final_score": 0.2917,
            "distance_from_center": 5.96
          },
          {
            "id": 1662017638,
            "name": "쎄라비",
            "final_score": 0.1684,
            "distance_from_center": 5.97
          },
          {
            "id": 1662017638,
            "name": "쎄라비",
            "final_score": 0.1684,
            "distance_from_center": 5.97
          },
          {
            "id": 1625914520,
            "name": "사월의 모노웜",
            "final_score": 0.2942,
            "distance_from_center": 5.97
          }
        ],
        "Restaurant": [
          {
            "id": 1392543507,
            "name": "나온",
            "final_score": 0.1188,
            "distance_from_center": 2.48
          },
          {
            "id": 38005185,
            "name": "모래내메밀촌",
            "final_score": 0.1854,
            "distance_from_center": 3.73
          },
          {
            "id": 1413946030,
            "name": "태장봉능이오리닭백숙",
            "final_score": 0.2553,
            "distance_from_center": 4.12
          },
          {
            "id": 1255753636,
            "name": "오로지김밥카페",
            "final_score": 0.3469,
            "distance_from_center": 4.2
          },
          {
            "id": 1175159881,
            "name": "마운틴 화덕피자",
            "final_score": 0.3952,
            "distance_from_center": 4.43
          },
          {
            "id": 19901360,
            "name": "강릉진국가마솥설렁탕",
            "final_score": 0.2569,
            "distance_from_center": 4.47
          },
          {
            "id": 15372194,
            "name": "사천면옥",
            "final_score": 0.2535,
            "distance_from_center": 4.56
          },
          {
            "id": 12027411,
            "name": "샘터흑염소",
            "final_score": 0.2329,
            "distance_from_center": 4.57
          },
          {
            "id": 1693850894,
            "name": "낙천식당",
            "final_score": 0.1841,
            "distance_from_center": 4.73
          },
          {
            "id": 21226036,
            "name": "개두릅장칼국수",
            "final_score": 0.1819,
            "distance_from_center": 4.76
          },
          {
            "id": 15372120,
            "name": "금학분식",
            "final_score": 0.3499,
            "distance_from_center": 4.76
          },
          {
            "id": 15372123,
            "name": "사천소머리국밥",
            "final_score": 0.155,
            "distance_from_center": 4.76
          },
          {
            "id": 1117927212,
            "name": "병천순대모래내",
            "final_score": 0.1816,
            "distance_from_center": 4.77
          },
          {
            "id": 1951006286,
            "name": "흑진주",
            "final_score": 0.2107,
            "distance_from_center": 4.77
          },
          {
            "id": 1866632720,
            "name": "사천닭내장탕",
            "final_score": 0.1828,
            "distance_from_center": 4.85
          }
        ],
        "Attraction": [
          {
            "id": 35372537,
            "name": "대관령아기동물농장",
            "final_score": 0.1312,
            "distance_from_center": 1.6
          },
          {
            "id": 1300520912,
            "name": "르꼬따쥬",
            "final_score": 0.2044,
            "distance_from_center": 4.41
          },
          {
            "id": 15704484,
            "name": "갈골한과체험전시관",
            "final_score": 0.1274,
            "distance_from_center": 4.63
          },
          {
            "id": 21824426,
            "name": "강릉원주대학교 박물관",
            "final_score": 0.1911,
            "distance_from_center": 5.35
          },
          {
            "id": 1117620826,
            "name": "뒷뜨루관광농원",
            "final_score": 0.4041,
            "distance_from_center": 5.44
          },
          {
            "id": 11620702,
            "name": "강릉 오죽헌·시립박물관",
            "final_score": 0.3429,
            "distance_from_center": 5.88
          },
          {
            "id": 19832807,
            "name": "강릉자수박물관",
            "final_score": 0.0163,
            "distance_from_center": 5.96
          }
        ]
      }
    },
    {
      "cluster_id": 1,
      "date": "2025-10-14",
      "weekday": "화",
      "seed_category": "Attraction",
      "seed_place": {
        "id": 1940124735,
        "name": "강문솟대다리",
        "final_score": 0.4965
      },
      "center_lat": 37.798564,
      "center_lng": 128.912622,
      "categories": {
        "Cafe": [
          {
            "id": 1176434004,
            "name": "AURA Cafe&Lounge",
            "final_score": 0.3441,
            "distance_from_center": 0.14
          },
          {
            "id": 1497289783,
            "name": "꾸옥 GGUOK",
            "final_score": 0.2015,
            "distance_from_center": 0.43
          },
          {
            "id": 189619233,
            "name": "강릉커피빵 본점",
            "final_score": 0.3191,
            "distance_from_center": 0.44
          },
          {
            "id": 1103533977,
            "name": "허스크밀",
            "final_score": 0.2,
            "distance_from_center": 0.5
          },
          {
            "id": 1212033877,
            "name": "강릉샌드 초당점",
            "final_score": 0.2682,
            "distance_from_center": 0.5
          },
          {
            "id": 1763738753,
            "name": "마더커피 강문점",
            "final_score": 0.2884,
            "distance_from_center": 0.53
          },
          {
            "id": 1869523471,
            "name": "강릉 조개빵 강릉본점",
            "final_score": 0.35,
            "distance_from_center": 0.55
          },
          {
            "id": 1709924447,
            "name": "롱블랙",
            "final_score": 0.4363,
            "distance_from_center": 0.56
          },
          {
            "id": 1625751111,
            "name": "커피커퍼박물관",
            "final_score": 0.1975,
            "distance_from_center": 0.59
          },
          {
            "id": 1591483811,
            "name": "카페밀",
            "final_score": 0.2387,
            "distance_from_center": 0.59
          },
          {
            "id": 2067971861,
            "name": "안초당",
            "final_score": 0.3573,
            "distance_from_center": 0.63
          },
          {
            "id": 1639218638,
            "name": "덴켄",
            "final_score": 0.324,
            "distance_from_center": 0.65
          },
          {
            "id": 998885728,
            "name": "카페 툇마루",
            "final_score": 0.2505,
            "distance_from_center": 0.66
          },
          {
            "id": 1926085994,
            "name": "스타벅스 강릉강문해변점",
            "final_score": 0.4078,
            "distance_from_center": 0.67
          },
          {
            "id": 1630731945,
            "name": "강릉 사임당 인절미 강문본점",
            "final_score": 0.2108,
            "distance_from_center": 0.69
          }
        ],
        "Restaurant": [
          {
            "id": 1391626004,
            "name": "설렘덩크",
            "final_score": 0.1807,
            "distance_from_center": 0.1
          },
          {
            "id": 1489310166,
            "name": "짬뽕 순두부 초당애",
            "final_score": 0.1178,
            "distance_from_center": 0.19
          },
          {
            "id": 1717795976,
            "name": "강릉칼제비 강릉본점",
            "final_score": 0.2946,
            "distance_from_center": 0.33
          },
          {
            "id": 2096131729,
            "name": "바담냉면 강릉본점",
            "final_score": 0.3597,
            "distance_from_center": 0.33
          },
          {
            "id": 2098103072,
            "name": "만야수산 경포대본점",
            "final_score": 0.3809,
            "distance_from_center": 0.33
          },
          {
            "id": 1962439120,
            "name": "해궁식당",
            "final_score": 0.2317,
            "distance_from_center": 0.37
          },
          {
            "id": 1635365791,
            "name": "팔도숯불조개구이",
            "final_score": 0.1368,
            "distance_from_center": 0.39
          },
          {
            "id": 1815335754,
            "name": "오봉이해물칼국수 강릉본점",
            "final_score": 0.4236,
            "distance_from_center": 0.39
          },
          {
            "id": 1949567929,
            "name": "화니조개구이",
            "final_score": 0.3975,
            "distance_from_center": 0.39
          },
          {
            "id": 15327157,
            "name": "고향산천초당순두부",
            "final_score": 0.2396,
            "distance_from_center": 0.39
          },
          {
            "id": 1025642664,
            "name": "팔도전복해물뚝배기",
            "final_score": 0.1354,
            "distance_from_center": 0.45
          },
          {
            "id": 15328404,
            "name": "빛고을식당",
            "final_score": 0.1786,
            "distance_from_center": 0.5
          },
          {
            "id": 1087147744,
            "name": "강문칼국수",
            "final_score": 0.113,
            "distance_from_center": 0.53
          },
          {
            "id": 1693762102,
            "name": "서울양계",
            "final_score": 0.1809,
            "distance_from_center": 0.53
          },
          {
            "id": 1479188834,
            "name": "청춘돌우럭&물회 강릉본점",
            "final_score": 0.2868,
            "distance_from_center": 0.54
          }
        ],
        "Attraction": [
          {
            "id": 1940124735,
            "name": "강문솟대다리",
            "final_score": 0.4965,
            "distance_from_center": 0.0
          },
          {
            "id": 472414455,
            "name": "경포호수광장",
            "final_score": 0.2933,
            "distance_from_center": 0.29
          },
          {
            "id": 1063021154,
            "name": "경포플라워가든",
            "final_score": 0.3411,
            "distance_from_center": 0.35
          },
          {
            "id": 31506191,
            "name": "초당순두부마을",
            "final_score": 0.1707,
            "distance_from_center": 0.51
          },
          {
            "id": 13300191,
            "name": "경포도립공원",
            "final_score": 0.4047,
            "distance_from_center": 0.52
          },
          {
            "id": 1542622512,
            "name": "원더스카이",
            "final_score": 0.0299,
            "distance_from_center": 0.57
          },
          {
            "id": 13491183,
            "name": "강문해변",
            "final_score": 0.2852,
            "distance_from_center": 0.7
          },
          {
            "id": 20066218,
            "name": "허난설헌 생가터",
            "final_score": 0.3407,
            "distance_from_center": 0.78
          },
          {
            "id": 1130774967,
            "name": "허균·허난설헌 기념공원",
            "final_score": 0.4399,
            "distance_from_center": 0.79
          },
          {
            "id": 12079976,
            "name": "경포해수욕장",
            "final_score": 0.3602,
            "distance_from_center": 0.93
          },
          {
            "id": 37434460,
            "name": "경포 아쿠아리움",
            "final_score": 0.1905,
            "distance_from_center": 1.03
          },
          {
            "id": 1090555407,
            "name": "아르떼뮤지엄 강릉",
            "final_score": 0.2477,
            "distance_from_center": 1.03
          },
          {
            "id": 1112785467,
            "name": "런닝맨 강릉점",
            "final_score": 0.1459,
            "distance_from_center": 1.14
          },
          {
            "id": 1881857549,
            "name": "강릉 메타버스 체험관",
            "final_score": 0.0063,
            "distance_from_center": 1.29
          },
          {
            "id": 12409858,
            "name": "참소리에디슨손성목영화박물관",
            "final_score": 0.0385,
            "distance_from_center": 1.35
          }
        ]
      }
    },
    {
      "cluster_id": 2,
      "date": "2025-10-15",
      "weekday": "수",
      "seed_category": "Cafe",
      "seed_place": {
        "id": 1174448798,
        "name": "스타벅스 강릉IC DT점",
        "final_score": 0.4851
      },
      "center_lat": 37.746793,
      "center_lng": 128.872405,
      "categories": {
        "Cafe": [
          {
            "id": 1174448798,
            "name": "스타벅스 강릉IC DT점",
            "final_score": 0.4851,
            "distance_from_center": 0.0
          },
          {
            "id": 2012122325,
            "name": "루모",
            "final_score": 0.3802,
            "distance_from_center": 0.73
          },
          {
            "id": 1750727150,
            "name": "미미케이크",
            "final_score": 0.224,
            "distance_from_center": 0.91
          },
          {
            "id": 2067021446,
            "name": "떡이네",
            "final_score": 0.3742,
            "distance_from_center": 0.93
          },
          {
            "id": 19900143,
            "name": "라몬타냐",
            "final_score": 0.2015,
            "distance_from_center": 0.99
          },
          {
            "id": 263503029,
            "name": "어썸",
            "final_score": 0.3138,
            "distance_from_center": 1.2
          },
          {
            "id": 1081008717,
            "name": "홍제멘션 강릉 본점",
            "final_score": 0.3892,
            "distance_from_center": 1.26
          },
          {
            "id": 1605447318,
            "name": "젤라또까사",
            "final_score": 0.409,
            "distance_from_center": 1.3
          },
          {
            "id": 1500318606,
            "name": "버떠",
            "final_score": 0.3814,
            "distance_from_center": 1.35
          },
          {
            "id": 1495937611,
            "name": "음차차",
            "final_score": 0.3304,
            "distance_from_center": 1.59
          },
          {
            "id": 1026225860,
            "name": "새바람이오는그늘",
            "final_score": 0.3587,
            "distance_from_center": 1.62
          },
          {
            "id": 1275789425,
            "name": "봄",
            "final_score": 0.3759,
            "distance_from_center": 1.71
          },
          {
            "id": 1670844066,
            "name": "빵파르",
            "final_score": 0.2277,
            "distance_from_center": 1.73
          },
          {
            "id": 38482509,
            "name": "52블럭",
            "final_score": 0.1922,
            "distance_from_center": 1.77
          },
          {
            "id": 1104085754,
            "name": "aie",
            "final_score": 0.2687,
            "distance_from_center": 1.78
          }
        ],
        "Restaurant": [
          {
            "id": 1567062059,
            "name": "회산막국수 강릉점",
            "final_score": 0.3442,
            "distance_from_center": 0.27
          },
          {
            "id": 1921017060,
            "name": "강릉명가",
            "final_score": 0.2898,
            "distance_from_center": 0.49
          },
          {
            "id": 37253078,
            "name": "뿅가곱창 강릉점",
            "final_score": 0.3297,
            "distance_from_center": 0.82
          },
          {
            "id": 1070243890,
            "name": "무단외박",
            "final_score": 0.2338,
            "distance_from_center": 0.84
          },
          {
            "id": 1371192904,
            "name": "갑진정식",
            "final_score": 0.2211,
            "distance_from_center": 0.86
          },
          {
            "id": 1337210252,
            "name": "밥잘하는누나",
            "final_score": 0.0,
            "distance_from_center": 0.86
          },
          {
            "id": 1605479970,
            "name": "십이월육일",
            "final_score": 0.2568,
            "distance_from_center": 0.87
          },
          {
            "id": 15332511,
            "name": "초원이모네",
            "final_score": 0.3222,
            "distance_from_center": 0.89
          },
          {
            "id": 33732587,
            "name": "일미소문난생선구이",
            "final_score": 0.3606,
            "distance_from_center": 0.9
          },
          {
            "id": 1366265272,
            "name": "병천순대 내곡점",
            "final_score": 0.21,
            "distance_from_center": 0.9
          },
          {
            "id": 1344917614,
            "name": "강릉홍가네옹심이",
            "final_score": 0.2151,
            "distance_from_center": 0.91
          },
          {
            "id": 37628157,
            "name": "동일장칼국수 내곡점",
            "final_score": 0.202,
            "distance_from_center": 0.93
          },
          {
            "id": 1221051877,
            "name": "성수족발",
            "final_score": 0.1577,
            "distance_from_center": 0.93
          },
          {
            "id": 1565348057,
            "name": "솔향한우곰탕",
            "final_score": 0.2663,
            "distance_from_center": 0.94
          },
          {
            "id": 1380888385,
            "name": "얌샘김밥 강릉내곡점",
            "final_score": 0.2322,
            "distance_from_center": 0.94
          }
        ],
        "Attraction": [
          {
            "id": 1412053208,
            "name": "처음처럼&새로 브랜드 체험관",
            "final_score": 0.1983,
            "distance_from_center": 0.72
          },
          {
            "id": 37090227,
            "name": "버드나무 브루어리",
            "final_score": 0.2383,
            "distance_from_center": 1.07
          },
          {
            "id": 11535675,
            "name": "강릉문화원",
            "final_score": 0.132,
            "distance_from_center": 1.34
          },
          {
            "id": 2062786512,
            "name": "강릉시립미술관 솔올",
            "final_score": 0.2701,
            "distance_from_center": 1.49
          },
          {
            "id": 38623679,
            "name": "명주예술마당",
            "final_score": 0.2273,
            "distance_from_center": 1.63
          },
          {
            "id": 749351147,
            "name": "강릉 임영관 삼문",
            "final_score": 0.2132,
            "distance_from_center": 1.84
          },
          {
            "id": 1249952785,
            "name": "강릉 명주동 거리",
            "final_score": 0.3205,
            "distance_from_center": 1.85
          },
          {
            "id": 15693581,
            "name": "강릉 남산공원",
            "final_score": 0.3314,
            "distance_from_center": 1.85
          },
          {
            "id": 13345877,
            "name": "강릉 서부시장",
            "final_score": 0.1323,
            "distance_from_center": 1.87
          },
          {
            "id": 15685783,
            "name": "강릉 대도호부 관아",
            "final_score": 0.464,
            "distance_from_center": 1.88
          },
          {
            "id": 37081677,
            "name": "수상한마법학교",
            "final_score": 0.1751,
            "distance_from_center": 1.91
          },
          {
            "id": 1775014582,
            "name": "리고엠",
            "final_score": 0.2171,
            "distance_from_center": 1.98
          },
          {
            "id": 12955259,
            "name": "단오타운전시관",
            "final_score": 0.2056,
            "distance_from_center": 2.0
          },
          {
            "id": 12762639,
            "name": "강릉시립미술관 교동",
            "final_score": 0.3525,
            "distance_from_center": 2.23
          },
          {
            "id": 35188457,
            "name": "애니멀스토리",
            "final_score": 0.1375,
            "distance_from_center": 2.35
          }
        ]
      }
    }
  ]
}