{
  "user_id": "U0388",
  "start_date": "2025-04-30",
  "start_weekday": "수",
  "duration_days": 4,
  "budget": 800000,
  "num_clusters": 4,
  "clustering_method": "greedy_score_based_with_store_hours",
  "seed_strategy": "highest_score_only",
  "max_cluster_radius_km": 6,
  "min_places_per_category": 7,
  "places_per_category": 15,
  "Accommodation": 1000108328,
  "clusters": [
    {
      "cluster_id": 0,
      "date": "2025-04-30",
      "weekday": "수",
      "seed_category": "Restaurant",
      "seed_place": {
        "id": 1557591875,
        "name": "부산조방낙지",
        "final_score": 0.4777
      },
      "center_lat": 37.76705,
      "center_lng": 128.87911,
      "categories": {
        "Cafe": [
          {
            "id": 1867724165,
            "name": "사루",
            "final_score": 0.2849,
            "distance_from_center": 0.05
          },
          {
            "id": 1784470266,
            "name": "메가MGC커피 강릉교동솔올점",
            "final_score": 0.0111,
            "distance_from_center": 0.08
          },
          {
            "id": 1843451871,
            "name": "투썸플레이스 강릉교동택지점",
            "final_score": 0.2735,
            "distance_from_center": 0.11
          },
          {
            "id": 79408101,
            "name": "이디야커피 강릉교동택지점",
            "final_score": 0.205,
            "distance_from_center": 0.2
          },
          {
            "id": 1625914520,
            "name": "사월의 모노웜",
            "final_score": 0.3164,
            "distance_from_center": 0.27
          },
          {
            "id": 1133303813,
            "name": "커피아워",
            "final_score": 0.3321,
            "distance_from_center": 0.29
          },
          {
            "id": 1662017638,
            "name": "쎄라비",
            "final_score": 0.2001,
            "distance_from_center": 0.29
          },
          {
            "id": 1662017638,
            "name": "쎄라비",
            "final_score": 0.2001,
            "distance_from_center": 0.29
          },
          {
            "id": 1215792352,
            "name": "던킨 강릉교동점",
            "final_score": 0.3104,
            "distance_from_center": 0.32
          },
          {
            "id": 1352455905,
            "name": "화이트리에 강릉점",
            "final_score": 0.2231,
            "distance_from_center": 0.32
          },
          {
            "id": 1623800311,
            "name": "멜로우밀",
            "final_score": 0.3076,
            "distance_from_center": 0.35
          },
          {
            "id": 1459760339,
            "name": "스타벅스 강릉교동광장점",
            "final_score": 0.1719,
            "distance_from_center": 0.35
          },
          {
            "id": 1263529731,
            "name": "인비토",
            "final_score": 0.2838,
            "distance_from_center": 0.36
          },
          {
            "id": 36767042,
            "name": "크리스피크림도넛 강릉교동점",
            "final_score": 0.1597,
            "distance_from_center": 0.41
          },
          {
            "id": 1526759655,
            "name": "텐퍼센트커피 강릉교동택지점",
            "final_score": 0.328,
            "distance_from_center": 0.42
          }
        ],
        "Restaurant": [
          {
            "id": 1557591875,
            "name": "부산조방낙지",
            "final_score": 0.4777,
            "distance_from_center": 0.0
          },
          {
            "id": 1270795527,
            "name": "회바라기",
            "final_score": 0.3412,
            "distance_from_center": 0.02
          },
          {
            "id": 1330726128,
            "name": "가시버시",
            "final_score": 0.3002,
            "distance_from_center": 0.04
          },
          {
            "id": 1278298701,
            "name": "대동집 강릉 교동점",
            "final_score": 0.3109,
            "distance_from_center": 0.04
          },
          {
            "id": 36266633,
            "name": "강릉불향쭈꾸미",
            "final_score": 0.2892,
            "distance_from_center": 0.06
          },
          {
            "id": 1748594252,
            "name": "팔도실비집 강릉교동점",
            "final_score": 0.1623,
            "distance_from_center": 0.07
          },
          {
            "id": 1376821892,
            "name": "구석",
            "final_score": 0.3011,
            "distance_from_center": 0.07
          },
          {
            "id": 1503238465,
            "name": "바다로",
            "final_score": 0.2896,
            "distance_from_center": 0.09
          },
          {
            "id": 1236764160,
            "name": "안주가 강릉교동점",
            "final_score": 0.2314,
            "distance_from_center": 0.1
          },
          {
            "id": 231087604,
            "name": "만억정흑염소",
            "final_score": 0.3586,
            "distance_from_center": 0.1
          },
          {
            "id": 1864892993,
            "name": "바깥 강릉",
            "final_score": 0.1859,
            "distance_from_center": 0.11
          },
          {
            "id": 1443450239,
            "name": "샵도쿄시장 강릉교동점",
            "final_score": 0.298,
            "distance_from_center": 0.13
          },
          {
            "id": 1131992941,
            "name": "은하수구락부",
            "final_score": 0.1883,
            "distance_from_center": 0.13
          },
          {
            "id": 1847740796,
            "name": "오봉집 강릉점",
            "final_score": 0.302,
            "distance_from_center": 0.14
          },
          {
            "id": 1488381938,
            "name": "강릉 교동식당",
            "final_score": 0.2868,
            "distance_from_center": 0.14
          }
        ],
        "Attraction": [
          {
            "id": 1775014582,
            "name": "리고엠",
            "final_score": 0.1935,
            "distance_from_center": 0.37
          },
          {
            "id": 21824426,
            "name": "강릉원주대학교 박물관",
            "final_score": 0.1492,
            "distance_from_center": 0.89
          },
          {
            "id": 2062786512,
            "name": "강릉시립미술관 솔올",
            "final_score": 0.3122,
            "distance_from_center": 0.9
          },
          {
            "id": 11535675,
            "name": "강릉문화원",
            "final_score": 0.0906,
            "distance_from_center": 1.03
          },
          {
            "id": 19832807,
            "name": "강릉자수박물관",
            "final_score": 0.0025,
            "distance_from_center": 1.22
          },
          {
            "id": 12762639,
            "name": "강릉시립미술관 교동",
            "final_score": 0.1223,
            "distance_from_center": 1.26
          },
          {
            "id": 11620702,
            "name": "강릉 오죽헌·시립박물관",
            "final_score": 0.1152,
            "distance_from_center": 1.35
          },
          {
            "id": 1346656418,
            "name": "경포생태저류지",
            "final_score": 0.001,
            "distance_from_center": 1.45
          },
          {
            "id": 11663849,
            "name": "강릉향교",
            "final_score": 0.0264,
            "distance_from_center": 1.47
          },
          {
            "id": 1550291849,
            "name": "강릉아트센터",
            "final_score": 0.2047,
            "distance_from_center": 1.52
          },
          {
            "id": 13345877,
            "name": "강릉 서부시장",
            "final_score": 0.0,
            "distance_from_center": 1.68
          },
          {
            "id": 1357865119,
            "name": "고래책방",
            "final_score": 0.2579,
            "distance_from_center": 1.87
          },
          {
            "id": 749351147,
            "name": "강릉 임영관 삼문",
            "final_score": 0.0767,
            "distance_from_center": 1.91
          },
          {
            "id": 15685783,
            "name": "강릉 대도호부 관아",
            "final_score": 0.1175,
            "distance_from_center": 1.91
          },
          {
            "id": 1287320440,
            "name": "강릉 월화거리",
            "final_score": 0.066,
            "distance_from_center": 2.03
          }
        ]
      }
    },
    {
      "cluster_id": 1,
      "date": "2025-05-01",
      "weekday": "목",
      "seed_category": "Restaurant",
      "seed_place": {
        "id": 33920318,
        "name": "여왕개미식당",
        "final_score": 0.4537
      },
      "center_lat": 37.753752,
      "center_lng": 128.898073,
      "categories": {
        "Cafe": [
          {
            "id": 1683765421,
            "name": "타임슬립",
            "final_score": 0.28,
            "distance_from_center": 0.04
          },
          {
            "id": 1318617687,
            "name": "강릉이래요",
            "final_score": 0.2337,
            "distance_from_center": 0.06
          },
          {
            "id": 1758181058,
            "name": "김성수제빵소 강릉점",
            "final_score": 0.272,
            "distance_from_center": 0.07
          },
          {
            "id": 1669842519,
            "name": "오버웨잇 강릉본점",
            "final_score": 0.2658,
            "distance_from_center": 0.1
          },
          {
            "id": 1526049518,
            "name": "커피러버스",
            "final_score": 0.3258,
            "distance_from_center": 0.11
          },
          {
            "id": 2013389102,
            "name": "크레마코스타 중앙시장점",
            "final_score": 0.3749,
            "distance_from_center": 0.11
          },
          {
            "id": 1697573959,
            "name": "강릉커피콩빵 강릉당 중앙시장점",
            "final_score": 0.2721,
            "distance_from_center": 0.12
          },
          {
            "id": 35256483,
            "name": "설빙 강릉대학로점",
            "final_score": 0.3368,
            "distance_from_center": 0.12
          },
          {
            "id": 1086491623,
            "name": "파충류카페 강릉점",
            "final_score": 0.2285,
            "distance_from_center": 0.12
          },
          {
            "id": 1202298255,
            "name": "팡파미유 중앙시장점",
            "final_score": 0.294,
            "distance_from_center": 0.14
          },
          {
            "id": 2078030409,
            "name": "강릉베이글",
            "final_score": 0.214,
            "distance_from_center": 0.15
          },
          {
            "id": 1517734190,
            "name": "강원옥찹쌀떡 중앙시장점",
            "final_score": 0.3674,
            "distance_from_center": 0.15
          },
          {
            "id": 1689574654,
            "name": "굴리아케이크",
            "final_score": 0.3108,
            "distance_from_center": 0.15
          },
          {
            "id": 1355852682,
            "name": "젤라또마켓 순두부젤라또",
            "final_score": 0.3459,
            "distance_from_center": 0.15
          },
          {
            "id": 1659347323,
            "name": "강릉샌드",
            "final_score": 0.3584,
            "distance_from_center": 0.15
          }
        ],
        "Restaurant": [
          {
            "id": 33920318,
            "name": "여왕개미식당",
            "final_score": 0.4537,
            "distance_from_center": 0.0
          },
          {
            "id": 1651613690,
            "name": "강릉사임당술빵",
            "final_score": 0.3166,
            "distance_from_center": 0.04
          },
          {
            "id": 1175212803,
            "name": "성남장터",
            "final_score": 0.2645,
            "distance_from_center": 0.04
          },
          {
            "id": 37300459,
            "name": "소문난식당",
            "final_score": 0.3279,
            "distance_from_center": 0.06
          },
          {
            "id": 15297075,
            "name": "유성상회 강릉본점",
            "final_score": 0.2759,
            "distance_from_center": 0.06
          },
          {
            "id": 1421217055,
            "name": "고향먹거리",
            "final_score": 0.2958,
            "distance_from_center": 0.06
          },
          {
            "id": 1416506512,
            "name": "맛나칼국수",
            "final_score": 0.2615,
            "distance_from_center": 0.06
          },
          {
            "id": 1129595331,
            "name": "애경부침",
            "final_score": 0.2629,
            "distance_from_center": 0.08
          },
          {
            "id": 1622671621,
            "name": "불개미식당",
            "final_score": 0.293,
            "distance_from_center": 0.08
          },
          {
            "id": 1379005450,
            "name": "떡볶이는생각하지마세요",
            "final_score": 0.2736,
            "distance_from_center": 0.08
          },
          {
            "id": 15297320,
            "name": "광덕식당 중앙시장점",
            "final_score": 0.3543,
            "distance_from_center": 0.08
          },
          {
            "id": 19828562,
            "name": "성남칼국수",
            "final_score": 0.2318,
            "distance_from_center": 0.08
          },
          {
            "id": 539519138,
            "name": "김밥나라 강릉본점",
            "final_score": 0.2585,
            "distance_from_center": 0.08
          },
          {
            "id": 1448729546,
            "name": "명성부침",
            "final_score": 0.2003,
            "distance_from_center": 0.09
          },
          {
            "id": 1681518999,
            "name": "초당순두부당",
            "final_score": 0.3169,
            "distance_from_center": 0.11
          }
        ],
        "Attraction": [
          {
            "id": 13345873,
            "name": "강릉 중앙시장",
            "final_score": 0.1857,
            "distance_from_center": 0.06
          },
          {
            "id": 1249952785,
            "name": "강릉 명주동 거리",
            "final_score": 0.313,
            "distance_from_center": 0.55
          },
          {
            "id": 12955259,
            "name": "단오타운전시관",
            "final_score": 0.0855,
            "distance_from_center": 0.67
          },
          {
            "id": 13345874,
            "name": "강릉 동부시장",
            "final_score": 0.0,
            "distance_from_center": 0.71
          },
          {
            "id": 15693581,
            "name": "강릉 남산공원",
            "final_score": 0.1015,
            "distance_from_center": 0.75
          },
          {
            "id": 38623679,
            "name": "명주예술마당",
            "final_score": 0.0433,
            "distance_from_center": 0.78
          },
          {
            "id": 11592129,
            "name": "강릉교육문화관",
            "final_score": 0.1814,
            "distance_from_center": 0.87
          },
          {
            "id": 35188457,
            "name": "애니멀스토리",
            "final_score": 0.1127,
            "distance_from_center": 1.06
          },
          {
            "id": 37090227,
            "name": "버드나무 브루어리",
            "final_score": 0.2342,
            "distance_from_center": 1.34
          },
          {
            "id": 1211834959,
            "name": "강릉올림픽뮤지엄",
            "final_score": 0.0004,
            "distance_from_center": 2.85
          },
          {
            "id": 1412053208,
            "name": "처음처럼&새로 브랜드 체험관",
            "final_score": 0.0834,
            "distance_from_center": 2.91
          },
          {
            "id": 37081677,
            "name": "수상한마법학교",
            "final_score": 0.0204,
            "distance_from_center": 3.07
          },
          {
            "id": 32777223,
            "name": "자연아놀자 체험학습박물관",
            "final_score": 0.0049,
            "distance_from_center": 3.54
          },
          {
            "id": 20066249,
            "name": "강릉 수리골 고택",
            "final_score": 0.3427,
            "distance_from_center": 3.66
          },
          {
            "id": 11687693,
            "name": "강릉 선교장",
            "final_score": 0.0041,
            "distance_from_center": 3.82
          }
        ]
      }
    },
    {
      "cluster_id": 2,
      "date": "2025-05-02",
      "weekday": "금",
      "seed_category": "Restaurant",
      "seed_place": {
        "id": 35828643,
        "name": "초당송도불향쭈꾸미 본점",
        "final_score": 0.444
      },
      "center_lat": 37.788257,
      "center_lng": 128.91393,
      "categories": {
        "Cafe": [
          {
            "id": 1209837360,
            "name": "초당고래로스팅카페",
            "final_score": 0.3182,
            "distance_from_center": 0.05
          },
          {
            "id": 1621771668,
            "name": "카페 초당순 강릉본점",
            "final_score": 0.3627,
            "distance_from_center": 0.05
          },
          {
            "id": 1974801379,
            "name": "카페콥스",
            "final_score": 0.2532,
            "distance_from_center": 0.05
          },
          {
            "id": 1405929814,
            "name": "초당커피정미소 본점",
            "final_score": 0.2454,
            "distance_from_center": 0.11
          },
          {
            "id": 1834719170,
            "name": "초당소금빵",
            "final_score": 0.1844,
            "distance_from_center": 0.14
          },
          {
            "id": 1959930841,
            "name": "강릉 미어지게",
            "final_score": 0.1562,
            "distance_from_center": 0.15
          },
          {
            "id": 1794472949,
            "name": "에브리모먼트커피",
            "final_score": 0.2126,
            "distance_from_center": 0.23
          },
          {
            "id": 1994587010,
            "name": "말차로",
            "final_score": 0.3386,
            "distance_from_center": 0.3
          },
          {
            "id": 1037671264,
            "name": "카페동화",
            "final_score": 0.2733,
            "distance_from_center": 0.33
          },
          {
            "id": 1492455872,
            "name": "카페기와",
            "final_score": 0.2316,
            "distance_from_center": 0.33
          },
          {
            "id": 1995634579,
            "name": "강릉 초당찰떡",
            "final_score": 0.3078,
            "distance_from_center": 0.36
          },
          {
            "id": 1046848158,
            "name": "초당커피",
            "final_score": 0.3163,
            "distance_from_center": 0.36
          },
          {
            "id": 1195768568,
            "name": "플레이스 플러스",
            "final_score": 0.3356,
            "distance_from_center": 0.38
          },
          {
            "id": 1265990790,
            "name": "애프터 이미지",
            "final_score": 0.2506,
            "distance_from_center": 0.41
          },
          {
            "id": 1087262116,
            "name": "강원옥 찹쌀떡",
            "final_score": 0.3611,
            "distance_from_center": 0.42
          }
        ],
        "Restaurant": [
          {
            "id": 35828643,
            "name": "초당송도불향쭈꾸미 본점",
            "final_score": 0.444,
            "distance_from_center": 0.0
          },
          {
            "id": 33152153,
            "name": "초당토박이할머니순두부",
            "final_score": 0.199,
            "distance_from_center": 0.04
          },
          {
            "id": 2094272054,
            "name": "강릉짬뽕순두부마법사",
            "final_score": 0.3076,
            "distance_from_center": 0.05
          },
          {
            "id": 1632217656,
            "name": "메시56",
            "final_score": 0.3163,
            "distance_from_center": 0.06
          },
          {
            "id": 1265044520,
            "name": "그옛날초당순두부",
            "final_score": 0.2667,
            "distance_from_center": 0.06
          },
          {
            "id": 1653763172,
            "name": "뉴솔향초당순두부",
            "final_score": 0.3145,
            "distance_from_center": 0.16
          },
          {
            "id": 1453209507,
            "name": "산마루황태촌 초당직영점",
            "final_score": 0.3252,
            "distance_from_center": 0.17
          },
          {
            "id": 1292073957,
            "name": "초당명가 짬뽕순두부",
            "final_score": 0.3271,
            "distance_from_center": 0.19
          },
          {
            "id": 1359335955,
            "name": "초당민들레",
            "final_score": 0.2483,
            "distance_from_center": 0.19
          },
          {
            "id": 1951460203,
            "name": "은대봉",
            "final_score": 0.2157,
            "distance_from_center": 0.2
          },
          {
            "id": 37698425,
            "name": "메밀향기",
            "final_score": 0.3245,
            "distance_from_center": 0.21
          },
          {
            "id": 631054551,
            "name": "강릉 낭만게장&백숙",
            "final_score": 0.2764,
            "distance_from_center": 0.24
          },
          {
            "id": 32039146,
            "name": "부일손칼국수",
            "final_score": 0.282,
            "distance_from_center": 0.26
          },
          {
            "id": 1042880745,
            "name": "초당가국수",
            "final_score": 0.339,
            "distance_from_center": 0.27
          },
          {
            "id": 13052149,
            "name": "정은숙초당순두부",
            "final_score": 0.2648,
            "distance_from_center": 0.32
          }
        ],
        "Attraction": [
          {
            "id": 1130774967,
            "name": "허균·허난설헌 기념공원",
            "final_score": 0.1158,
            "distance_from_center": 0.54
          },
          {
            "id": 20066218,
            "name": "허난설헌 생가터",
            "final_score": 0.098,
            "distance_from_center": 0.55
          },
          {
            "id": 1090555407,
            "name": "아르떼뮤지엄 강릉",
            "final_score": 0.0354,
            "distance_from_center": 0.57
          },
          {
            "id": 37434460,
            "name": "경포 아쿠아리움",
            "final_score": 0.0665,
            "distance_from_center": 0.57
          },
          {
            "id": 1542622512,
            "name": "원더스카이",
            "final_score": 0.0033,
            "distance_from_center": 0.64
          },
          {
            "id": 1881857549,
            "name": "강릉 메타버스 체험관",
            "final_score": 0.0004,
            "distance_from_center": 0.65
          },
          {
            "id": 31506191,
            "name": "초당순두부마을",
            "final_score": 0.168,
            "distance_from_center": 0.71
          },
          {
            "id": 1112785467,
            "name": "런닝맨 강릉점",
            "final_score": 0.0133,
            "distance_from_center": 0.74
          },
          {
            "id": 13491183,
            "name": "강문해변",
            "final_score": 0.0135,
            "distance_from_center": 0.86
          },
          {
            "id": 472414455,
            "name": "경포호수광장",
            "final_score": 0.0547,
            "distance_from_center": 1.13
          },
          {
            "id": 1940124735,
            "name": "강문솟대다리",
            "final_score": 0.1934,
            "distance_from_center": 1.15
          },
          {
            "id": 1063021154,
            "name": "경포플라워가든",
            "final_score": 0.0878,
            "distance_from_center": 1.18
          },
          {
            "id": 31044854,
            "name": "경포가시연습지",
            "final_score": 0.1088,
            "distance_from_center": 1.35
          },
          {
            "id": 13300191,
            "name": "경포도립공원",
            "final_score": 0.0953,
            "distance_from_center": 1.65
          },
          {
            "id": 13491109,
            "name": "경포호",
            "final_score": 0.0048,
            "distance_from_center": 1.73
          }
        ]
      }
    },
    {
      "cluster_id": 3,
      "date": "2025-05-03",
      "weekday": "토",
      "seed_category": "Restaurant",
      "seed_place": {
        "id": 34439221,
        "name": "김우정초당짬뽕순두부",
        "final_score": 0.4321
      },
      "center_lat": 37.791589,
      "center_lng": 128.916518,
      "categories": {
        "Cafe": [
          {
            "id": 1338491802,
            "name": "초당110 순두부젤라또",
            "final_score": 0.3392,
            "distance_from_center": 0.09
          },
          {
            "id": 1948973432,
            "name": "데일리오아시스 강릉점",
            "final_score": 0.2698,
            "distance_from_center": 0.17
          },
          {
            "id": 2038520626,
            "name": "시만차 포그",
            "final_score": 0.3134,
            "distance_from_center": 0.18
          },
          {
            "id": 998885728,
            "name": "카페 툇마루",
            "final_score": 0.2006,
            "distance_from_center": 0.22
          },
          {
            "id": 2067971861,
            "name": "안초당",
            "final_score": 0.3378,
            "distance_from_center": 0.23
          },
          {
            "id": 1625751111,
            "name": "커피커퍼박물관",
            "final_score": 0.2594,
            "distance_from_center": 0.27
          },
          {
            "id": 1986612032,
            "name": "롱브레드 초당",
            "final_score": 0.2502,
            "distance_from_center": 0.3
          },
          {
            "id": 1591483811,
            "name": "카페밀",
            "final_score": 0.2451,
            "distance_from_center": 0.32
          },
          {
            "id": 1212033877,
            "name": "강릉샌드 초당점",
            "final_score": 0.3214,
            "distance_from_center": 0.35
          },
          {
            "id": 1103533977,
            "name": "허스크밀",
            "final_score": 0.2373,
            "distance_from_center": 0.35
          },
          {
            "id": 1381613890,
            "name": "강릉옥수수빵",
            "final_score": 0.304,
            "distance_from_center": 0.35
          },
          {
            "id": 1630731945,
            "name": "강릉 사임당 인절미 강문본점",
            "final_score": 0.2891,
            "distance_from_center": 0.36
          },
          {
            "id": 1926085994,
            "name": "스타벅스 강릉강문해변점",
            "final_score": 0.2148,
            "distance_from_center": 0.39
          },
          {
            "id": 1869523471,
            "name": "강릉 조개빵 강릉본점",
            "final_score": 0.3586,
            "distance_from_center": 0.4
          },
          {
            "id": 1639218638,
            "name": "덴켄",
            "final_score": 0.2241,
            "distance_from_center": 0.41
          }
        ],
        "Restaurant": [
          {
            "id": 34439221,
            "name": "김우정초당짬뽕순두부",
            "final_score": 0.4321,
            "distance_from_center": 0.0
          },
          {
            "id": 1381183889,
            "name": "미송순두부짬뽕",
            "final_score": 0.223,
            "distance_from_center": 0.02
          },
          {
            "id": 12031474,
            "name": "농촌순두부",
            "final_score": 0.3872,
            "distance_from_center": 0.06
          },
          {
            "id": 1966143636,
            "name": "초당본가짬뽕순두부",
            "final_score": 0.35,
            "distance_from_center": 0.07
          },
          {
            "id": 37349949,
            "name": "소나무집초당순두부",
            "final_score": 0.3116,
            "distance_from_center": 0.09
          },
          {
            "id": 15320203,
            "name": "강릉짬뽕순두부 강릉본점",
            "final_score": 0.276,
            "distance_from_center": 0.14
          },
          {
            "id": 1415619635,
            "name": "나상명강릉초당순두부",
            "final_score": 0.2277,
            "distance_from_center": 0.14
          },
          {
            "id": 1880153847,
            "name": "강릉 하월당 초당짬뽕순두부",
            "final_score": 0.354,
            "distance_from_center": 0.15
          },
          {
            "id": 11859878,
            "name": "강릉짬뽕순두부 동화가든 본점",
            "final_score": 0.3236,
            "distance_from_center": 0.17
          },
          {
            "id": 36952290,
            "name": "오월에초당",
            "final_score": 0.1984,
            "distance_from_center": 0.22
          },
          {
            "id": 1817783356,
            "name": "맛마루부대찌개",
            "final_score": 0.3188,
            "distance_from_center": 0.25
          },
          {
            "id": 1065842255,
            "name": "강릉전복영양솥밥화덕생선구이",
            "final_score": 0.2286,
            "distance_from_center": 0.26
          },
          {
            "id": 1009432770,
            "name": "초당훈이순두부짬뽕",
            "final_score": 0.2749,
            "distance_from_center": 0.26
          },
          {
            "id": 2041883893,
            "name": "아라시",
            "final_score": 0.3219,
            "distance_from_center": 0.32
          },
          {
            "id": 1710211402,
            "name": "강릉79막회",
            "final_score": 0.275,
            "distance_from_center": 0.32
          }
        ],
        "Attraction": [
          {
            "id": 12079976,
            "name": "경포해수욕장",
            "final_score": 0.1101,
            "distance_from_center": 1.77
          },
          {
            "id": 1675156043,
            "name": "강릉 경포대",
            "final_score": 0.0972,
            "distance_from_center": 1.81
          },
          {
            "id": 20065935,
            "name": "송정해변",
            "final_score": 0.0046,
            "distance_from_center": 2.22
          },
          {
            "id": 15371716,
            "name": "사근진해변",
            "final_score": 0.1141,
            "distance_from_center": 2.82
          },
          {
            "id": 1338629806,
            "name": "사근진해중공원 전망대",
            "final_score": 0.0102,
            "distance_from_center": 2.82
          },
          {
            "id": 1338629806,
            "name": "사근진해중공원 전망대",
            "final_score": 0.0102,
            "distance_from_center": 2.82
          },
          {
            "id": 32268465,
            "name": "환희컵박물관",
            "final_score": 0.0009,
            "distance_from_center": 3.01
          },
          {
            "id": 939463951,
            "name": "강릉 안목해맞이공원",
            "final_score": 0.1636,
            "distance_from_center": 3.16
          },
          {
            "id": 20947876,
            "name": "강릉커피거리",
            "final_score": 0.1665,
            "distance_from_center": 3.43
          },
          {
            "id": 13491906,
            "name": "안목해변",
            "final_score": 0.2307,
            "distance_from_center": 3.43
          },
          {
            "id": 13491745,
            "name": "순긋해변",
            "final_score": 0.2828,
            "distance_from_center": 3.48
          },
          {
            "id": 15692195,
            "name": "강릉항",
            "final_score": 0.0657,
            "distance_from_center": 3.82
          },
          {
            "id": 1243747688,
            "name": "병산 옹심이마을",
            "final_score": 0.1192,
            "distance_from_center": 3.84
          },
          {
            "id": 20103328,
            "name": "순포해변",
            "final_score": 0.0616,
            "distance_from_center": 3.85
          },
          {
            "id": 1884028346,
            "name": "순포습지",
            "final_score": 0.0822,
            "distance_from_center": 4.02
          }
        ]
      }
    }
  ]
}