{
  "user_id": "U0401",
  "start_date": "2025-06-12",
  "start_weekday": "목",
  "duration_days": 2,
  "budget": 300000,
  "num_clusters": 2,
  "clustering_method": "greedy_score_based_with_store_hours",
  "seed_strategy": "highest_score_only",
  "max_cluster_radius_km": 6,
  "min_places_per_category": 7,
  "places_per_category": 15,
  "Accommodation": 10058151,
  "clusters": [
    {
      "cluster_id": 0,
      "date": "2025-06-12",
      "weekday": "목",
      "seed_category": "Restaurant",
      "seed_place": {
        "id": 1969057580,
        "name": "학산2리 마을부녀회",
        "final_score": 0.6483
      },
      "center_lat": 37.705867,
      "center_lng": 128.88869,
      "categories": {
        "Cafe": [
          {
            "id": 1926050460,
            "name": "디코이덕",
            "final_score": 0.5061,
            "distance_from_center": 2.03
          },
          {
            "id": 15299378,
            "name": "포모도로",
            "final_score": 0.4356,
            "distance_from_center": 3.83
          },
          {
            "id": 2067021446,
            "name": "떡이네",
            "final_score": 0.5784,
            "distance_from_center": 3.97
          },
          {
            "id": 19900143,
            "name": "라몬타냐",
            "final_score": 0.4895,
            "distance_from_center": 4.07
          },
          {
            "id": 2012122325,
            "name": "루모",
            "final_score": 0.5647,
            "distance_from_center": 4.09
          },
          {
            "id": 1426989487,
            "name": "안다미로",
            "final_score": 0.5466,
            "distance_from_center": 4.58
          },
          {
            "id": 1682187275,
            "name": "카페 정화",
            "final_score": 0.5131,
            "distance_from_center": 4.71
          },
          {
            "id": 1174448798,
            "name": "스타벅스 강릉IC DT점",
            "final_score": 0.5893,
            "distance_from_center": 4.77
          },
          {
            "id": 1750727150,
            "name": "미미케이크",
            "final_score": 0.4036,
            "distance_from_center": 4.82
          },
          {
            "id": 1026225860,
            "name": "새바람이오는그늘",
            "final_score": 0.585,
            "distance_from_center": 4.88
          },
          {
            "id": 1081008717,
            "name": "홍제멘션 강릉 본점",
            "final_score": 0.5554,
            "distance_from_center": 4.94
          },
          {
            "id": 1275789425,
            "name": "봄",
            "final_score": 0.5789,
            "distance_from_center": 4.94
          },
          {
            "id": 2031533892,
            "name": "글루크",
            "final_score": 0.4089,
            "distance_from_center": 4.98
          },
          {
            "id": 1325516945,
            "name": "카페 오뉴월",
            "final_score": 0.4843,
            "distance_from_center": 4.99
          },
          {
            "id": 13320528,
            "name": "명주배롱",
            "final_score": 0.4426,
            "distance_from_center": 5.02
          }
        ],
        "Restaurant": [
          {
            "id": 1969057580,
            "name": "학산2리 마을부녀회",
            "final_score": 0.6483,
            "distance_from_center": 0.0
          },
          {
            "id": 1169873489,
            "name": "강릉두부마을",
            "final_score": 0.4648,
            "distance_from_center": 0.31
          },
          {
            "id": 1575681079,
            "name": "학마을흑염소",
            "final_score": 0.5288,
            "distance_from_center": 1.19
          },
          {
            "id": 1062796225,
            "name": "로타리식당",
            "final_score": 0.4847,
            "distance_from_center": 1.28
          },
          {
            "id": 1124194019,
            "name": "구정쌈밥",
            "final_score": 0.457,
            "distance_from_center": 1.39
          },
          {
            "id": 1017688810,
            "name": "강보리밥",
            "final_score": 0.4532,
            "distance_from_center": 1.54
          },
          {
            "id": 1813413225,
            "name": "구정막국수 강릉점",
            "final_score": 0.6092,
            "distance_from_center": 1.77
          },
          {
            "id": 37800217,
            "name": "삼교리동치미막국수 강릉본점",
            "final_score": 0.2874,
            "distance_from_center": 1.84
          },
          {
            "id": 2015959379,
            "name": "구정순두부마을",
            "final_score": 0.3418,
            "distance_from_center": 2.1
          },
          {
            "id": 34642909,
            "name": "금광리소양가든",
            "final_score": 0.4504,
            "distance_from_center": 2.26
          },
          {
            "id": 15336190,
            "name": "진재골",
            "final_score": 0.4372,
            "distance_from_center": 2.47
          },
          {
            "id": 1874304021,
            "name": "가마솥흑염소",
            "final_score": 0.6168,
            "distance_from_center": 3.14
          },
          {
            "id": 1947576841,
            "name": "최가네한방능이백숙",
            "final_score": 0.5167,
            "distance_from_center": 3.14
          },
          {
            "id": 1096696224,
            "name": "솔지네 관동대점",
            "final_score": 0.5463,
            "distance_from_center": 3.62
          },
          {
            "id": 1093799954,
            "name": "구정휴게소 구정반상",
            "final_score": 0.3348,
            "distance_from_center": 3.77
          }
        ],
        "Attraction": [
          {
            "id": 266717564,
            "name": "강릉자동차극장",
            "final_score": 0.4594,
            "distance_from_center": 1.52
          },
          {
            "id": 19564244,
            "name": "강릉 솔향수목원",
            "final_score": 0.3654,
            "distance_from_center": 2.53
          },
          {
            "id": 37081677,
            "name": "수상한마법학교",
            "final_score": 0.2288,
            "distance_from_center": 2.86
          },
          {
            "id": 1412053208,
            "name": "처음처럼&새로 브랜드 체험관",
            "final_score": 0.3196,
            "distance_from_center": 4.24
          },
          {
            "id": 35188457,
            "name": "애니멀스토리",
            "final_score": 0.3075,
            "distance_from_center": 4.36
          },
          {
            "id": 19748069,
            "name": "단경골 휴양지",
            "final_score": 0.0,
            "distance_from_center": 4.41
          },
          {
            "id": 11592129,
            "name": "강릉교육문화관",
            "final_score": 0.3542,
            "distance_from_center": 4.58
          },
          {
            "id": 15693581,
            "name": "강릉 남산공원",
            "final_score": 0.3384,
            "distance_from_center": 4.71
          },
          {
            "id": 37090227,
            "name": "버드나무 브루어리",
            "final_score": 0.4461,
            "distance_from_center": 4.73
          },
          {
            "id": 12955259,
            "name": "단오타운전시관",
            "final_score": 0.2618,
            "distance_from_center": 4.75
          },
          {
            "id": 38623679,
            "name": "명주예술마당",
            "final_score": 0.2657,
            "distance_from_center": 4.96
          },
          {
            "id": 1249952785,
            "name": "강릉 명주동 거리",
            "final_score": 0.5338,
            "distance_from_center": 5.05
          },
          {
            "id": 749351147,
            "name": "강릉 임영관 삼문",
            "final_score": 0.1988,
            "distance_from_center": 5.26
          },
          {
            "id": 15685783,
            "name": "강릉 대도호부 관아",
            "final_score": 0.453,
            "distance_from_center": 5.28
          },
          {
            "id": 13345873,
            "name": "강릉 중앙시장",
            "final_score": 0.5068,
            "distance_from_center": 5.42
          }
        ]
      }
    },
    {
      "cluster_id": 1,
      "date": "2025-06-13",
      "weekday": "금",
      "seed_category": "Restaurant",
      "seed_place": {
        "id": 1658810393,
        "name": "영진댁",
        "final_score": 0.645
      },
      "center_lat": 37.885984,
      "center_lng": 128.829032,
      "categories": {
        "Cafe": [
          {
            "id": 1169844332,
            "name": "스타벅스 강릉주문진점",
            "final_score": 0.4952,
            "distance_from_center": 0.57
          },
          {
            "id": 1266299794,
            "name": "해옫 강릉",
            "final_score": 0.5552,
            "distance_from_center": 0.78
          },
          {
            "id": 1147229173,
            "name": "도깨비젤라또",
            "final_score": 0.2881,
            "distance_from_center": 0.83
          },
          {
            "id": 1249217189,
            "name": "오드커피",
            "final_score": 0.4099,
            "distance_from_center": 0.92
          },
          {
            "id": 2017141901,
            "name": "에브리데이크",
            "final_score": 0.4828,
            "distance_from_center": 1.0
          },
          {
            "id": 1543529590,
            "name": "카페제니엘 주문진점",
            "final_score": 0.3647,
            "distance_from_center": 1.02
          },
          {
            "id": 1543529590,
            "name": "카페제니엘 주문진점",
            "final_score": 0.3647,
            "distance_from_center": 1.02
          },
          {
            "id": 1019347699,
            "name": "플레이스 플러스",
            "final_score": 0.4009,
            "distance_from_center": 1.89
          },
          {
            "id": 1876301121,
            "name": "포르토포레스트하우스",
            "final_score": 0.6204,
            "distance_from_center": 2.0
          },
          {
            "id": 1009179914,
            "name": "갈매기다방",
            "final_score": 0.5825,
            "distance_from_center": 2.13
          },
          {
            "id": 1299462841,
            "name": "소돌엔 강릉",
            "final_score": 0.4573,
            "distance_from_center": 2.26
          },
          {
            "id": 1839133695,
            "name": "빵을쇼핑하다빵명가치아바타CIABATTA",
            "final_score": 0.4521,
            "distance_from_center": 2.34
          },
          {
            "id": 15373350,
            "name": "브라질",
            "final_score": 0.4896,
            "distance_from_center": 2.49
          },
          {
            "id": 1900553385,
            "name": "바우카페",
            "final_score": 0.4786,
            "distance_from_center": 2.5
          },
          {
            "id": 11682971,
            "name": "보헤미안박이추커피본점",
            "final_score": 0.3222,
            "distance_from_center": 2.65
          }
        ],
        "Restaurant": [
          {
            "id": 1658810393,
            "name": "영진댁",
            "final_score": 0.645,
            "distance_from_center": 0.0
          },
          {
            "id": 1888740640,
            "name": "영진항",
            "final_score": 0.4904,
            "distance_from_center": 0.01
          },
          {
            "id": 36911308,
            "name": "육반장 주문진점",
            "final_score": 0.4143,
            "distance_from_center": 0.04
          },
          {
            "id": 1210141934,
            "name": "귀자네순대국밥",
            "final_score": 0.303,
            "distance_from_center": 0.04
          },
          {
            "id": 1395972978,
            "name": "산마루황태촌",
            "final_score": 0.461,
            "distance_from_center": 0.05
          },
          {
            "id": 1062358382,
            "name": "원영생선구이",
            "final_score": 0.29,
            "distance_from_center": 0.11
          },
          {
            "id": 1801909812,
            "name": "돈현이네",
            "final_score": 0.4658,
            "distance_from_center": 0.19
          },
          {
            "id": 34105205,
            "name": "대게한마당주문진본점",
            "final_score": 0.5653,
            "distance_from_center": 0.2
          },
          {
            "id": 1303070508,
            "name": "문어랑 강릉주문진항점",
            "final_score": 0.3903,
            "distance_from_center": 0.23
          },
          {
            "id": 15362879,
            "name": "감칠맛회국수",
            "final_score": 0.5272,
            "distance_from_center": 0.27
          },
          {
            "id": 1947256113,
            "name": "맛드렁 집밥",
            "final_score": 0.5761,
            "distance_from_center": 0.3
          },
          {
            "id": 34632772,
            "name": "실비생선구이 본점 작은집",
            "final_score": 0.3838,
            "distance_from_center": 0.31
          },
          {
            "id": 38314569,
            "name": "주문진신짬뽕",
            "final_score": 0.274,
            "distance_from_center": 0.31
          },
          {
            "id": 1815684142,
            "name": "실비생선구이 본점 큰집",
            "final_score": 0.3914,
            "distance_from_center": 0.33
          },
          {
            "id": 1104323584,
            "name": "감자마을",
            "final_score": 0.2822,
            "distance_from_center": 0.33
          }
        ],
        "Attraction": [
          {
            "id": 13490946,
            "name": "주문진항",
            "final_score": 0.5507,
            "distance_from_center": 0.2
          },
          {
            "id": 1600054868,
            "name": "해피아워크루즈",
            "final_score": 0.3317,
            "distance_from_center": 0.4
          },
          {
            "id": 34818378,
            "name": "주문진해양박물관",
            "final_score": 0.2525,
            "distance_from_center": 0.58
          },
          {
            "id": 20059236,
            "name": "주문리마을",
            "final_score": 0.2778,
            "distance_from_center": 0.78
          },
          {
            "id": 20054507,
            "name": "주문진 등대",
            "final_score": 0.2602,
            "distance_from_center": 1.37
          },
          {
            "id": 19501415,
            "name": "소돌아들바위공원",
            "final_score": 0.2949,
            "distance_from_center": 2.21
          },
          {
            "id": 13491657,
            "name": "소돌해수욕장",
            "final_score": 0.3783,
            "distance_from_center": 2.26
          },
          {
            "id": 13491150,
            "name": "영진해변",
            "final_score": 0.3747,
            "distance_from_center": 2.41
          },
          {
            "id": 20054445,
            "name": "영진항",
            "final_score": 0.3301,
            "distance_from_center": 2.64
          },
          {
            "id": 13491005,
            "name": "주문진해수욕장",
            "final_score": 0.4629,
            "distance_from_center": 2.88
          },
          {
            "id": 15698326,
            "name": "향호해변",
            "final_score": 0.3044,
            "distance_from_center": 3.0
          },
          {
            "id": 1154013651,
            "name": "주문진bts",
            "final_score": 0.2637,
            "distance_from_center": 3.13
          },
          {
            "id": 13444336,
            "name": "연곡해변",
            "final_score": 0.3781,
            "distance_from_center": 3.53
          },
          {
            "id": 12390002,
            "name": "강릉 복사꽃마을",
            "final_score": 0.3194,
            "distance_from_center": 4.58
          },
          {
            "id": 1848252796,
            "name": "강릉아기동물농장",
            "final_score": 0.3641,
            "distance_from_center": 5.24
          }
        ]
      }
    }
  ]
}