{
  "user_id": "U0433",
  "start_date": "2025-09-25",
  "start_weekday": "목",
  "duration_days": 4,
  "budget": 800000,
  "num_clusters": 4,
  "clustering_method": "greedy_score_based_with_store_hours",
  "seed_strategy": "highest_score_only",
  "max_cluster_radius_km": 6,
  "min_places_per_category": 7,
  "places_per_category": 15,
  "Accommodation": 1000108328,
  "clusters": [
    {
      "cluster_id": 0,
      "date": "2025-09-25",
      "weekday": "목",
      "seed_category": "Restaurant",
      "seed_place": {
        "id": 1310944050,
        "name": "샤브향 강릉입암점",
        "final_score": 0.6375
      },
      "center_lat": 37.761177,
      "center_lng": 128.918037,
      "categories": {
        "Cafe": [
          {
            "id": 1838131828,
            "name": "강릉카페 체크이스트",
            "final_score": 0.3884,
            "distance_from_center": 0.72
          },
          {
            "id": 66343890,
            "name": "강릉빵다방",
            "final_score": 0.4778,
            "distance_from_center": 0.87
          },
          {
            "id": 15318913,
            "name": "돔베이커리",
            "final_score": 0.3263,
            "distance_from_center": 1.04
          },
          {
            "id": 1391511090,
            "name": "삼척오란다 강릉점",
            "final_score": 0.5244,
            "distance_from_center": 1.12
          },
          {
            "id": 1891894301,
            "name": "플레이스 플러스",
            "final_score": 0.4359,
            "distance_from_center": 1.16
          },
          {
            "id": 1033478410,
            "name": "그다이마잇",
            "final_score": 0.5142,
            "distance_from_center": 1.25
          },
          {
            "id": 1830452681,
            "name": "스타벅스 강릉송정DT점",
            "final_score": 0.3903,
            "distance_from_center": 1.27
          },
          {
            "id": 1756159133,
            "name": "카페디드",
            "final_score": 0.4488,
            "distance_from_center": 1.28
          },
          {
            "id": 1457952472,
            "name": "월선화",
            "final_score": 0.4444,
            "distance_from_center": 1.28
          },
          {
            "id": 1569323095,
            "name": "비사이드그라운드",
            "final_score": 0.4728,
            "distance_from_center": 1.32
          },
          {
            "id": 2089930981,
            "name": "머뭄카페",
            "final_score": 0.4938,
            "distance_from_center": 1.34
          },
          {
            "id": 1737820343,
            "name": "고메코나베이커리",
            "final_score": 0.3456,
            "distance_from_center": 1.52
          },
          {
            "id": 1763916720,
            "name": "강릉커피콩빵 강릉당 강릉역점",
            "final_score": 0.227,
            "distance_from_center": 1.59
          },
          {
            "id": 1488770728,
            "name": "도넛인사이드도넛 강릉점",
            "final_score": 0.4953,
            "distance_from_center": 1.59
          },
          {
            "id": 1182677835,
            "name": "라스텔리나",
            "final_score": 0.441,
            "distance_from_center": 1.6
          }
        ],
        "Restaurant": [
          {
            "id": 1310944050,
            "name": "샤브향 강릉입암점",
            "final_score": 0.6375,
            "distance_from_center": 0.0
          },
          {
            "id": 1972829280,
            "name": "근덕이삼척꽈배기 강릉입암점",
            "final_score": 0.4779,
            "distance_from_center": 0.04
          },
          {
            "id": 1762091362,
            "name": "스텔라떡볶이 강원강릉입암점",
            "final_score": 0.5777,
            "distance_from_center": 0.14
          },
          {
            "id": 15345849,
            "name": "산전수전",
            "final_score": 0.5232,
            "distance_from_center": 0.15
          },
          {
            "id": 15344509,
            "name": "춘천명동닭갈비",
            "final_score": 0.2883,
            "distance_from_center": 0.15
          },
          {
            "id": 15344738,
            "name": "주희네의정부부대찌개",
            "final_score": 0.5062,
            "distance_from_center": 0.15
          },
          {
            "id": 1254874929,
            "name": "양마니명동찌개마을 입암점",
            "final_score": 0.507,
            "distance_from_center": 0.16
          },
          {
            "id": 15349585,
            "name": "성산면옥",
            "final_score": 0.4595,
            "distance_from_center": 0.19
          },
          {
            "id": 1951084871,
            "name": "이밤동먹거리",
            "final_score": 0.5301,
            "distance_from_center": 0.26
          },
          {
            "id": 36258263,
            "name": "요로코비",
            "final_score": 0.5633,
            "distance_from_center": 0.27
          },
          {
            "id": 1109196561,
            "name": "녹원삼겹살데이",
            "final_score": 0.5014,
            "distance_from_center": 0.3
          },
          {
            "id": 15345035,
            "name": "고향감자탕",
            "final_score": 0.4999,
            "distance_from_center": 0.3
          },
          {
            "id": 15345030,
            "name": "24시기가막힌감자탕",
            "final_score": 0.6263,
            "distance_from_center": 0.32
          },
          {
            "id": 1320953209,
            "name": "미자네밥포차",
            "final_score": 0.441,
            "distance_from_center": 0.37
          },
          {
            "id": 1395796249,
            "name": "갯벌의조개 강릉점",
            "final_score": 0.3506,
            "distance_from_center": 0.39
          }
        ],
        "Attraction": [
          {
            "id": 13345874,
            "name": "강릉 동부시장",
            "final_score": 0.0,
            "distance_from_center": 1.54
          },
          {
            "id": 1357865119,
            "name": "고래책방",
            "final_score": 0.4386,
            "distance_from_center": 1.86
          },
          {
            "id": 13345873,
            "name": "강릉 중앙시장",
            "final_score": 0.4285,
            "distance_from_center": 1.88
          },
          {
            "id": 1287320440,
            "name": "강릉 월화거리",
            "final_score": 0.3148,
            "distance_from_center": 1.9
          },
          {
            "id": 11663849,
            "name": "강릉향교",
            "final_score": 0.2012,
            "distance_from_center": 2.02
          },
          {
            "id": 1243747688,
            "name": "병산 옹심이마을",
            "final_score": 0.2573,
            "distance_from_center": 2.04
          },
          {
            "id": 1550291849,
            "name": "강릉아트센터",
            "final_score": 0.2393,
            "distance_from_center": 2.31
          },
          {
            "id": 11592129,
            "name": "강릉교육문화관",
            "final_score": 0.3108,
            "distance_from_center": 2.32
          },
          {
            "id": 12762639,
            "name": "강릉시립미술관 교동",
            "final_score": 0.3517,
            "distance_from_center": 2.39
          },
          {
            "id": 15685783,
            "name": "강릉 대도호부 관아",
            "final_score": 0.3111,
            "distance_from_center": 2.44
          },
          {
            "id": 749351147,
            "name": "강릉 임영관 삼문",
            "final_score": 0.1545,
            "distance_from_center": 2.48
          },
          {
            "id": 12955259,
            "name": "단오타운전시관",
            "final_score": 0.187,
            "distance_from_center": 2.48
          },
          {
            "id": 13345877,
            "name": "강릉 서부시장",
            "final_score": 0.286,
            "distance_from_center": 2.48
          },
          {
            "id": 1249952785,
            "name": "강릉 명주동 거리",
            "final_score": 0.4962,
            "distance_from_center": 2.49
          },
          {
            "id": 35188457,
            "name": "애니멀스토리",
            "final_score": 0.3396,
            "distance_from_center": 2.53
          }
        ]
      }
    },
    {
      "cluster_id": 1,
      "date": "2025-09-26",
      "weekday": "금",
      "seed_category": "Restaurant",
      "seed_place": {
        "id": 20264800,
        "name": "곽가네시오야끼",
        "final_score": 0.6168
      },
      "center_lat": 37.75223,
      "center_lng": 128.894602,
      "categories": {
        "Cafe": [
          {
            "id": 38345396,
            "name": "지베이스",
            "final_score": 0.4544,
            "distance_from_center": 0.05
          },
          {
            "id": 30959782,
            "name": "투썸플레이스 강릉중앙점",
            "final_score": 0.4484,
            "distance_from_center": 0.08
          },
          {
            "id": 1426647455,
            "name": "파인파인 강릉점",
            "final_score": 0.4882,
            "distance_from_center": 0.2
          },
          {
            "id": 2094977764,
            "name": "장인더 강릉",
            "final_score": 0.4892,
            "distance_from_center": 0.2
          },
          {
            "id": 1325516945,
            "name": "카페 오뉴월",
            "final_score": 0.4204,
            "distance_from_center": 0.21
          },
          {
            "id": 13320528,
            "name": "명주배롱",
            "final_score": 0.3077,
            "distance_from_center": 0.22
          },
          {
            "id": 2031533892,
            "name": "글루크",
            "final_score": 0.4763,
            "distance_from_center": 0.23
          },
          {
            "id": 35256483,
            "name": "설빙 강릉대학로점",
            "final_score": 0.5348,
            "distance_from_center": 0.23
          },
          {
            "id": 1086491623,
            "name": "파충류카페 강릉점",
            "final_score": 0.4094,
            "distance_from_center": 0.23
          },
          {
            "id": 1921017062,
            "name": "카페시로울",
            "final_score": 0.5043,
            "distance_from_center": 0.26
          },
          {
            "id": 1104085754,
            "name": "aie",
            "final_score": 0.466,
            "distance_from_center": 0.27
          },
          {
            "id": 1758181058,
            "name": "김성수제빵소 강릉점",
            "final_score": 0.4232,
            "distance_from_center": 0.29
          },
          {
            "id": 37160959,
            "name": "배스킨라빈스 강릉대학로점",
            "final_score": 0.318,
            "distance_from_center": 0.29
          },
          {
            "id": 1651019497,
            "name": "스타벅스 강릉중앙점",
            "final_score": 0.5145,
            "distance_from_center": 0.32
          },
          {
            "id": 2013389102,
            "name": "크레마코스타 중앙시장점",
            "final_score": 0.4781,
            "distance_from_center": 0.33
          }
        ],
        "Restaurant": [
          {
            "id": 20264800,
            "name": "곽가네시오야끼",
            "final_score": 0.6168,
            "distance_from_center": 0.0
          },
          {
            "id": 15294097,
            "name": "춘천마신는닭갈비",
            "final_score": 0.327,
            "distance_from_center": 0.01
          },
          {
            "id": 1070849638,
            "name": "경포엄마손식당",
            "final_score": 0.4351,
            "distance_from_center": 0.07
          },
          {
            "id": 15293749,
            "name": "옛빙그레",
            "final_score": 0.3846,
            "distance_from_center": 0.11
          },
          {
            "id": 1495747568,
            "name": "뚜비두밥",
            "final_score": 0.5382,
            "distance_from_center": 0.12
          },
          {
            "id": 1495644418,
            "name": "다이닝원 강릉점",
            "final_score": 0.5252,
            "distance_from_center": 0.13
          },
          {
            "id": 939233594,
            "name": "몽유",
            "final_score": 0.5481,
            "distance_from_center": 0.13
          },
          {
            "id": 20601583,
            "name": "여고시절 카레떡볶이",
            "final_score": 0.4311,
            "distance_from_center": 0.14
          },
          {
            "id": 15288728,
            "name": "동해일미",
            "final_score": 0.4271,
            "distance_from_center": 0.14
          },
          {
            "id": 832676692,
            "name": "명랑핫도그 강릉대학로점",
            "final_score": 0.2914,
            "distance_from_center": 0.14
          },
          {
            "id": 1560658401,
            "name": "솔옥",
            "final_score": 0.5962,
            "distance_from_center": 0.14
          },
          {
            "id": 1085464055,
            "name": "강릉길감자",
            "final_score": 0.4205,
            "distance_from_center": 0.14
          },
          {
            "id": 1603154990,
            "name": "성남대운식당",
            "final_score": 0.4105,
            "distance_from_center": 0.15
          },
          {
            "id": 12052285,
            "name": "부부보쌈",
            "final_score": 0.4791,
            "distance_from_center": 0.15
          },
          {
            "id": 1485221897,
            "name": "구구족 강릉점",
            "final_score": 0.4824,
            "distance_from_center": 0.15
          }
        ],
        "Attraction": [
          {
            "id": 38623679,
            "name": "명주예술마당",
            "final_score": 0.2002,
            "distance_from_center": 0.43
          },
          {
            "id": 15693581,
            "name": "강릉 남산공원",
            "final_score": 0.2116,
            "distance_from_center": 0.48
          },
          {
            "id": 37090227,
            "name": "버드나무 브루어리",
            "final_score": 0.38,
            "distance_from_center": 0.99
          },
          {
            "id": 2062786512,
            "name": "강릉시립미술관 솔올",
            "final_score": 0.2243,
            "distance_from_center": 1.51
          },
          {
            "id": 11535675,
            "name": "강릉문화원",
            "final_score": 0.2632,
            "distance_from_center": 1.96
          },
          {
            "id": 1775014582,
            "name": "리고엠",
            "final_score": 0.3728,
            "distance_from_center": 2.04
          },
          {
            "id": 1412053208,
            "name": "처음처럼&새로 브랜드 체험관",
            "final_score": 0.2279,
            "distance_from_center": 2.56
          },
          {
            "id": 37081677,
            "name": "수상한마법학교",
            "final_score": 0.1728,
            "distance_from_center": 2.77
          },
          {
            "id": 21824426,
            "name": "강릉원주대학교 박물관",
            "final_score": 0.3415,
            "distance_from_center": 2.98
          },
          {
            "id": 1211834959,
            "name": "강릉올림픽뮤지엄",
            "final_score": 0.1983,
            "distance_from_center": 3.02
          },
          {
            "id": 19832807,
            "name": "강릉자수박물관",
            "final_score": 0.1272,
            "distance_from_center": 3.13
          },
          {
            "id": 1346656418,
            "name": "경포생태저류지",
            "final_score": 0.0809,
            "distance_from_center": 3.25
          },
          {
            "id": 11620702,
            "name": "강릉 오죽헌·시립박물관",
            "final_score": 0.334,
            "distance_from_center": 3.27
          },
          {
            "id": 32777223,
            "name": "자연아놀자 체험학습박물관",
            "final_score": 0.1018,
            "distance_from_center": 3.77
          },
          {
            "id": 20066249,
            "name": "강릉 수리골 고택",
            "final_score": 0.3901,
            "distance_from_center": 3.79
          }
        ]
      }
    },
    {
      "cluster_id": 2,
      "date": "2025-09-27",
      "weekday": "토",
      "seed_category": "Restaurant",
      "seed_place": {
        "id": 1325291875,
        "name": "일미리금계찜닭 교동점",
        "final_score": 0.6135
      },
      "center_lat": 37.772569,
      "center_lng": 128.872213,
      "categories": {
        "Cafe": [
          {
            "id": 38274668,
            "name": "플레지르",
            "final_score": 0.3903,
            "distance_from_center": 0.47
          },
          {
            "id": 1625914520,
            "name": "사월의 모노웜",
            "final_score": 0.421,
            "distance_from_center": 0.6
          },
          {
            "id": 1683569661,
            "name": "디핑 초콜릿카페",
            "final_score": 0.4094,
            "distance_from_center": 0.61
          },
          {
            "id": 1623800311,
            "name": "멜로우밀",
            "final_score": 0.4838,
            "distance_from_center": 0.62
          },
          {
            "id": 1133303813,
            "name": "커피아워",
            "final_score": 0.4322,
            "distance_from_center": 0.62
          },
          {
            "id": 1662017638,
            "name": "쎄라비",
            "final_score": 0.3899,
            "distance_from_center": 0.67
          },
          {
            "id": 1662017638,
            "name": "쎄라비",
            "final_score": 0.3899,
            "distance_from_center": 0.67
          },
          {
            "id": 1843451871,
            "name": "투썸플레이스 강릉교동택지점",
            "final_score": 0.4221,
            "distance_from_center": 0.78
          },
          {
            "id": 1784470266,
            "name": "메가MGC커피 강릉교동솔올점",
            "final_score": 0.0008,
            "distance_from_center": 0.79
          },
          {
            "id": 1292591709,
            "name": "헝키도리커피바",
            "final_score": 0.4724,
            "distance_from_center": 0.81
          },
          {
            "id": 1867724165,
            "name": "사루",
            "final_score": 0.4786,
            "distance_from_center": 0.88
          },
          {
            "id": 1215792352,
            "name": "던킨 강릉교동점",
            "final_score": 0.5243,
            "distance_from_center": 0.91
          },
          {
            "id": 1352455905,
            "name": "화이트리에 강릉점",
            "final_score": 0.3019,
            "distance_from_center": 0.91
          },
          {
            "id": 79408101,
            "name": "이디야커피 강릉교동택지점",
            "final_score": 0.3995,
            "distance_from_center": 0.93
          },
          {
            "id": 36767042,
            "name": "크리스피크림도넛 강릉교동점",
            "final_score": 0.3205,
            "distance_from_center": 1.01
          }
        ],
        "Restaurant": [
          {
            "id": 1325291875,
            "name": "일미리금계찜닭 교동점",
            "final_score": 0.6135,
            "distance_from_center": 0.0
          },
          {
            "id": 1867686044,
            "name": "소확행",
            "final_score": 0.4751,
            "distance_from_center": 0.03
          },
          {
            "id": 36348268,
            "name": "도스마스 강릉원주대점",
            "final_score": 0.2763,
            "distance_from_center": 0.04
          },
          {
            "id": 30968979,
            "name": "한솥도시락 강릉원주대점",
            "final_score": 0.5809,
            "distance_from_center": 0.08
          },
          {
            "id": 15298411,
            "name": "진주식당",
            "final_score": 0.5905,
            "distance_from_center": 0.22
          },
          {
            "id": 36997320,
            "name": "summ'er",
            "final_score": 0.4796,
            "distance_from_center": 0.39
          },
          {
            "id": 11554046,
            "name": "삼교리동치미막국수 교동점",
            "final_score": 0.4277,
            "distance_from_center": 0.39
          },
          {
            "id": 31735975,
            "name": "어메야",
            "final_score": 0.407,
            "distance_from_center": 0.42
          },
          {
            "id": 33582588,
            "name": "소반",
            "final_score": 0.4766,
            "distance_from_center": 0.45
          },
          {
            "id": 1562025223,
            "name": "바다양푼이동태탕 강릉교동점",
            "final_score": 0.45,
            "distance_from_center": 0.5
          },
          {
            "id": 1940521213,
            "name": "호박식당",
            "final_score": 0.4052,
            "distance_from_center": 0.51
          },
          {
            "id": 1836613079,
            "name": "금화왕돈까스 강릉교동점",
            "final_score": 0.4932,
            "distance_from_center": 0.54
          },
          {
            "id": 1915717477,
            "name": "교동순대국밥",
            "final_score": 0.4237,
            "distance_from_center": 0.55
          },
          {
            "id": 1520374355,
            "name": "고담집",
            "final_score": 0.5488,
            "distance_from_center": 0.56
          },
          {
            "id": 15380566,
            "name": "주문진순이네",
            "final_score": 0.4453,
            "distance_from_center": 0.58
          }
        ],
        "Attraction": [
          {
            "id": 1300520912,
            "name": "르꼬따쥬",
            "final_score": 0.3083,
            "distance_from_center": 1.81
          },
          {
            "id": 11687693,
            "name": "강릉 선교장",
            "final_score": 0.1482,
            "distance_from_center": 1.92
          },
          {
            "id": 31044854,
            "name": "경포가시연습지",
            "final_score": 0.1782,
            "distance_from_center": 2.99
          },
          {
            "id": 1675156043,
            "name": "강릉 경포대",
            "final_score": 0.2138,
            "distance_from_center": 3.33
          },
          {
            "id": 13491109,
            "name": "경포호",
            "final_score": 0.1261,
            "distance_from_center": 3.34
          },
          {
            "id": 1881857549,
            "name": "강릉 메타버스 체험관",
            "final_score": 0.1479,
            "distance_from_center": 3.47
          },
          {
            "id": 12409858,
            "name": "참소리에디슨손성목영화박물관",
            "final_score": 0.1338,
            "distance_from_center": 3.57
          },
          {
            "id": 1090555407,
            "name": "아르떼뮤지엄 강릉",
            "final_score": 0.2383,
            "distance_from_center": 3.69
          },
          {
            "id": 37434460,
            "name": "경포 아쿠아리움",
            "final_score": 0.2117,
            "distance_from_center": 3.69
          },
          {
            "id": 1130774967,
            "name": "허균·허난설헌 기념공원",
            "final_score": 0.2681,
            "distance_from_center": 3.93
          },
          {
            "id": 20066218,
            "name": "허난설헌 생가터",
            "final_score": 0.2078,
            "distance_from_center": 3.93
          },
          {
            "id": 1063021154,
            "name": "경포플라워가든",
            "final_score": 0.1716,
            "distance_from_center": 4.27
          },
          {
            "id": 472414455,
            "name": "경포호수광장",
            "final_score": 0.1937,
            "distance_from_center": 4.31
          },
          {
            "id": 1542622512,
            "name": "원더스카이",
            "final_score": 0.1069,
            "distance_from_center": 4.47
          },
          {
            "id": 31506191,
            "name": "초당순두부마을",
            "final_score": 0.3722,
            "distance_from_center": 4.52
          }
        ]
      }
    },
    {
      "cluster_id": 3,
      "date": "2025-09-28",
      "weekday": "일",
      "seed_category": "Restaurant",
      "seed_place": {
        "id": 1874772103,
        "name": "가마솥순대국밥 강릉교동점",
        "final_score": 0.6133
      },
      "center_lat": 37.763164,
      "center_lng": 128.875786,
      "categories": {
        "Cafe": [
          {
            "id": 38482509,
            "name": "52블럭",
            "final_score": 0.3973,
            "distance_from_center": 0.09
          },
          {
            "id": 21095658,
            "name": "베이커리 가루",
            "final_score": 0.3294,
            "distance_from_center": 0.15
          },
          {
            "id": 1526759655,
            "name": "텐퍼센트커피 강릉교동택지점",
            "final_score": 0.4868,
            "distance_from_center": 0.15
          },
          {
            "id": 1459760339,
            "name": "스타벅스 강릉교동광장점",
            "final_score": 0.4033,
            "distance_from_center": 0.17
          },
          {
            "id": 1263529731,
            "name": "인비토",
            "final_score": 0.4508,
            "distance_from_center": 0.5
          },
          {
            "id": 1442771903,
            "name": "가디",
            "final_score": 0.4488,
            "distance_from_center": 0.54
          },
          {
            "id": 1504291324,
            "name": "백금당 강릉점",
            "final_score": 0.4698,
            "distance_from_center": 0.84
          },
          {
            "id": 263503029,
            "name": "어썸",
            "final_score": 0.576,
            "distance_from_center": 0.9
          },
          {
            "id": 1605447318,
            "name": "젤라또까사",
            "final_score": 0.5288,
            "distance_from_center": 0.94
          },
          {
            "id": 1495937611,
            "name": "음차차",
            "final_score": 0.4412,
            "distance_from_center": 0.97
          },
          {
            "id": 1500318606,
            "name": "버떠",
            "final_score": 0.5442,
            "distance_from_center": 1.0
          },
          {
            "id": 1546169801,
            "name": "강릉그림카페",
            "final_score": 0.3963,
            "distance_from_center": 1.15
          },
          {
            "id": 1633456108,
            "name": "투썸플레이스 유천지구점",
            "final_score": 0.349,
            "distance_from_center": 1.16
          },
          {
            "id": 1670844066,
            "name": "빵파르",
            "final_score": 0.4401,
            "distance_from_center": 1.35
          },
          {
            "id": 31529835,
            "name": "커피내리는 버스정류장",
            "final_score": 0.305,
            "distance_from_center": 1.43
          }
        ],
        "Restaurant": [
          {
            "id": 1874772103,
            "name": "가마솥순대국밥 강릉교동점",
            "final_score": 0.6133,
            "distance_from_center": 0.0
          },
          {
            "id": 1793774479,
            "name": "금성회관 강릉교동점",
            "final_score": 0.4607,
            "distance_from_center": 0.04
          },
          {
            "id": 15687560,
            "name": "쌈촌 강릉점",
            "final_score": 0.33,
            "distance_from_center": 0.05
          },
          {
            "id": 38017562,
            "name": "얌샘김밥 강릉교동점",
            "final_score": 0.4847,
            "distance_from_center": 0.07
          },
          {
            "id": 58248179,
            "name": "강릉전집",
            "final_score": 0.5033,
            "distance_from_center": 0.07
          },
          {
            "id": 1224130101,
            "name": "핵밥 강릉교동점",
            "final_score": 0.5361,
            "distance_from_center": 0.1
          },
          {
            "id": 2011642336,
            "name": "육꿉당",
            "final_score": 0.5616,
            "distance_from_center": 0.11
          },
          {
            "id": 1119936930,
            "name": "꼬지사께 강릉교동점",
            "final_score": 0.43,
            "distance_from_center": 0.12
          },
          {
            "id": 11824654,
            "name": "롯데리아강릉교동점",
            "final_score": 0.546,
            "distance_from_center": 0.15
          },
          {
            "id": 15377926,
            "name": "동해막국수",
            "final_score": 0.4296,
            "distance_from_center": 0.19
          },
          {
            "id": 1190822494,
            "name": "야식의 정석",
            "final_score": 0.4549,
            "distance_from_center": 0.2
          },
          {
            "id": 15310710,
            "name": "강릉참치",
            "final_score": 0.4618,
            "distance_from_center": 0.21
          },
          {
            "id": 36543472,
            "name": "강릉한우만",
            "final_score": 0.4583,
            "distance_from_center": 0.22
          },
          {
            "id": 37638052,
            "name": "24시전주명가콩나물국밥 강릉점",
            "final_score": 0.4444,
            "distance_from_center": 0.22
          },
          {
            "id": 37056132,
            "name": "나폴리선생in교동",
            "final_score": 0.451,
            "distance_from_center": 0.22
          }
        ],
        "Attraction": [
          {
            "id": 1112785467,
            "name": "런닝맨 강릉점",
            "final_score": 0.1894,
            "distance_from_center": 5.08
          },
          {
            "id": 1940124735,
            "name": "강문솟대다리",
            "final_score": 0.3358,
            "distance_from_center": 5.1
          },
          {
            "id": 13491183,
            "name": "강문해변",
            "final_score": 0.2199,
            "distance_from_center": 5.18
          },
          {
            "id": 13300191,
            "name": "경포도립공원",
            "final_score": 0.263,
            "distance_from_center": 5.34
          },
          {
            "id": 12079976,
            "name": "경포해수욕장",
            "final_score": 0.3707,
            "distance_from_center": 5.5
          },
          {
            "id": 35372537,
            "name": "대관령아기동물농장",
            "final_score": 0.2865,
            "distance_from_center": 5.59
          },
          {
            "id": 20065935,
            "name": "송정해변",
            "final_score": 0.1944,
            "distance_from_center": 5.72
          },
          {
            "id": 15371716,
            "name": "사근진해변",
            "final_score": 0.2843,
            "distance_from_center": 5.88
          },
          {
            "id": 1338629806,
            "name": "사근진해중공원 전망대",
            "final_score": 0.2462,
            "distance_from_center": 5.88
          },
          {
            "id": 1338629806,
            "name": "사근진해중공원 전망대",
            "final_score": 0.2462,
            "distance_from_center": 5.88
          }
        ]
      }
    }
  ]
}