{
  "user_id": "U0448",
  "start_date": "2025-04-02",
  "start_weekday": "수",
  "duration_days": 5,
  "budget": 900000,
  "num_clusters": 5,
  "clustering_method": "greedy_score_based_with_store_hours",
  "seed_strategy": "highest_score_only",
  "max_cluster_radius_km": 6,
  "min_places_per_category": 7,
  "places_per_category": 15,
  "Accommodation": 10060041,
  "clusters": [
    {
      "cluster_id": 0,
      "date": "2025-04-02",
      "weekday": "수",
      "seed_category": "Restaurant",
      "seed_place": {
        "id": 1330726128,
        "name": "가시버시",
        "final_score": 0.5896
      },
      "center_lat": 37.76684,
      "center_lng": 128.878734,
      "categories": {
        "Cafe": [
          {
            "id": 1784470266,
            "name": "메가MGC커피 강릉교동솔올점",
            "final_score": 0.0008,
            "distance_from_center": 0.08
          },
          {
            "id": 1867724165,
            "name": "사루",
            "final_score": 0.4525,
            "distance_from_center": 0.09
          },
          {
            "id": 1843451871,
            "name": "투썸플레이스 강릉교동택지점",
            "final_score": 0.4067,
            "distance_from_center": 0.13
          },
          {
            "id": 79408101,
            "name": "이디야커피 강릉교동택지점",
            "final_score": 0.4055,
            "distance_from_center": 0.16
          },
          {
            "id": 1625914520,
            "name": "사월의 모노웜",
            "final_score": 0.4128,
            "distance_from_center": 0.26
          },
          {
            "id": 1662017638,
            "name": "쎄라비",
            "final_score": 0.3712,
            "distance_from_center": 0.26
          },
          {
            "id": 1662017638,
            "name": "쎄라비",
            "final_score": 0.3712,
            "distance_from_center": 0.26
          },
          {
            "id": 1133303813,
            "name": "커피아워",
            "final_score": 0.4123,
            "distance_from_center": 0.27
          },
          {
            "id": 1352455905,
            "name": "화이트리에 강릉점",
            "final_score": 0.2345,
            "distance_from_center": 0.28
          },
          {
            "id": 1215792352,
            "name": "던킨 강릉교동점",
            "final_score": 0.5461,
            "distance_from_center": 0.28
          },
          {
            "id": 1459760339,
            "name": "스타벅스 강릉교동광장점",
            "final_score": 0.3709,
            "distance_from_center": 0.31
          },
          {
            "id": 1263529731,
            "name": "인비토",
            "final_score": 0.3924,
            "distance_from_center": 0.36
          },
          {
            "id": 1623800311,
            "name": "멜로우밀",
            "final_score": 0.4021,
            "distance_from_center": 0.37
          },
          {
            "id": 36767042,
            "name": "크리스피크림도넛 강릉교동점",
            "final_score": 0.2399,
            "distance_from_center": 0.37
          },
          {
            "id": 1526759655,
            "name": "텐퍼센트커피 강릉교동택지점",
            "final_score": 0.4982,
            "distance_from_center": 0.39
          }
        ],
        "Restaurant": [
          {
            "id": 1330726128,
            "name": "가시버시",
            "final_score": 0.5896,
            "distance_from_center": 0.0
          },
          {
            "id": 1278298701,
            "name": "대동집 강릉 교동점",
            "final_score": 0.5595,
            "distance_from_center": 0.0
          },
          {
            "id": 1748594252,
            "name": "팔도실비집 강릉교동점",
            "final_score": 0.3331,
            "distance_from_center": 0.03
          },
          {
            "id": 1557591875,
            "name": "부산조방낙지",
            "final_score": 0.4671,
            "distance_from_center": 0.04
          },
          {
            "id": 1270795527,
            "name": "회바라기",
            "final_score": 0.5069,
            "distance_from_center": 0.05
          },
          {
            "id": 36266633,
            "name": "강릉불향쭈꾸미",
            "final_score": 0.4516,
            "distance_from_center": 0.07
          },
          {
            "id": 1503238465,
            "name": "바다로",
            "final_score": 0.362,
            "distance_from_center": 0.08
          },
          {
            "id": 1236764160,
            "name": "안주가 강릉교동점",
            "final_score": 0.4496,
            "distance_from_center": 0.09
          },
          {
            "id": 1864892993,
            "name": "바깥 강릉",
            "final_score": 0.4763,
            "distance_from_center": 0.09
          },
          {
            "id": 1443450239,
            "name": "샵도쿄시장 강릉교동점",
            "final_score": 0.4978,
            "distance_from_center": 0.1
          },
          {
            "id": 1376821892,
            "name": "구석",
            "final_score": 0.4185,
            "distance_from_center": 0.11
          },
          {
            "id": 1311691306,
            "name": "장어정각",
            "final_score": 0.4373,
            "distance_from_center": 0.12
          },
          {
            "id": 1488381938,
            "name": "강릉 교동식당",
            "final_score": 0.5395,
            "distance_from_center": 0.12
          },
          {
            "id": 231087604,
            "name": "만억정흑염소",
            "final_score": 0.5089,
            "distance_from_center": 0.12
          },
          {
            "id": 1363542650,
            "name": "본전집 교동점",
            "final_score": 0.4095,
            "distance_from_center": 0.12
          }
        ],
        "Attraction": [
          {
            "id": 1775014582,
            "name": "리고엠",
            "final_score": 0.3541,
            "distance_from_center": 0.33
          },
          {
            "id": 21824426,
            "name": "강릉원주대학교 박물관",
            "final_score": 0.5121,
            "distance_from_center": 0.88
          },
          {
            "id": 2062786512,
            "name": "강릉시립미술관 솔올",
            "final_score": 0.1961,
            "distance_from_center": 0.88
          },
          {
            "id": 11535675,
            "name": "강릉문화원",
            "final_score": 0.2948,
            "distance_from_center": 0.99
          },
          {
            "id": 19832807,
            "name": "강릉자수박물관",
            "final_score": 0.174,
            "distance_from_center": 1.25
          },
          {
            "id": 12762639,
            "name": "강릉시립미술관 교동",
            "final_score": 0.3938,
            "distance_from_center": 1.27
          },
          {
            "id": 11620702,
            "name": "강릉 오죽헌·시립박물관",
            "final_score": 0.4158,
            "distance_from_center": 1.38
          },
          {
            "id": 1346656418,
            "name": "경포생태저류지",
            "final_score": 0.0789,
            "distance_from_center": 1.48
          },
          {
            "id": 11663849,
            "name": "강릉향교",
            "final_score": 0.2079,
            "distance_from_center": 1.5
          },
          {
            "id": 1550291849,
            "name": "강릉아트센터",
            "final_score": 0.23,
            "distance_from_center": 1.56
          },
          {
            "id": 13345877,
            "name": "강릉 서부시장",
            "final_score": 0.1927,
            "distance_from_center": 1.68
          },
          {
            "id": 1357865119,
            "name": "고래책방",
            "final_score": 0.433,
            "distance_from_center": 1.88
          },
          {
            "id": 749351147,
            "name": "강릉 임영관 삼문",
            "final_score": 0.1618,
            "distance_from_center": 1.91
          },
          {
            "id": 15685783,
            "name": "강릉 대도호부 관아",
            "final_score": 0.3671,
            "distance_from_center": 1.91
          },
          {
            "id": 1287320440,
            "name": "강릉 월화거리",
            "final_score": 0.2829,
            "distance_from_center": 2.05
          }
        ]
      }
    },
    {
      "cluster_id": 1,
      "date": "2025-04-03",
      "weekday": "목",
      "seed_category": "Restaurant",
      "seed_place": {
        "id": 1379005450,
        "name": "떡볶이는생각하지마세요",
        "final_score": 0.5924
      },
      "center_lat": 37.75308,
      "center_lng": 128.898302,
      "categories": {
        "Cafe": [
          {
            "id": 1683765421,
            "name": "타임슬립",
            "final_score": 0.3652,
            "distance_from_center": 0.04
          },
          {
            "id": 1669842519,
            "name": "오버웨잇 강릉본점",
            "final_score": 0.3704,
            "distance_from_center": 0.06
          },
          {
            "id": 1318617687,
            "name": "강릉이래요",
            "final_score": 0.2776,
            "distance_from_center": 0.11
          },
          {
            "id": 1758181058,
            "name": "김성수제빵소 강릉점",
            "final_score": 0.4009,
            "distance_from_center": 0.11
          },
          {
            "id": 1697573959,
            "name": "강릉커피콩빵 강릉당 중앙시장점",
            "final_score": 0.2752,
            "distance_from_center": 0.13
          },
          {
            "id": 35256483,
            "name": "설빙 강릉대학로점",
            "final_score": 0.523,
            "distance_from_center": 0.13
          },
          {
            "id": 1355852682,
            "name": "젤라또마켓 순두부젤라또",
            "final_score": 0.4401,
            "distance_from_center": 0.14
          },
          {
            "id": 1202298255,
            "name": "팡파미유 중앙시장점",
            "final_score": 0.2668,
            "distance_from_center": 0.14
          },
          {
            "id": 1689574654,
            "name": "굴리아케이크",
            "final_score": 0.3192,
            "distance_from_center": 0.14
          },
          {
            "id": 1086491623,
            "name": "파충류카페 강릉점",
            "final_score": 0.4406,
            "distance_from_center": 0.15
          },
          {
            "id": 1526049518,
            "name": "커피러버스",
            "final_score": 0.2788,
            "distance_from_center": 0.16
          },
          {
            "id": 1246478918,
            "name": "중화짬뽕빵",
            "final_score": 0.2973,
            "distance_from_center": 0.16
          },
          {
            "id": 2094977764,
            "name": "장인더 강릉",
            "final_score": 0.3936,
            "distance_from_center": 0.18
          },
          {
            "id": 1517734190,
            "name": "강원옥찹쌀떡 중앙시장점",
            "final_score": 0.4446,
            "distance_from_center": 0.18
          },
          {
            "id": 2078030409,
            "name": "강릉베이글",
            "final_score": 0.4072,
            "distance_from_center": 0.18
          }
        ],
        "Restaurant": [
          {
            "id": 1379005450,
            "name": "떡볶이는생각하지마세요",
            "final_score": 0.5924,
            "distance_from_center": 0.0
          },
          {
            "id": 1129595331,
            "name": "애경부침",
            "final_score": 0.3978,
            "distance_from_center": 0.02
          },
          {
            "id": 1622671621,
            "name": "불개미식당",
            "final_score": 0.3913,
            "distance_from_center": 0.02
          },
          {
            "id": 1651613690,
            "name": "강릉사임당술빵",
            "final_score": 0.4386,
            "distance_from_center": 0.04
          },
          {
            "id": 19828562,
            "name": "성남칼국수",
            "final_score": 0.4707,
            "distance_from_center": 0.05
          },
          {
            "id": 1175212803,
            "name": "성남장터",
            "final_score": 0.2634,
            "distance_from_center": 0.05
          },
          {
            "id": 32037906,
            "name": "정윤이네먹거리",
            "final_score": 0.2875,
            "distance_from_center": 0.07
          },
          {
            "id": 1430081795,
            "name": "분식1번지",
            "final_score": 0.47,
            "distance_from_center": 0.07
          },
          {
            "id": 1416506512,
            "name": "맛나칼국수",
            "final_score": 0.4169,
            "distance_from_center": 0.08
          },
          {
            "id": 33920318,
            "name": "여왕개미식당",
            "final_score": 0.4524,
            "distance_from_center": 0.08
          },
          {
            "id": 32037933,
            "name": "성원대박집",
            "final_score": 0.4459,
            "distance_from_center": 0.08
          },
          {
            "id": 15297320,
            "name": "광덕식당 중앙시장점",
            "final_score": 0.537,
            "distance_from_center": 0.09
          },
          {
            "id": 1218080909,
            "name": "1300도씨짬뽕&떡볶이",
            "final_score": 0.3898,
            "distance_from_center": 0.11
          },
          {
            "id": 15299914,
            "name": "감자바우 장칼국수",
            "final_score": 0.4053,
            "distance_from_center": 0.11
          },
          {
            "id": 37300459,
            "name": "소문난식당",
            "final_score": 0.3578,
            "distance_from_center": 0.11
          }
        ],
        "Attraction": [
          {
            "id": 13345873,
            "name": "강릉 중앙시장",
            "final_score": 0.4482,
            "distance_from_center": 0.11
          },
          {
            "id": 1249952785,
            "name": "강릉 명주동 거리",
            "final_score": 0.448,
            "distance_from_center": 0.54
          },
          {
            "id": 12955259,
            "name": "단오타운전시관",
            "final_score": 0.2097,
            "distance_from_center": 0.61
          },
          {
            "id": 15693581,
            "name": "강릉 남산공원",
            "final_score": 0.1942,
            "distance_from_center": 0.7
          },
          {
            "id": 38623679,
            "name": "명주예술마당",
            "final_score": 0.1887,
            "distance_from_center": 0.76
          },
          {
            "id": 13345874,
            "name": "강릉 동부시장",
            "final_score": 0.0,
            "distance_from_center": 0.78
          },
          {
            "id": 11592129,
            "name": "강릉교육문화관",
            "final_score": 0.3003,
            "distance_from_center": 0.79
          },
          {
            "id": 35188457,
            "name": "애니멀스토리",
            "final_score": 0.2721,
            "distance_from_center": 0.99
          },
          {
            "id": 37090227,
            "name": "버드나무 브루어리",
            "final_score": 0.422,
            "distance_from_center": 1.33
          },
          {
            "id": 1412053208,
            "name": "처음처럼&새로 브랜드 체험관",
            "final_score": 0.1779,
            "distance_from_center": 2.89
          },
          {
            "id": 1211834959,
            "name": "강릉올림픽뮤지엄",
            "final_score": 0.2086,
            "distance_from_center": 2.92
          },
          {
            "id": 37081677,
            "name": "수상한마법학교",
            "final_score": 0.1937,
            "distance_from_center": 3.02
          },
          {
            "id": 32777223,
            "name": "자연아놀자 체험학습박물관",
            "final_score": 0.1704,
            "distance_from_center": 3.62
          },
          {
            "id": 20066249,
            "name": "강릉 수리골 고택",
            "final_score": 0.353,
            "distance_from_center": 3.74
          },
          {
            "id": 11687693,
            "name": "강릉 선교장",
            "final_score": 0.1712,
            "distance_from_center": 3.9
          }
        ]
      }
    },
    {
      "cluster_id": 2,
      "date": "2025-04-04",
      "weekday": "금",
      "seed_category": "Restaurant",
      "seed_place": {
        "id": 1714842320,
        "name": "샘골보리밥",
        "final_score": 0.5878
      },
      "center_lat": 37.779686,
      "center_lng": 128.913017,
      "categories": {
        "Cafe": [
          {
            "id": 1612034459,
            "name": "어머야라",
            "final_score": 0.4813,
            "distance_from_center": 0.35
          },
          {
            "id": 1588834856,
            "name": "르블레도르",
            "final_score": 0.4487,
            "distance_from_center": 0.55
          },
          {
            "id": 1737820343,
            "name": "고메코나베이커리",
            "final_score": 0.2949,
            "distance_from_center": 0.61
          },
          {
            "id": 1265990790,
            "name": "애프터 이미지",
            "final_score": 0.4023,
            "distance_from_center": 0.65
          },
          {
            "id": 1994587010,
            "name": "말차로",
            "final_score": 0.3994,
            "distance_from_center": 0.7
          },
          {
            "id": 1492455872,
            "name": "카페기와",
            "final_score": 0.3829,
            "distance_from_center": 0.76
          },
          {
            "id": 1959930841,
            "name": "강릉 미어지게",
            "final_score": 0.1005,
            "distance_from_center": 0.83
          },
          {
            "id": 1405929814,
            "name": "초당커피정미소 본점",
            "final_score": 0.2496,
            "distance_from_center": 0.84
          },
          {
            "id": 1033478410,
            "name": "그다이마잇",
            "final_score": 0.5049,
            "distance_from_center": 0.86
          },
          {
            "id": 1834719170,
            "name": "초당소금빵",
            "final_score": 0.1411,
            "distance_from_center": 0.91
          },
          {
            "id": 1621771668,
            "name": "카페 초당순 강릉본점",
            "final_score": 0.3939,
            "distance_from_center": 0.91
          },
          {
            "id": 1824086717,
            "name": "디오슬로",
            "final_score": 0.52,
            "distance_from_center": 0.92
          },
          {
            "id": 1836092492,
            "name": "허니홈비 강릉본점",
            "final_score": 0.4765,
            "distance_from_center": 0.93
          },
          {
            "id": 1974801379,
            "name": "카페콥스",
            "final_score": 0.4272,
            "distance_from_center": 0.95
          },
          {
            "id": 1188561598,
            "name": "초당밀",
            "final_score": 0.4526,
            "distance_from_center": 0.97
          }
        ],
        "Restaurant": [
          {
            "id": 1714842320,
            "name": "샘골보리밥",
            "final_score": 0.5878,
            "distance_from_center": 0.0
          },
          {
            "id": 1408112993,
            "name": "빨간보자기밥집",
            "final_score": 0.2541,
            "distance_from_center": 0.23
          },
          {
            "id": 1284297711,
            "name": "맛사랑장칼국수",
            "final_score": 0.5169,
            "distance_from_center": 0.39
          },
          {
            "id": 1972427573,
            "name": "파랑새김밥",
            "final_score": 0.3423,
            "distance_from_center": 0.42
          },
          {
            "id": 1679691479,
            "name": "부돈산",
            "final_score": 0.467,
            "distance_from_center": 0.43
          },
          {
            "id": 37552291,
            "name": "족과의동침 강릉점",
            "final_score": 0.2884,
            "distance_from_center": 0.45
          },
          {
            "id": 15388186,
            "name": "송정추어탕칼국수",
            "final_score": 0.5163,
            "distance_from_center": 0.46
          },
          {
            "id": 15320570,
            "name": "대륙해물탕해물찜",
            "final_score": 0.3331,
            "distance_from_center": 0.52
          },
          {
            "id": 1382988357,
            "name": "인연밥집",
            "final_score": 0.4779,
            "distance_from_center": 0.52
          },
          {
            "id": 1298661690,
            "name": "가브리살",
            "final_score": 0.3644,
            "distance_from_center": 0.54
          },
          {
            "id": 1868103084,
            "name": "갯마을식당",
            "final_score": 0.5643,
            "distance_from_center": 0.54
          },
          {
            "id": 1418432224,
            "name": "스시카이토",
            "final_score": 0.5213,
            "distance_from_center": 0.54
          },
          {
            "id": 1449087303,
            "name": "밥&술",
            "final_score": 0.5029,
            "distance_from_center": 0.55
          },
          {
            "id": 1075857630,
            "name": "연자네보리밥",
            "final_score": 0.4784,
            "distance_from_center": 0.57
          },
          {
            "id": 1598566285,
            "name": "BHC치킨 강릉초당점",
            "final_score": 0.3997,
            "distance_from_center": 0.58
          }
        ],
        "Attraction": [
          {
            "id": 1881857549,
            "name": "강릉 메타버스 체험관",
            "final_score": 0.0741,
            "distance_from_center": 1.08
          },
          {
            "id": 37434460,
            "name": "경포 아쿠아리움",
            "final_score": 0.2254,
            "distance_from_center": 1.24
          },
          {
            "id": 1090555407,
            "name": "아르떼뮤지엄 강릉",
            "final_score": 0.1905,
            "distance_from_center": 1.24
          },
          {
            "id": 1130774967,
            "name": "허균·허난설헌 기념공원",
            "final_score": 0.3414,
            "distance_from_center": 1.38
          },
          {
            "id": 20066218,
            "name": "허난설헌 생가터",
            "final_score": 0.2232,
            "distance_from_center": 1.39
          },
          {
            "id": 1112785467,
            "name": "런닝맨 강릉점",
            "final_score": 0.1628,
            "distance_from_center": 1.48
          },
          {
            "id": 1542622512,
            "name": "원더스카이",
            "final_score": 0.1955,
            "distance_from_center": 1.59
          },
          {
            "id": 31044854,
            "name": "경포가시연습지",
            "final_score": 0.1377,
            "distance_from_center": 1.66
          },
          {
            "id": 31506191,
            "name": "초당순두부마을",
            "final_score": 0.3451,
            "distance_from_center": 1.67
          },
          {
            "id": 13491183,
            "name": "강문해변",
            "final_score": 0.1534,
            "distance_from_center": 1.77
          },
          {
            "id": 472414455,
            "name": "경포호수광장",
            "final_score": 0.1657,
            "distance_from_center": 2.04
          },
          {
            "id": 1063021154,
            "name": "경포플라워가든",
            "final_score": 0.148,
            "distance_from_center": 2.07
          },
          {
            "id": 1940124735,
            "name": "강문솟대다리",
            "final_score": 0.2857,
            "distance_from_center": 2.1
          },
          {
            "id": 20065935,
            "name": "송정해변",
            "final_score": 0.2429,
            "distance_from_center": 2.12
          },
          {
            "id": 1675156043,
            "name": "강릉 경포대",
            "final_score": 0.2807,
            "distance_from_center": 2.29
          }
        ]
      }
    },
    {
      "cluster_id": 3,
      "date": "2025-04-05",
      "weekday": "토",
      "seed_category": "Restaurant",
      "seed_place": {
        "id": 436974851,
        "name": "곱창전골명가도계물닭갈비",
        "final_score": 0.5848
      },
      "center_lat": 37.714634,
      "center_lng": 128.827182,
      "categories": {
        "Cafe": [
          {
            "id": 1056262384,
            "name": "카페 화조월석",
            "final_score": 0.3824,
            "distance_from_center": 0.44
          },
          {
            "id": 34537489,
            "name": "과객",
            "final_score": 0.4149,
            "distance_from_center": 2.58
          },
          {
            "id": 1761686436,
            "name": "카페 마눌",
            "final_score": 0.3901,
            "distance_from_center": 2.64
          },
          {
            "id": 15299378,
            "name": "포모도로",
            "final_score": 0.3854,
            "distance_from_center": 3.38
          },
          {
            "id": 1926050460,
            "name": "디코이덕",
            "final_score": 0.2886,
            "distance_from_center": 3.76
          },
          {
            "id": 19900143,
            "name": "라몬타냐",
            "final_score": 0.4285,
            "distance_from_center": 4.47
          },
          {
            "id": 1024529564,
            "name": "오브리에타",
            "final_score": 0.4535,
            "distance_from_center": 4.48
          },
          {
            "id": 1106082140,
            "name": "아이즈 로스터리 홍제동 본점",
            "final_score": 0.3807,
            "distance_from_center": 5.08
          },
          {
            "id": 1174448798,
            "name": "스타벅스 강릉IC DT점",
            "final_score": 0.4472,
            "distance_from_center": 5.35
          },
          {
            "id": 2012122325,
            "name": "루모",
            "final_score": 0.4684,
            "distance_from_center": 5.35
          },
          {
            "id": 2067021446,
            "name": "떡이네",
            "final_score": 0.4679,
            "distance_from_center": 5.49
          },
          {
            "id": 1633456108,
            "name": "투썸플레이스 유천지구점",
            "final_score": 0.3394,
            "distance_from_center": 5.76
          },
          {
            "id": 1546169801,
            "name": "강릉그림카페",
            "final_score": 0.3909,
            "distance_from_center": 5.78
          },
          {
            "id": 263503029,
            "name": "어썸",
            "final_score": 0.5066,
            "distance_from_center": 5.98
          }
        ],
        "Restaurant": [
          {
            "id": 436974851,
            "name": "곱창전골명가도계물닭갈비",
            "final_score": 0.5848,
            "distance_from_center": 0.0
          },
          {
            "id": 1307856893,
            "name": "준호네 정원",
            "final_score": 0.5414,
            "distance_from_center": 0.02
          },
          {
            "id": 1925143603,
            "name": "성산설렁탕",
            "final_score": 0.0,
            "distance_from_center": 0.03
          },
          {
            "id": 13051175,
            "name": "성산옛집",
            "final_score": 0.3733,
            "distance_from_center": 0.06
          },
          {
            "id": 15364392,
            "name": "산촌",
            "final_score": 0.5218,
            "distance_from_center": 0.08
          },
          {
            "id": 11860452,
            "name": "청기와",
            "final_score": 0.3898,
            "distance_from_center": 0.17
          },
          {
            "id": 11857534,
            "name": "옛카나리아",
            "final_score": 0.2943,
            "distance_from_center": 0.18
          },
          {
            "id": 15364381,
            "name": "미향식당",
            "final_score": 0.4382,
            "distance_from_center": 0.27
          },
          {
            "id": 1194649037,
            "name": "성산밥집",
            "final_score": 0.4366,
            "distance_from_center": 0.42
          },
          {
            "id": 1449236862,
            "name": "오채연",
            "final_score": 0.4825,
            "distance_from_center": 0.46
          },
          {
            "id": 1478745700,
            "name": "성산감자전",
            "final_score": 0.2967,
            "distance_from_center": 0.49
          },
          {
            "id": 1154907883,
            "name": "보리향기",
            "final_score": 0.4886,
            "distance_from_center": 0.49
          },
          {
            "id": 15365261,
            "name": "버당말메기촌",
            "final_score": 0.4889,
            "distance_from_center": 0.52
          },
          {
            "id": 15364541,
            "name": "옛카네이션집",
            "final_score": 0.3413,
            "distance_from_center": 0.55
          },
          {
            "id": 15306959,
            "name": "성산토속가든",
            "final_score": 0.3299,
            "distance_from_center": 0.59
          }
        ],
        "Attraction": [
          {
            "id": 13491494,
            "name": "남대천",
            "final_score": 0.1739,
            "distance_from_center": 0.09
          },
          {
            "id": 20107994,
            "name": "대관령박물관",
            "final_score": 0.4064,
            "distance_from_center": 2.05
          },
          {
            "id": 269545324,
            "name": "국립대관령치유의숲",
            "final_score": 0.1889,
            "distance_from_center": 2.58
          },
          {
            "id": 15699373,
            "name": "신사임당사친시비",
            "final_score": 0.3892,
            "distance_from_center": 3.22
          },
          {
            "id": 11491009,
            "name": "국립대관령자연휴양림",
            "final_score": 0.1764,
            "distance_from_center": 3.22
          },
          {
            "id": 19564244,
            "name": "강릉 솔향수목원",
            "final_score": 0.3076,
            "distance_from_center": 3.56
          },
          {
            "id": 15700020,
            "name": "제왕산",
            "final_score": 0.0002,
            "distance_from_center": 4.13
          }
        ]
      }
    },
    {
      "cluster_id": 4,
      "date": "2025-04-06",
      "weekday": "일",
      "seed_category": "Restaurant",
      "seed_place": {
        "id": 19891301,
        "name": "장안횟집",
        "final_score": 0.5839
      },
      "center_lat": 37.837598,
      "center_lng": 128.875398,
      "categories": {
        "Cafe": [
          {
            "id": 2069032826,
            "name": "원강희과자점",
            "final_score": 0.409,
            "distance_from_center": 0.05
          },
          {
            "id": 13535267,
            "name": "쉘리스",
            "final_score": 0.3318,
            "distance_from_center": 0.31
          },
          {
            "id": 1745145004,
            "name": "바우카페 본점",
            "final_score": 0.3126,
            "distance_from_center": 0.37
          },
          {
            "id": 1779443730,
            "name": "곳",
            "final_score": 0.3554,
            "distance_from_center": 0.69
          },
          {
            "id": 1174295057,
            "name": "깔라마리",
            "final_score": 0.2903,
            "distance_from_center": 1.72
          },
          {
            "id": 1854962812,
            "name": "테라로사 사천해변점",
            "final_score": 0.24,
            "distance_from_center": 1.89
          },
          {
            "id": 1777557364,
            "name": "크림하우스",
            "final_score": 0.4052,
            "distance_from_center": 1.91
          },
          {
            "id": 1288938606,
            "name": "오늘에",
            "final_score": 0.4408,
            "distance_from_center": 2.26
          },
          {
            "id": 1246262619,
            "name": "우가",
            "final_score": 0.3626,
            "distance_from_center": 2.39
          },
          {
            "id": 2058022471,
            "name": "온유",
            "final_score": 0.4717,
            "distance_from_center": 2.69
          },
          {
            "id": 1986607278,
            "name": "백야커피",
            "final_score": 0.336,
            "distance_from_center": 3.57
          },
          {
            "id": 1899236965,
            "name": "삼송빵집 강릉경포점",
            "final_score": 0.4585,
            "distance_from_center": 4.06
          },
          {
            "id": 11682971,
            "name": "보헤미안박이추커피본점",
            "final_score": 0.3367,
            "distance_from_center": 4.17
          },
          {
            "id": 1900553385,
            "name": "바우카페",
            "final_score": 0.3573,
            "distance_from_center": 4.24
          },
          {
            "id": 15373350,
            "name": "브라질",
            "final_score": 0.3952,
            "distance_from_center": 4.26
          }
        ],
        "Restaurant": [
          {
            "id": 19891301,
            "name": "장안횟집",
            "final_score": 0.5839,
            "distance_from_center": 0.0
          },
          {
            "id": 15371788,
            "name": "전주식당",
            "final_score": 0.3869,
            "distance_from_center": 0.05
          },
          {
            "id": 1036955196,
            "name": "제주해인물회",
            "final_score": 0.4741,
            "distance_from_center": 0.13
          },
          {
            "id": 1468367465,
            "name": "채선당 강릉사천항점",
            "final_score": 0.5502,
            "distance_from_center": 0.29
          },
          {
            "id": 1015624214,
            "name": "사천샘골식당",
            "final_score": 0.5717,
            "distance_from_center": 0.37
          },
          {
            "id": 945583235,
            "name": "산호막국수",
            "final_score": 0.5011,
            "distance_from_center": 0.64
          },
          {
            "id": 35743969,
            "name": "솔밭추어탕",
            "final_score": 0.5026,
            "distance_from_center": 0.87
          },
          {
            "id": 1434030213,
            "name": "강남흑염소전문점",
            "final_score": 0.5766,
            "distance_from_center": 1.76
          },
          {
            "id": 1760318925,
            "name": "대관령주막",
            "final_score": 0.3801,
            "distance_from_center": 2.31
          },
          {
            "id": 1866632720,
            "name": "사천닭내장탕",
            "final_score": 0.3074,
            "distance_from_center": 2.76
          },
          {
            "id": 1951006286,
            "name": "흑진주",
            "final_score": 0.4327,
            "distance_from_center": 2.83
          },
          {
            "id": 15372123,
            "name": "사천소머리국밥",
            "final_score": 0.4138,
            "distance_from_center": 2.84
          },
          {
            "id": 15372120,
            "name": "금학분식",
            "final_score": 0.547,
            "distance_from_center": 2.84
          },
          {
            "id": 21226036,
            "name": "개두릅장칼국수",
            "final_score": 0.3454,
            "distance_from_center": 2.84
          },
          {
            "id": 1117927212,
            "name": "병천순대모래내",
            "final_score": 0.311,
            "distance_from_center": 2.85
          }
        ],
        "Attraction": [
          {
            "id": 15704900,
            "name": "사천진해변(사천뒷불해수욕장)",
            "final_score": 0.2873,
            "distance_from_center": 0.4
          },
          {
            "id": 1800696554,
            "name": "하평해변(강릉)",
            "final_score": 0.4097,
            "distance_from_center": 0.91
          },
          {
            "id": 13491268,
            "name": "사천해변",
            "final_score": 0.3617,
            "distance_from_center": 0.95
          },
          {
            "id": 1261782152,
            "name": "호린파크(경포대허브농장)",
            "final_score": 0.2175,
            "distance_from_center": 1.15
          },
          {
            "id": 2145408639,
            "name": "강릉 방동리 무궁화",
            "final_score": 0.2939,
            "distance_from_center": 1.51
          },
          {
            "id": 1848252796,
            "name": "강릉아기동물농장",
            "final_score": 0.378,
            "distance_from_center": 1.58
          },
          {
            "id": 1884028346,
            "name": "순포습지",
            "final_score": 0.1156,
            "distance_from_center": 2.26
          },
          {
            "id": 20103328,
            "name": "순포해변",
            "final_score": 0.1756,
            "distance_from_center": 2.42
          },
          {
            "id": 13491745,
            "name": "순긋해변",
            "final_score": 0.3387,
            "distance_from_center": 2.79
          },
          {
            "id": 15704484,
            "name": "갈골한과체험전시관",
            "final_score": 0.2007,
            "distance_from_center": 3.17
          },
          {
            "id": 13444336,
            "name": "연곡해변",
            "final_score": 0.2221,
            "distance_from_center": 3.22
          },
          {
            "id": 1117620826,
            "name": "뒷뜨루관광농원",
            "final_score": 0.2713,
            "distance_from_center": 3.38
          },
          {
            "id": 1338629806,
            "name": "사근진해중공원 전망대",
            "final_score": 0.1414,
            "distance_from_center": 3.44
          },
          {
            "id": 15371716,
            "name": "사근진해변",
            "final_score": 0.2934,
            "distance_from_center": 3.44
          },
          {
            "id": 1338629806,
            "name": "사근진해중공원 전망대",
            "final_score": 0.1414,
            "distance_from_center": 3.44
          }
        ]
      }
    }
  ]
}