{
  "user_id": "U0452",
  "start_date": "2025-01-01",
  "start_weekday": "수",
  "duration_days": 3,
  "budget": 800000,
  "num_clusters": 3,
  "clustering_method": "greedy_score_based_with_store_hours",
  "seed_strategy": "highest_score_only",
  "max_cluster_radius_km": 6,
  "min_places_per_category": 7,
  "places_per_category": 15,
  "Accommodation": 10058151,
  "clusters": [
    {
      "cluster_id": 0,
      "date": "2025-01-01",
      "weekday": "수",
      "seed_category": "Cafe",
      "seed_place": {
        "id": 1174448798,
        "name": "스타벅스 강릉IC DT점",
        "final_score": 0.5677
      },
      "center_lat": 37.746793,
      "center_lng": 128.872405,
      "categories": {
        "Cafe": [
          {
            "id": 1174448798,
            "name": "스타벅스 강릉IC DT점",
            "final_score": 0.5677,
            "distance_from_center": 0.0
          },
          {
            "id": 2012122325,
            "name": "루모",
            "final_score": 0.4836,
            "distance_from_center": 0.73
          },
          {
            "id": 1750727150,
            "name": "미미케이크",
            "final_score": 0.3589,
            "distance_from_center": 0.91
          },
          {
            "id": 2067021446,
            "name": "떡이네",
            "final_score": 0.4814,
            "distance_from_center": 0.93
          },
          {
            "id": 19900143,
            "name": "라몬타냐",
            "final_score": 0.311,
            "distance_from_center": 0.99
          },
          {
            "id": 1106082140,
            "name": "아이즈 로스터리 홍제동 본점",
            "final_score": 0.5065,
            "distance_from_center": 1.13
          },
          {
            "id": 263503029,
            "name": "어썸",
            "final_score": 0.4374,
            "distance_from_center": 1.2
          },
          {
            "id": 1633456108,
            "name": "투썸플레이스 유천지구점",
            "final_score": 0.3004,
            "distance_from_center": 1.23
          },
          {
            "id": 1081008717,
            "name": "홍제멘션 강릉 본점",
            "final_score": 0.4826,
            "distance_from_center": 1.26
          },
          {
            "id": 1546169801,
            "name": "강릉그림카페",
            "final_score": 0.4167,
            "distance_from_center": 1.28
          },
          {
            "id": 1605447318,
            "name": "젤라또까사",
            "final_score": 0.5106,
            "distance_from_center": 1.3
          },
          {
            "id": 1500318606,
            "name": "버떠",
            "final_score": 0.4763,
            "distance_from_center": 1.35
          },
          {
            "id": 1442771903,
            "name": "가디",
            "final_score": 0.3346,
            "distance_from_center": 1.56
          },
          {
            "id": 1495937611,
            "name": "음차차",
            "final_score": 0.444,
            "distance_from_center": 1.59
          },
          {
            "id": 1026225860,
            "name": "새바람이오는그늘",
            "final_score": 0.4955,
            "distance_from_center": 1.62
          }
        ],
        "Restaurant": [
          {
            "id": 1567062059,
            "name": "회산막국수 강릉점",
            "final_score": 0.4549,
            "distance_from_center": 0.27
          },
          {
            "id": 1921017060,
            "name": "강릉명가",
            "final_score": 0.3778,
            "distance_from_center": 0.49
          },
          {
            "id": 37253078,
            "name": "뿅가곱창 강릉점",
            "final_score": 0.4013,
            "distance_from_center": 0.82
          },
          {
            "id": 1070243890,
            "name": "무단외박",
            "final_score": 0.3279,
            "distance_from_center": 0.84
          },
          {
            "id": 1371192904,
            "name": "갑진정식",
            "final_score": 0.3021,
            "distance_from_center": 0.86
          },
          {
            "id": 1337210252,
            "name": "밥잘하는누나",
            "final_score": 0.0,
            "distance_from_center": 0.86
          },
          {
            "id": 1605479970,
            "name": "십이월육일",
            "final_score": 0.3124,
            "distance_from_center": 0.87
          },
          {
            "id": 15332511,
            "name": "초원이모네",
            "final_score": 0.3886,
            "distance_from_center": 0.89
          },
          {
            "id": 33732587,
            "name": "일미소문난생선구이",
            "final_score": 0.4166,
            "distance_from_center": 0.9
          },
          {
            "id": 1366265272,
            "name": "병천순대 내곡점",
            "final_score": 0.2864,
            "distance_from_center": 0.9
          },
          {
            "id": 1344917614,
            "name": "강릉홍가네옹심이",
            "final_score": 0.3165,
            "distance_from_center": 0.91
          },
          {
            "id": 37628157,
            "name": "동일장칼국수 내곡점",
            "final_score": 0.2653,
            "distance_from_center": 0.93
          },
          {
            "id": 1221051877,
            "name": "성수족발",
            "final_score": 0.3091,
            "distance_from_center": 0.93
          },
          {
            "id": 1565348057,
            "name": "솔향한우곰탕",
            "final_score": 0.3503,
            "distance_from_center": 0.94
          },
          {
            "id": 1380888385,
            "name": "얌샘김밥 강릉내곡점",
            "final_score": 0.3314,
            "distance_from_center": 0.94
          }
        ],
        "Attraction": [
          {
            "id": 1412053208,
            "name": "처음처럼&새로 브랜드 체험관",
            "final_score": 0.3462,
            "distance_from_center": 0.72
          },
          {
            "id": 37090227,
            "name": "버드나무 브루어리",
            "final_score": 0.367,
            "distance_from_center": 1.07
          },
          {
            "id": 11535675,
            "name": "강릉문화원",
            "final_score": 0.1801,
            "distance_from_center": 1.34
          },
          {
            "id": 2062786512,
            "name": "강릉시립미술관 솔올",
            "final_score": 0.3234,
            "distance_from_center": 1.49
          },
          {
            "id": 38623679,
            "name": "명주예술마당",
            "final_score": 0.244,
            "distance_from_center": 1.63
          },
          {
            "id": 749351147,
            "name": "강릉 임영관 삼문",
            "final_score": 0.2668,
            "distance_from_center": 1.84
          },
          {
            "id": 1249952785,
            "name": "강릉 명주동 거리",
            "final_score": 0.401,
            "distance_from_center": 1.85
          },
          {
            "id": 15693581,
            "name": "강릉 남산공원",
            "final_score": 0.3713,
            "distance_from_center": 1.85
          },
          {
            "id": 13345877,
            "name": "강릉 서부시장",
            "final_score": 0.2841,
            "distance_from_center": 1.87
          },
          {
            "id": 15685783,
            "name": "강릉 대도호부 관아",
            "final_score": 0.4324,
            "distance_from_center": 1.88
          },
          {
            "id": 37081677,
            "name": "수상한마법학교",
            "final_score": 0.1888,
            "distance_from_center": 1.91
          },
          {
            "id": 1775014582,
            "name": "리고엠",
            "final_score": 0.2882,
            "distance_from_center": 1.98
          },
          {
            "id": 12955259,
            "name": "단오타운전시관",
            "final_score": 0.3157,
            "distance_from_center": 2.0
          },
          {
            "id": 12762639,
            "name": "강릉시립미술관 교동",
            "final_score": 0.361,
            "distance_from_center": 2.23
          },
          {
            "id": 35188457,
            "name": "애니멀스토리",
            "final_score": 0.2971,
            "distance_from_center": 2.35
          }
        ]
      }
    },
    {
      "cluster_id": 1,
      "date": "2025-01-02",
      "weekday": "목",
      "seed_category": "Cafe",
      "seed_place": {
        "id": 1009179914,
        "name": "갈매기다방",
        "final_score": 0.558
      },
      "center_lat": 37.870299,
      "center_lng": 128.842992,
      "categories": {
        "Cafe": [
          {
            "id": 1009179914,
            "name": "갈매기다방",
            "final_score": 0.558,
            "distance_from_center": 0.0
          },
          {
            "id": 1876301121,
            "name": "포르토포레스트하우스",
            "final_score": 0.5088,
            "distance_from_center": 0.14
          },
          {
            "id": 1839133695,
            "name": "빵을쇼핑하다빵명가치아바타CIABATTA",
            "final_score": 0.4325,
            "distance_from_center": 0.22
          },
          {
            "id": 15373350,
            "name": "브라질",
            "final_score": 0.4484,
            "distance_from_center": 0.37
          },
          {
            "id": 1900553385,
            "name": "바우카페",
            "final_score": 0.4883,
            "distance_from_center": 0.39
          },
          {
            "id": 11682971,
            "name": "보헤미안박이추커피본점",
            "final_score": 0.3716,
            "distance_from_center": 0.63
          },
          {
            "id": 1249217189,
            "name": "오드커피",
            "final_score": 0.4421,
            "distance_from_center": 1.22
          },
          {
            "id": 1147229173,
            "name": "도깨비젤라또",
            "final_score": 0.2984,
            "distance_from_center": 1.3
          },
          {
            "id": 1169844332,
            "name": "스타벅스 강릉주문진점",
            "final_score": 0.4814,
            "distance_from_center": 1.58
          },
          {
            "id": 1777557364,
            "name": "크림하우스",
            "final_score": 0.4423,
            "distance_from_center": 2.71
          },
          {
            "id": 1543529590,
            "name": "카페제니엘 주문진점",
            "final_score": 0.4004,
            "distance_from_center": 2.79
          },
          {
            "id": 1543529590,
            "name": "카페제니엘 주문진점",
            "final_score": 0.4004,
            "distance_from_center": 2.79
          },
          {
            "id": 1266299794,
            "name": "해옫 강릉",
            "final_score": 0.4489,
            "distance_from_center": 2.87
          },
          {
            "id": 2017141901,
            "name": "에브리데이크",
            "final_score": 0.432,
            "distance_from_center": 2.98
          },
          {
            "id": 1396977535,
            "name": "소돌엔 등대점",
            "final_score": 0.4242,
            "distance_from_center": 3.19
          }
        ],
        "Restaurant": [
          {
            "id": 1140539859,
            "name": "Miss한우",
            "final_score": 0.3703,
            "distance_from_center": 0.34
          },
          {
            "id": 1843519259,
            "name": "영진보리밥쌈밥",
            "final_score": 0.3568,
            "distance_from_center": 0.35
          },
          {
            "id": 1167311952,
            "name": "메밀애감자",
            "final_score": 0.3886,
            "distance_from_center": 0.36
          },
          {
            "id": 1043586683,
            "name": "내촌옥",
            "final_score": 0.4245,
            "distance_from_center": 0.36
          },
          {
            "id": 1229266906,
            "name": "달구지막창 주문진점",
            "final_score": 0.324,
            "distance_from_center": 0.36
          },
          {
            "id": 15705872,
            "name": "홍질목",
            "final_score": 0.2635,
            "distance_from_center": 0.58
          },
          {
            "id": 15360393,
            "name": "현자네해물촌",
            "final_score": 0.369,
            "distance_from_center": 1.07
          },
          {
            "id": 15372694,
            "name": "부영식당",
            "final_score": 0.2321,
            "distance_from_center": 1.19
          },
          {
            "id": 318625076,
            "name": "주문진 상희네횟집 홍게무한리필",
            "final_score": 0.4208,
            "distance_from_center": 1.26
          },
          {
            "id": 15372688,
            "name": "연곡이모네",
            "final_score": 0.4497,
            "distance_from_center": 1.31
          },
          {
            "id": 33133925,
            "name": "해랑대게횟집",
            "final_score": 0.458,
            "distance_from_center": 1.32
          },
          {
            "id": 1497296016,
            "name": "북강릉진국설렁탕",
            "final_score": 0.4591,
            "distance_from_center": 1.32
          },
          {
            "id": 1316825170,
            "name": "믿음식당",
            "final_score": 0.3185,
            "distance_from_center": 1.33
          },
          {
            "id": 20264808,
            "name": "주문진가마솥설렁탕",
            "final_score": 0.272,
            "distance_from_center": 1.4
          },
          {
            "id": 11799922,
            "name": "페리카나 도립대점",
            "final_score": 0.3622,
            "distance_from_center": 1.41
          }
        ],
        "Attraction": [
          {
            "id": 13491150,
            "name": "영진해변",
            "final_score": 0.3548,
            "distance_from_center": 0.29
          },
          {
            "id": 20054445,
            "name": "영진항",
            "final_score": 0.3617,
            "distance_from_center": 0.52
          },
          {
            "id": 13444336,
            "name": "연곡해변",
            "final_score": 0.3423,
            "distance_from_center": 1.4
          },
          {
            "id": 13490946,
            "name": "주문진항",
            "final_score": 0.4846,
            "distance_from_center": 2.24
          },
          {
            "id": 1600054868,
            "name": "해피아워크루즈",
            "final_score": 0.3351,
            "distance_from_center": 2.49
          },
          {
            "id": 34818378,
            "name": "주문진해양박물관",
            "final_score": 0.2631,
            "distance_from_center": 2.64
          },
          {
            "id": 20059236,
            "name": "주문리마을",
            "final_score": 0.2133,
            "distance_from_center": 2.87
          },
          {
            "id": 1848252796,
            "name": "강릉아기동물농장",
            "final_score": 0.2357,
            "distance_from_center": 3.11
          },
          {
            "id": 20054507,
            "name": "주문진 등대",
            "final_score": 0.3662,
            "distance_from_center": 3.15
          },
          {
            "id": 1261782152,
            "name": "호린파크(경포대허브농장)",
            "final_score": 0.3669,
            "distance_from_center": 3.49
          },
          {
            "id": 1800696554,
            "name": "하평해변(강릉)",
            "final_score": 0.4057,
            "distance_from_center": 3.74
          },
          {
            "id": 1117620826,
            "name": "뒷뜨루관광농원",
            "final_score": 0.3805,
            "distance_from_center": 3.92
          },
          {
            "id": 19501415,
            "name": "소돌아들바위공원",
            "final_score": 0.4066,
            "distance_from_center": 4.14
          },
          {
            "id": 13491657,
            "name": "소돌해수욕장",
            "final_score": 0.4489,
            "distance_from_center": 4.23
          },
          {
            "id": 15704900,
            "name": "사천진해변(사천뒷불해수욕장)",
            "final_score": 0.2342,
            "distance_from_center": 4.3
          }
        ]
      }
    },
    {
      "cluster_id": 2,
      "date": "2025-01-03",
      "weekday": "금",
      "seed_category": "Restaurant",
      "seed_place": {
        "id": 1888786624,
        "name": "시나미83",
        "final_score": 0.5529
      },
      "center_lat": 37.793999,
      "center_lng": 128.88227,
      "categories": {
        "Cafe": [
          {
            "id": 1439249340,
            "name": "서지초가뜰",
            "final_score": 0.5361,
            "distance_from_center": 0.34
          },
          {
            "id": 38275526,
            "name": "보헤미안 커피 경포점",
            "final_score": 0.3844,
            "distance_from_center": 1.86
          },
          {
            "id": 2051244903,
            "name": "강릉샌드 본점",
            "final_score": 0.4209,
            "distance_from_center": 1.96
          },
          {
            "id": 2003320621,
            "name": "차전자",
            "final_score": 0.5017,
            "distance_from_center": 2.2
          },
          {
            "id": 1083326838,
            "name": "씨엠디컴퍼니",
            "final_score": 0.4455,
            "distance_from_center": 2.22
          },
          {
            "id": 1824086717,
            "name": "디오슬로",
            "final_score": 0.5145,
            "distance_from_center": 2.24
          },
          {
            "id": 1899236965,
            "name": "삼송빵집 강릉경포점",
            "final_score": 0.2996,
            "distance_from_center": 2.29
          },
          {
            "id": 1188561598,
            "name": "초당밀",
            "final_score": 0.4027,
            "distance_from_center": 2.33
          },
          {
            "id": 1836092492,
            "name": "허니홈비 강릉본점",
            "final_score": 0.4096,
            "distance_from_center": 2.37
          },
          {
            "id": 1986607278,
            "name": "백야커피",
            "final_score": 0.3965,
            "distance_from_center": 2.45
          },
          {
            "id": 1683569661,
            "name": "디핑 초콜릿카페",
            "final_score": 0.3369,
            "distance_from_center": 2.48
          },
          {
            "id": 1195768568,
            "name": "플레이스 플러스",
            "final_score": 0.5027,
            "distance_from_center": 2.49
          },
          {
            "id": 1292591709,
            "name": "헝키도리커피바",
            "final_score": 0.5081,
            "distance_from_center": 2.54
          },
          {
            "id": 1246262619,
            "name": "우가",
            "final_score": 0.497,
            "distance_from_center": 2.67
          },
          {
            "id": 1623800311,
            "name": "멜로우밀",
            "final_score": 0.4753,
            "distance_from_center": 2.67
          }
        ],
        "Restaurant": [
          {
            "id": 1888786624,
            "name": "시나미83",
            "final_score": 0.5529,
            "distance_from_center": 0.0
          },
          {
            "id": 1914381494,
            "name": "서지가마솥설렁탕전문점",
            "final_score": 0.3137,
            "distance_from_center": 0.54
          },
          {
            "id": 35678301,
            "name": "날밀보리뜰",
            "final_score": 0.408,
            "distance_from_center": 0.82
          },
          {
            "id": 15351782,
            "name": "배다리막국수",
            "final_score": 0.3155,
            "distance_from_center": 1.04
          },
          {
            "id": 1294584035,
            "name": "법원구내식당",
            "final_score": 0.3117,
            "distance_from_center": 1.06
          },
          {
            "id": 1048928439,
            "name": "강릉본가막국수",
            "final_score": 0.3362,
            "distance_from_center": 1.13
          },
          {
            "id": 12044816,
            "name": "원조민속초당순두부",
            "final_score": 0.232,
            "distance_from_center": 1.19
          },
          {
            "id": 15351680,
            "name": "400년집초당순두부",
            "final_score": 0.2817,
            "distance_from_center": 1.19
          },
          {
            "id": 15351961,
            "name": "남향막국수 본점",
            "final_score": 0.4554,
            "distance_from_center": 1.2
          },
          {
            "id": 804014354,
            "name": "까막장이야기",
            "final_score": 0.3348,
            "distance_from_center": 1.22
          },
          {
            "id": 35700874,
            "name": "솔담한정식 강릉본점",
            "final_score": 0.2394,
            "distance_from_center": 1.22
          },
          {
            "id": 1090308210,
            "name": "경포왕만두",
            "final_score": 0.142,
            "distance_from_center": 1.24
          },
          {
            "id": 1365555111,
            "name": "경포막국수",
            "final_score": 0.3076,
            "distance_from_center": 1.24
          },
          {
            "id": 2064849699,
            "name": "호수정 한정식 강릉본점",
            "final_score": 0.3481,
            "distance_from_center": 1.25
          },
          {
            "id": 1657903037,
            "name": "명경막국수",
            "final_score": 0.3057,
            "distance_from_center": 1.26
          }
        ],
        "Attraction": [
          {
            "id": 11687693,
            "name": "강릉 선교장",
            "final_score": 0.3489,
            "distance_from_center": 0.86
          },
          {
            "id": 20066249,
            "name": "강릉 수리골 고택",
            "final_score": 0.3075,
            "distance_from_center": 1.16
          },
          {
            "id": 1675156043,
            "name": "강릉 경포대",
            "final_score": 0.3622,
            "distance_from_center": 1.26
          },
          {
            "id": 13491109,
            "name": "경포호",
            "final_score": 0.3106,
            "distance_from_center": 1.27
          },
          {
            "id": 12409858,
            "name": "참소리에디슨손성목영화박물관",
            "final_score": 0.1534,
            "distance_from_center": 1.39
          },
          {
            "id": 31044854,
            "name": "경포가시연습지",
            "final_score": 0.3343,
            "distance_from_center": 1.53
          },
          {
            "id": 1346656418,
            "name": "경포생태저류지",
            "final_score": 0.2605,
            "distance_from_center": 1.57
          },
          {
            "id": 11620702,
            "name": "강릉 오죽헌·시립박물관",
            "final_score": 0.3415,
            "distance_from_center": 1.66
          },
          {
            "id": 1300520912,
            "name": "르꼬따쥬",
            "final_score": 0.333,
            "distance_from_center": 1.73
          },
          {
            "id": 19832807,
            "name": "강릉자수박물관",
            "final_score": 0.1212,
            "distance_from_center": 1.79
          },
          {
            "id": 1211834959,
            "name": "강릉올림픽뮤지엄",
            "final_score": 0.1909,
            "distance_from_center": 2.09
          },
          {
            "id": 32777223,
            "name": "자연아놀자 체험학습박물관",
            "final_score": 0.2111,
            "distance_from_center": 2.13
          },
          {
            "id": 1881857549,
            "name": "강릉 메타버스 체험관",
            "final_score": 0.1224,
            "distance_from_center": 2.23
          },
          {
            "id": 37434460,
            "name": "경포 아쿠아리움",
            "final_score": 0.1727,
            "distance_from_center": 2.29
          },
          {
            "id": 1090555407,
            "name": "아르떼뮤지엄 강릉",
            "final_score": 0.3837,
            "distance_from_center": 2.29
          }
        ]
      }
    }
  ]
}