{
  "user_id": "U0462",
  "start_date": "2025-12-05",
  "start_weekday": "금",
  "duration_days": 1,
  "budget": 200000,
  "num_clusters": 1,
  "clustering_method": "greedy_score_based_with_store_hours",
  "seed_strategy": "highest_score_only",
  "max_cluster_radius_km": 6,
  "min_places_per_category": 7,
  "places_per_category": 15,
  "Accommodation": null,
  "clusters": [
    {
      "cluster_id": 0,
      "date": "2025-12-05",
      "weekday": "금",
      "seed_category": "Cafe",
      "seed_place": {
        "id": 1900553385,
        "name": "바우카페",
        "final_score": 0.578
      },
      "center_lat": 37.868183,
      "center_lng": 128.846522,
      "categories": {
        "Cafe": [
          {
            "id": 1900553385,
            "name": "바우카페",
            "final_score": 0.578,
            "distance_from_center": 0.0
          },
          {
            "id": 15373350,
            "name": "브라질",
            "final_score": 0.4971,
            "distance_from_center": 0.02
          },
          {
            "id": 1839133695,
            "name": "빵을쇼핑하다빵명가치아바타CIABATTA",
            "final_score": 0.3359,
            "distance_from_center": 0.17
          },
          {
            "id": 1009179914,
            "name": "갈매기다방",
            "final_score": 0.4685,
            "distance_from_center": 0.39
          },
          {
            "id": 1876301121,
            "name": "포르토포레스트하우스",
            "final_score": 0.4211,
            "distance_from_center": 0.53
          },
          {
            "id": 11682971,
            "name": "보헤미안박이추커피본점",
            "final_score": 0.3932,
            "distance_from_center": 0.53
          },
          {
            "id": 1249217189,
            "name": "오드커피",
            "final_score": 0.4134,
            "distance_from_center": 1.6
          },
          {
            "id": 1147229173,
            "name": "도깨비젤라또",
            "final_score": 0.301,
            "distance_from_center": 1.68
          },
          {
            "id": 1169844332,
            "name": "스타벅스 강릉주문진점",
            "final_score": 0.459,
            "distance_from_center": 1.96
          },
          {
            "id": 1777557364,
            "name": "크림하우스",
            "final_score": 0.4352,
            "distance_from_center": 2.34
          },
          {
            "id": 1543529590,
            "name": "카페제니엘 주문진점",
            "final_score": 0.3251,
            "distance_from_center": 3.11
          },
          {
            "id": 1543529590,
            "name": "카페제니엘 주문진점",
            "final_score": 0.3251,
            "distance_from_center": 3.11
          },
          {
            "id": 1266299794,
            "name": "해옫 강릉",
            "final_score": 0.4016,
            "distance_from_center": 3.23
          },
          {
            "id": 2017141901,
            "name": "에브리데이크",
            "final_score": 0.3983,
            "distance_from_center": 3.32
          },
          {
            "id": 1396977535,
            "name": "소돌엔 등대점",
            "final_score": 0.4226,
            "distance_from_center": 3.52
          }
        ],
        "Restaurant": [
          {
            "id": 15705872,
            "name": "홍질목",
            "final_score": 0.141,
            "distance_from_center": 0.55
          },
          {
            "id": 1140539859,
            "name": "Miss한우",
            "final_score": 0.2355,
            "distance_from_center": 0.71
          },
          {
            "id": 1043586683,
            "name": "내촌옥",
            "final_score": 0.3596,
            "distance_from_center": 0.72
          },
          {
            "id": 1229266906,
            "name": "달구지막창 주문진점",
            "final_score": 0.2266,
            "distance_from_center": 0.72
          },
          {
            "id": 1843519259,
            "name": "영진보리밥쌈밥",
            "final_score": 0.27,
            "distance_from_center": 0.72
          },
          {
            "id": 1167311952,
            "name": "메밀애감자",
            "final_score": 0.3186,
            "distance_from_center": 0.73
          },
          {
            "id": 15372694,
            "name": "부영식당",
            "final_score": 0.1782,
            "distance_from_center": 1.15
          },
          {
            "id": 1497296016,
            "name": "북강릉진국설렁탕",
            "final_score": 0.3874,
            "distance_from_center": 1.27
          },
          {
            "id": 15372688,
            "name": "연곡이모네",
            "final_score": 0.4047,
            "distance_from_center": 1.28
          },
          {
            "id": 1316825170,
            "name": "믿음식당",
            "final_score": 0.2437,
            "distance_from_center": 1.3
          },
          {
            "id": 15373710,
            "name": "연곡면옥",
            "final_score": 0.073,
            "distance_from_center": 1.41
          },
          {
            "id": 15360393,
            "name": "현자네해물촌",
            "final_score": 0.3174,
            "distance_from_center": 1.45
          },
          {
            "id": 1691801657,
            "name": "참고맙소",
            "final_score": 0.2033,
            "distance_from_center": 1.46
          },
          {
            "id": 15372699,
            "name": "금강식당",
            "final_score": 0.1621,
            "distance_from_center": 1.51
          },
          {
            "id": 15372721,
            "name": "본가동해막국수",
            "final_score": 0.2431,
            "distance_from_center": 1.63
          }
        ],
        "Attraction": [
          {
            "id": 13491150,
            "name": "영진해변",
            "final_score": 0.3681,
            "distance_from_center": 0.1
          },
          {
            "id": 20054445,
            "name": "영진항",
            "final_score": 0.3259,
            "distance_from_center": 0.14
          },
          {
            "id": 13444336,
            "name": "연곡해변",
            "final_score": 0.4246,
            "distance_from_center": 1.04
          },
          {
            "id": 13490946,
            "name": "주문진항",
            "final_score": 0.4513,
            "distance_from_center": 2.61
          },
          {
            "id": 1848252796,
            "name": "강릉아기동물농장",
            "final_score": 0.2089,
            "distance_from_center": 2.75
          },
          {
            "id": 1600054868,
            "name": "해피아워크루즈",
            "final_score": 0.2668,
            "distance_from_center": 2.85
          },
          {
            "id": 34818378,
            "name": "주문진해양박물관",
            "final_score": 0.1878,
            "distance_from_center": 3.0
          },
          {
            "id": 1261782152,
            "name": "호린파크(경포대허브농장)",
            "final_score": 0.2995,
            "distance_from_center": 3.12
          },
          {
            "id": 20059236,
            "name": "주문리마을",
            "final_score": 0.1725,
            "distance_from_center": 3.23
          },
          {
            "id": 1800696554,
            "name": "하평해변(강릉)",
            "final_score": 0.3799,
            "distance_from_center": 3.36
          },
          {
            "id": 20054507,
            "name": "주문진 등대",
            "final_score": 0.3259,
            "distance_from_center": 3.46
          },
          {
            "id": 1117620826,
            "name": "뒷뜨루관광농원",
            "final_score": 0.3544,
            "distance_from_center": 3.74
          },
          {
            "id": 15704900,
            "name": "사천진해변(사천뒷불해수욕장)",
            "final_score": 0.2942,
            "distance_from_center": 3.92
          },
          {
            "id": 19501415,
            "name": "소돌아들바위공원",
            "final_score": 0.2695,
            "distance_from_center": 4.46
          },
          {
            "id": 13491657,
            "name": "소돌해수욕장",
            "final_score": 0.3663,
            "distance_from_center": 4.56
          }
        ]
      }
    }
  ]
}