{
  "user_id": "U0474",
  "start_date": "2025-07-04",
  "start_weekday": "금",
  "duration_days": 5,
  "budget": 2200000,
  "num_clusters": 5,
  "clustering_method": "greedy_score_based_with_store_hours",
  "seed_strategy": "highest_score_only",
  "max_cluster_radius_km": 6,
  "min_places_per_category": 7,
  "places_per_category": 15,
  "Accommodation": 1000108328,
  "clusters": [
    {
      "cluster_id": 0,
      "date": "2025-07-04",
      "weekday": "금",
      "seed_category": "Restaurant",
      "seed_place": {
        "id": 15338377,
        "name": "반상먹거리",
        "final_score": 0.624
      },
      "center_lat": 37.745985,
      "center_lng": 128.902393,
      "categories": {
        "Cafe": [
          {
            "id": 1682187275,
            "name": "카페 정화",
            "final_score": 0.3833,
            "distance_from_center": 0.09
          },
          {
            "id": 1426989487,
            "name": "안다미로",
            "final_score": 0.4285,
            "distance_from_center": 0.33
          },
          {
            "id": 1246478918,
            "name": "중화짬뽕빵",
            "final_score": 0.3813,
            "distance_from_center": 0.84
          },
          {
            "id": 1669842519,
            "name": "오버웨잇 강릉본점",
            "final_score": 0.3305,
            "distance_from_center": 0.86
          },
          {
            "id": 1355852682,
            "name": "젤라또마켓 순두부젤라또",
            "final_score": 0.4243,
            "distance_from_center": 0.86
          },
          {
            "id": 1689574654,
            "name": "굴리아케이크",
            "final_score": 0.2759,
            "distance_from_center": 0.88
          },
          {
            "id": 1202298255,
            "name": "팡파미유 중앙시장점",
            "final_score": 0.2443,
            "distance_from_center": 0.89
          },
          {
            "id": 1683765421,
            "name": "타임슬립",
            "final_score": 0.3589,
            "distance_from_center": 0.91
          },
          {
            "id": 1697573959,
            "name": "강릉커피콩빵 강릉당 중앙시장점",
            "final_score": 0.3125,
            "distance_from_center": 0.91
          },
          {
            "id": 1325516945,
            "name": "카페 오뉴월",
            "final_score": 0.4231,
            "distance_from_center": 0.95
          },
          {
            "id": 1318617687,
            "name": "강릉이래요",
            "final_score": 0.232,
            "distance_from_center": 0.95
          },
          {
            "id": 35256483,
            "name": "설빙 강릉대학로점",
            "final_score": 0.504,
            "distance_from_center": 0.95
          },
          {
            "id": 2031533892,
            "name": "글루크",
            "final_score": 0.277,
            "distance_from_center": 0.96
          },
          {
            "id": 1517734190,
            "name": "강원옥찹쌀떡 중앙시장점",
            "final_score": 0.4415,
            "distance_from_center": 0.96
          },
          {
            "id": 38345396,
            "name": "지베이스",
            "final_score": 0.4187,
            "distance_from_center": 0.96
          }
        ],
        "Restaurant": [
          {
            "id": 15338377,
            "name": "반상먹거리",
            "final_score": 0.624,
            "distance_from_center": 0.0
          },
          {
            "id": 1515512501,
            "name": "임계메밀부치기",
            "final_score": 0.3891,
            "distance_from_center": 0.15
          },
          {
            "id": 127087250,
            "name": "유광회관1호점",
            "final_score": 0.4662,
            "distance_from_center": 0.36
          },
          {
            "id": 32185195,
            "name": "성원닭내장",
            "final_score": 0.255,
            "distance_from_center": 0.4
          },
          {
            "id": 1236919265,
            "name": "고깃집",
            "final_score": 0.5636,
            "distance_from_center": 0.45
          },
          {
            "id": 1410871338,
            "name": "잠수교수제갈비",
            "final_score": 0.5422,
            "distance_from_center": 0.47
          },
          {
            "id": 1698706278,
            "name": "미래먹거리",
            "final_score": 0.1845,
            "distance_from_center": 0.47
          },
          {
            "id": 21734984,
            "name": "어야네",
            "final_score": 0.2647,
            "distance_from_center": 0.48
          },
          {
            "id": 1679108075,
            "name": "만나옹심이손칼국수",
            "final_score": 0.5019,
            "distance_from_center": 0.49
          },
          {
            "id": 20322986,
            "name": "우미관 강릉본점",
            "final_score": 0.422,
            "distance_from_center": 0.49
          },
          {
            "id": 15337939,
            "name": "안땔골식당",
            "final_score": 0.2183,
            "distance_from_center": 0.5
          },
          {
            "id": 15338842,
            "name": "빙고주막",
            "final_score": 0.3936,
            "distance_from_center": 0.51
          },
          {
            "id": 1642640928,
            "name": "질가집",
            "final_score": 0.59,
            "distance_from_center": 0.53
          },
          {
            "id": 1261902989,
            "name": "달구지막창 강릉1호점",
            "final_score": 0.5229,
            "distance_from_center": 0.54
          },
          {
            "id": 15338997,
            "name": "보배골",
            "final_score": 0.5668,
            "distance_from_center": 0.55
          }
        ],
        "Attraction": [
          {
            "id": 11592129,
            "name": "강릉교육문화관",
            "final_score": 0.275,
            "distance_from_center": 0.22
          },
          {
            "id": 35188457,
            "name": "애니멀스토리",
            "final_score": 0.2084,
            "distance_from_center": 0.37
          },
          {
            "id": 12955259,
            "name": "단오타운전시관",
            "final_score": 0.2179,
            "distance_from_center": 0.69
          },
          {
            "id": 15693581,
            "name": "강릉 남산공원",
            "final_score": 0.179,
            "distance_from_center": 0.82
          },
          {
            "id": 13345873,
            "name": "강릉 중앙시장",
            "final_score": 0.3718,
            "distance_from_center": 0.95
          },
          {
            "id": 1249952785,
            "name": "강릉 명주동 거리",
            "final_score": 0.4383,
            "distance_from_center": 1.03
          },
          {
            "id": 38623679,
            "name": "명주예술마당",
            "final_score": 0.1993,
            "distance_from_center": 1.17
          },
          {
            "id": 1287320440,
            "name": "강릉 월화거리",
            "final_score": 0.2269,
            "distance_from_center": 1.19
          },
          {
            "id": 15685783,
            "name": "강릉 대도호부 관아",
            "final_score": 0.2826,
            "distance_from_center": 1.21
          },
          {
            "id": 749351147,
            "name": "강릉 임영관 삼문",
            "final_score": 0.1274,
            "distance_from_center": 1.23
          },
          {
            "id": 13345877,
            "name": "강릉 서부시장",
            "final_score": 0.2229,
            "distance_from_center": 1.43
          },
          {
            "id": 1357865119,
            "name": "고래책방",
            "final_score": 0.3789,
            "distance_from_center": 1.44
          },
          {
            "id": 13345874,
            "name": "강릉 동부시장",
            "final_score": 0.0,
            "distance_from_center": 1.55
          },
          {
            "id": 37090227,
            "name": "버드나무 브루어리",
            "final_score": 0.3498,
            "distance_from_center": 1.6
          },
          {
            "id": 12762639,
            "name": "강릉시립미술관 교동",
            "final_score": 0.3193,
            "distance_from_center": 1.92
          }
        ]
      }
    },
    {
      "cluster_id": 1,
      "date": "2025-07-05",
      "weekday": "토",
      "seed_category": "Restaurant",
      "seed_place": {
        "id": 1051463715,
        "name": "산마루쌈밥",
        "final_score": 0.6166
      },
      "center_lat": 37.881811,
      "center_lng": 128.826751,
      "categories": {
        "Cafe": [
          {
            "id": 1169844332,
            "name": "스타벅스 강릉주문진점",
            "final_score": 0.3266,
            "distance_from_center": 0.42
          },
          {
            "id": 1147229173,
            "name": "도깨비젤라또",
            "final_score": 0.2444,
            "distance_from_center": 0.67
          },
          {
            "id": 1249217189,
            "name": "오드커피",
            "final_score": 0.341,
            "distance_from_center": 0.73
          },
          {
            "id": 1266299794,
            "name": "해옫 강릉",
            "final_score": 0.4944,
            "distance_from_center": 1.22
          },
          {
            "id": 2017141901,
            "name": "에브리데이크",
            "final_score": 0.3733,
            "distance_from_center": 1.49
          },
          {
            "id": 1543529590,
            "name": "카페제니엘 주문진점",
            "final_score": 0.2807,
            "distance_from_center": 1.53
          },
          {
            "id": 1543529590,
            "name": "카페제니엘 주문진점",
            "final_score": 0.2807,
            "distance_from_center": 1.53
          },
          {
            "id": 1876301121,
            "name": "포르토포레스트하우스",
            "final_score": 0.4974,
            "distance_from_center": 1.78
          },
          {
            "id": 1396977535,
            "name": "소돌엔 등대점",
            "final_score": 0.2088,
            "distance_from_center": 1.85
          },
          {
            "id": 1009179914,
            "name": "갈매기다방",
            "final_score": 0.4247,
            "distance_from_center": 1.92
          },
          {
            "id": 1839133695,
            "name": "빵을쇼핑하다빵명가치아바타CIABATTA",
            "final_score": 0.4076,
            "distance_from_center": 2.13
          },
          {
            "id": 15373350,
            "name": "브라질",
            "final_score": 0.3641,
            "distance_from_center": 2.28
          },
          {
            "id": 1900553385,
            "name": "바우카페",
            "final_score": 0.3905,
            "distance_from_center": 2.3
          },
          {
            "id": 11682971,
            "name": "보헤미안박이추커피본점",
            "final_score": 0.1616,
            "distance_from_center": 2.36
          },
          {
            "id": 1019347699,
            "name": "플레이스 플러스",
            "final_score": 0.3411,
            "distance_from_center": 2.36
          }
        ],
        "Restaurant": [
          {
            "id": 1051463715,
            "name": "산마루쌈밥",
            "final_score": 0.6166,
            "distance_from_center": 0.0
          },
          {
            "id": 1345031898,
            "name": "87닭강정 주문진점",
            "final_score": 0.4748,
            "distance_from_center": 0.07
          },
          {
            "id": 1805805554,
            "name": "오구피자 주문진점",
            "final_score": 0.2501,
            "distance_from_center": 0.11
          },
          {
            "id": 1947256113,
            "name": "맛드렁 집밥",
            "final_score": 0.5949,
            "distance_from_center": 0.26
          },
          {
            "id": 1138422210,
            "name": "도야족발 주문진점",
            "final_score": 0.5,
            "distance_from_center": 0.27
          },
          {
            "id": 1947436708,
            "name": "얌샘김밥 주문진점",
            "final_score": 0.4097,
            "distance_from_center": 0.28
          },
          {
            "id": 1136211401,
            "name": "삼첩분식 주문진점",
            "final_score": 0.4976,
            "distance_from_center": 0.3
          },
          {
            "id": 1240895948,
            "name": "주공면옥",
            "final_score": 0.378,
            "distance_from_center": 0.35
          },
          {
            "id": 1720905897,
            "name": "이맛에온다 본점",
            "final_score": 0.2165,
            "distance_from_center": 0.36
          },
          {
            "id": 1890450106,
            "name": "명주뜰",
            "final_score": 0.441,
            "distance_from_center": 0.39
          },
          {
            "id": 21116582,
            "name": "주문진 돈의맛",
            "final_score": 0.4992,
            "distance_from_center": 0.41
          },
          {
            "id": 1151531006,
            "name": "강냉이소쿠리",
            "final_score": 0.3785,
            "distance_from_center": 0.42
          },
          {
            "id": 1062358382,
            "name": "원영생선구이",
            "final_score": 0.4867,
            "distance_from_center": 0.42
          },
          {
            "id": 34268809,
            "name": "신리면옥 주문진점",
            "final_score": 0.2466,
            "distance_from_center": 0.45
          },
          {
            "id": 1395972978,
            "name": "산마루황태촌",
            "final_score": 0.5087,
            "distance_from_center": 0.46
          }
        ],
        "Attraction": [
          {
            "id": 13490946,
            "name": "주문진항",
            "final_score": 0.4566,
            "distance_from_center": 0.71
          },
          {
            "id": 1600054868,
            "name": "해피아워크루즈",
            "final_score": 0.1699,
            "distance_from_center": 0.88
          },
          {
            "id": 34818378,
            "name": "주문진해양박물관",
            "final_score": 0.1401,
            "distance_from_center": 1.06
          },
          {
            "id": 20059236,
            "name": "주문리마을",
            "final_score": 0.2994,
            "distance_from_center": 1.23
          },
          {
            "id": 20054507,
            "name": "주문진 등대",
            "final_score": 0.1397,
            "distance_from_center": 1.87
          },
          {
            "id": 13491150,
            "name": "영진해변",
            "final_score": 0.2474,
            "distance_from_center": 2.21
          },
          {
            "id": 20054445,
            "name": "영진항",
            "final_score": 0.1987,
            "distance_from_center": 2.44
          },
          {
            "id": 19501415,
            "name": "소돌아들바위공원",
            "final_score": 0.1002,
            "distance_from_center": 2.68
          },
          {
            "id": 13491657,
            "name": "소돌해수욕장",
            "final_score": 0.2559,
            "distance_from_center": 2.72
          },
          {
            "id": 13491005,
            "name": "주문진해수욕장",
            "final_score": 0.3476,
            "distance_from_center": 3.28
          },
          {
            "id": 13444336,
            "name": "연곡해변",
            "final_score": 0.2293,
            "distance_from_center": 3.3
          },
          {
            "id": 15698326,
            "name": "향호해변",
            "final_score": 0.112,
            "distance_from_center": 3.39
          },
          {
            "id": 1154013651,
            "name": "주문진bts",
            "final_score": 0.11,
            "distance_from_center": 3.52
          },
          {
            "id": 12390002,
            "name": "강릉 복사꽃마을",
            "final_score": 0.23,
            "distance_from_center": 4.34
          },
          {
            "id": 1848252796,
            "name": "강릉아기동물농장",
            "final_score": 0.3371,
            "distance_from_center": 4.97
          }
        ]
      }
    },
    {
      "cluster_id": 2,
      "date": "2025-07-06",
      "weekday": "일",
      "seed_category": "Restaurant",
      "seed_place": {
        "id": 1463097899,
        "name": "얌샘김밥 강릉유천점",
        "final_score": 0.6153
      },
      "center_lat": 37.756845,
      "center_lng": 128.870044,
      "categories": {
        "Cafe": [
          {
            "id": 263503029,
            "name": "어썸",
            "final_score": 0.5016,
            "distance_from_center": 0.11
          },
          {
            "id": 1633456108,
            "name": "투썸플레이스 유천지구점",
            "final_score": 0.3894,
            "distance_from_center": 0.39
          },
          {
            "id": 1546169801,
            "name": "강릉그림카페",
            "final_score": 0.2944,
            "distance_from_center": 0.4
          },
          {
            "id": 1442771903,
            "name": "가디",
            "final_score": 0.3957,
            "distance_from_center": 0.44
          },
          {
            "id": 38482509,
            "name": "52블럭",
            "final_score": 0.3401,
            "distance_from_center": 0.83
          },
          {
            "id": 36767042,
            "name": "크리스피크림도넛 강릉교동점",
            "final_score": 0.1631,
            "distance_from_center": 0.98
          },
          {
            "id": 1106082140,
            "name": "아이즈 로스터리 홍제동 본점",
            "final_score": 0.3769,
            "distance_from_center": 0.98
          },
          {
            "id": 1526759655,
            "name": "텐퍼센트커피 강릉교동택지점",
            "final_score": 0.4658,
            "distance_from_center": 0.99
          },
          {
            "id": 1605447318,
            "name": "젤라또까사",
            "final_score": 0.4856,
            "distance_from_center": 1.01
          },
          {
            "id": 1459760339,
            "name": "스타벅스 강릉교동광장점",
            "final_score": 0.3088,
            "distance_from_center": 1.04
          },
          {
            "id": 1352455905,
            "name": "화이트리에 강릉점",
            "final_score": 0.2602,
            "distance_from_center": 1.07
          },
          {
            "id": 1215792352,
            "name": "던킨 강릉교동점",
            "final_score": 0.4989,
            "distance_from_center": 1.07
          },
          {
            "id": 1500318606,
            "name": "버떠",
            "final_score": 0.502,
            "distance_from_center": 1.11
          },
          {
            "id": 1174448798,
            "name": "스타벅스 강릉IC DT점",
            "final_score": 0.4624,
            "distance_from_center": 1.14
          },
          {
            "id": 79408101,
            "name": "이디야커피 강릉교동택지점",
            "final_score": 0.3145,
            "distance_from_center": 1.19
          }
        ],
        "Restaurant": [
          {
            "id": 1463097899,
            "name": "얌샘김밥 강릉유천점",
            "final_score": 0.6153,
            "distance_from_center": 0.0
          },
          {
            "id": 1563178271,
            "name": "스시교코",
            "final_score": 0.5606,
            "distance_from_center": 0.04
          },
          {
            "id": 1804629499,
            "name": "유가네닭갈비 강릉유천점",
            "final_score": 0.4101,
            "distance_from_center": 0.07
          },
          {
            "id": 1921109419,
            "name": "용우동 유천점",
            "final_score": 0.4774,
            "distance_from_center": 0.12
          },
          {
            "id": 1130433840,
            "name": "국밥 참 맛있는 집 강릉유천점",
            "final_score": 0.3182,
            "distance_from_center": 0.16
          },
          {
            "id": 1436289883,
            "name": "소락",
            "final_score": 0.4905,
            "distance_from_center": 0.16
          },
          {
            "id": 1229100783,
            "name": "인성참치유천점",
            "final_score": 0.4834,
            "distance_from_center": 0.16
          },
          {
            "id": 1519233018,
            "name": "국수나무 강릉유천점",
            "final_score": 0.4326,
            "distance_from_center": 0.16
          },
          {
            "id": 1836672984,
            "name": "본죽 강릉유천점",
            "final_score": 0.4999,
            "distance_from_center": 0.18
          },
          {
            "id": 1336883142,
            "name": "스시생",
            "final_score": 0.3079,
            "distance_from_center": 0.19
          },
          {
            "id": 1740512409,
            "name": "장수루양꼬치 강릉점",
            "final_score": 0.4757,
            "distance_from_center": 0.23
          },
          {
            "id": 1243193207,
            "name": "무국적식탁",
            "final_score": 0.3738,
            "distance_from_center": 0.24
          },
          {
            "id": 1209433896,
            "name": "우리한우상회 강릉유천점",
            "final_score": 0.4603,
            "distance_from_center": 0.25
          },
          {
            "id": 1604871899,
            "name": "계륵장군 유천점",
            "final_score": 0.4871,
            "distance_from_center": 0.26
          },
          {
            "id": 1661351403,
            "name": "세미맛닭갈비",
            "final_score": 0.5049,
            "distance_from_center": 0.28
          }
        ],
        "Attraction": [
          {
            "id": 11535675,
            "name": "강릉문화원",
            "final_score": 0.2875,
            "distance_from_center": 0.4
          },
          {
            "id": 2062786512,
            "name": "강릉시립미술관 솔올",
            "final_score": 0.1845,
            "distance_from_center": 0.87
          },
          {
            "id": 1775014582,
            "name": "리고엠",
            "final_score": 0.3181,
            "distance_from_center": 1.02
          },
          {
            "id": 21824426,
            "name": "강릉원주대학교 박물관",
            "final_score": 0.2918,
            "distance_from_center": 1.54
          },
          {
            "id": 1412053208,
            "name": "처음처럼&새로 브랜드 체험관",
            "final_score": 0.1815,
            "distance_from_center": 1.79
          },
          {
            "id": 11663849,
            "name": "강릉향교",
            "final_score": 0.1668,
            "distance_from_center": 2.34
          },
          {
            "id": 19832807,
            "name": "강릉자수박물관",
            "final_score": 0.0128,
            "distance_from_center": 2.52
          },
          {
            "id": 11620702,
            "name": "강릉 오죽헌·시립박물관",
            "final_score": 0.3023,
            "distance_from_center": 2.63
          },
          {
            "id": 1550291849,
            "name": "강릉아트센터",
            "final_score": 0.1783,
            "distance_from_center": 2.78
          },
          {
            "id": 1346656418,
            "name": "경포생태저류지",
            "final_score": 0.0968,
            "distance_from_center": 2.78
          },
          {
            "id": 37081677,
            "name": "수상한마법학교",
            "final_score": 0.1776,
            "distance_from_center": 3.04
          },
          {
            "id": 1211834959,
            "name": "강릉올림픽뮤지엄",
            "final_score": 0.1714,
            "distance_from_center": 3.45
          },
          {
            "id": 1300520912,
            "name": "르꼬따쥬",
            "final_score": 0.2953,
            "distance_from_center": 3.45
          },
          {
            "id": 11687693,
            "name": "강릉 선교장",
            "final_score": 0.1719,
            "distance_from_center": 3.56
          },
          {
            "id": 20066249,
            "name": "강릉 수리골 고택",
            "final_score": 0.3855,
            "distance_from_center": 3.75
          }
        ]
      }
    },
    {
      "cluster_id": 3,
      "date": "2025-07-07",
      "weekday": "월",
      "seed_category": "Restaurant",
      "seed_place": {
        "id": 1254874929,
        "name": "양마니명동찌개마을 입암점",
        "final_score": 0.6114
      },
      "center_lat": 37.75974,
      "center_lng": 128.91837,
      "categories": {
        "Cafe": [
          {
            "id": 1838131828,
            "name": "강릉카페 체크이스트",
            "final_score": 0.3883,
            "distance_from_center": 0.86
          },
          {
            "id": 66343890,
            "name": "강릉빵다방",
            "final_score": 0.4045,
            "distance_from_center": 1.03
          },
          {
            "id": 15318913,
            "name": "돔베이커리",
            "final_score": 0.3953,
            "distance_from_center": 1.2
          },
          {
            "id": 1391511090,
            "name": "삼척오란다 강릉점",
            "final_score": 0.5253,
            "distance_from_center": 1.26
          },
          {
            "id": 1891894301,
            "name": "플레이스 플러스",
            "final_score": 0.3773,
            "distance_from_center": 1.29
          },
          {
            "id": 1457952472,
            "name": "월선화",
            "final_score": 0.3854,
            "distance_from_center": 1.32
          },
          {
            "id": 2089930981,
            "name": "머뭄카페",
            "final_score": 0.4564,
            "distance_from_center": 1.33
          },
          {
            "id": 1569323095,
            "name": "비사이드그라운드",
            "final_score": 0.4295,
            "distance_from_center": 1.36
          },
          {
            "id": 1756159133,
            "name": "카페디드",
            "final_score": 0.3925,
            "distance_from_center": 1.37
          },
          {
            "id": 1830452681,
            "name": "스타벅스 강릉송정DT점",
            "final_score": 0.2568,
            "distance_from_center": 1.41
          },
          {
            "id": 1033478410,
            "name": "그다이마잇",
            "final_score": 0.4924,
            "distance_from_center": 1.41
          },
          {
            "id": 1488770728,
            "name": "도넛인사이드도넛 강릉점",
            "final_score": 0.2862,
            "distance_from_center": 1.6
          },
          {
            "id": 1182677835,
            "name": "라스텔리나",
            "final_score": 0.3668,
            "distance_from_center": 1.65
          },
          {
            "id": 1763916720,
            "name": "강릉커피콩빵 강릉당 강릉역점",
            "final_score": 0.2563,
            "distance_from_center": 1.66
          },
          {
            "id": 1656009767,
            "name": "메가MGC커피 강릉역점",
            "final_score": 0.2654,
            "distance_from_center": 1.66
          }
        ],
        "Restaurant": [
          {
            "id": 1254874929,
            "name": "양마니명동찌개마을 입암점",
            "final_score": 0.6114,
            "distance_from_center": 0.0
          },
          {
            "id": 15344509,
            "name": "춘천명동닭갈비",
            "final_score": 0.2937,
            "distance_from_center": 0.04
          },
          {
            "id": 15344738,
            "name": "주희네의정부부대찌개",
            "final_score": 0.512,
            "distance_from_center": 0.04
          },
          {
            "id": 15345849,
            "name": "산전수전",
            "final_score": 0.5643,
            "distance_from_center": 0.07
          },
          {
            "id": 1762091362,
            "name": "스텔라떡볶이 강원강릉입암점",
            "final_score": 0.5931,
            "distance_from_center": 0.12
          },
          {
            "id": 36258263,
            "name": "요로코비",
            "final_score": 0.4965,
            "distance_from_center": 0.13
          },
          {
            "id": 1310944050,
            "name": "샤브향 강릉입암점",
            "final_score": 0.5355,
            "distance_from_center": 0.16
          },
          {
            "id": 1972829280,
            "name": "근덕이삼척꽈배기 강릉입암점",
            "final_score": 0.4764,
            "distance_from_center": 0.2
          },
          {
            "id": 15345030,
            "name": "24시기가막힌감자탕",
            "final_score": 0.5796,
            "distance_from_center": 0.2
          },
          {
            "id": 1104583803,
            "name": "오산조은참치 강릉입암점",
            "final_score": 0.4929,
            "distance_from_center": 0.32
          },
          {
            "id": 15349585,
            "name": "성산면옥",
            "final_score": 0.4239,
            "distance_from_center": 0.35
          },
          {
            "id": 1441879525,
            "name": "꼬김꼬김",
            "final_score": 0.5252,
            "distance_from_center": 0.36
          },
          {
            "id": 1951084871,
            "name": "이밤동먹거리",
            "final_score": 0.5172,
            "distance_from_center": 0.38
          },
          {
            "id": 1109196561,
            "name": "녹원삼겹살데이",
            "final_score": 0.497,
            "distance_from_center": 0.44
          },
          {
            "id": 15345035,
            "name": "고향감자탕",
            "final_score": 0.519,
            "distance_from_center": 0.44
          }
        ],
        "Attraction": [
          {
            "id": 1243747688,
            "name": "병산 옹심이마을",
            "final_score": 0.159,
            "distance_from_center": 2.03
          },
          {
            "id": 32268465,
            "name": "환희컵박물관",
            "final_score": 0.2107,
            "distance_from_center": 2.73
          },
          {
            "id": 20065935,
            "name": "송정해변",
            "final_score": 0.2192,
            "distance_from_center": 2.81
          },
          {
            "id": 939463951,
            "name": "강릉 안목해맞이공원",
            "final_score": 0.3245,
            "distance_from_center": 2.86
          },
          {
            "id": 20947876,
            "name": "강릉커피거리",
            "final_score": 0.1796,
            "distance_from_center": 2.92
          },
          {
            "id": 13491906,
            "name": "안목해변",
            "final_score": 0.3235,
            "distance_from_center": 2.92
          },
          {
            "id": 32777223,
            "name": "자연아놀자 체험학습박물관",
            "final_score": 0.1147,
            "distance_from_center": 3.12
          },
          {
            "id": 13491444,
            "name": "남항진해변",
            "final_score": 0.1103,
            "distance_from_center": 3.2
          },
          {
            "id": 15692195,
            "name": "강릉항",
            "final_score": 0.1536,
            "distance_from_center": 3.21
          },
          {
            "id": 1881857549,
            "name": "강릉 메타버스 체험관",
            "final_score": 0.1676,
            "distance_from_center": 3.31
          },
          {
            "id": 37434460,
            "name": "경포 아쿠아리움",
            "final_score": 0.1491,
            "distance_from_center": 3.5
          },
          {
            "id": 1090555407,
            "name": "아르떼뮤지엄 강릉",
            "final_score": 0.2001,
            "distance_from_center": 3.5
          },
          {
            "id": 1112785467,
            "name": "런닝맨 강릉점",
            "final_score": 0.2435,
            "distance_from_center": 3.5
          },
          {
            "id": 1130774967,
            "name": "허균·허난설헌 기념공원",
            "final_score": 0.2461,
            "distance_from_center": 3.64
          },
          {
            "id": 20066218,
            "name": "허난설헌 생가터",
            "final_score": 0.2212,
            "distance_from_center": 3.66
          }
        ]
      }
    },
    {
      "cluster_id": 4,
      "date": "2025-07-08",
      "weekday": "화",
      "seed_category": "Restaurant",
      "seed_place": {
        "id": 15318709,
        "name": "남매식당",
        "final_score": 0.6051
      },
      "center_lat": 37.763048,
      "center_lng": 128.907652,
      "categories": {
        "Cafe": [
          {
            "id": 1671795817,
            "name": "알뜨",
            "final_score": 0.4136,
            "distance_from_center": 0.69
          },
          {
            "id": 1331157860,
            "name": "이스트 베이커리",
            "final_score": 0.4885,
            "distance_from_center": 0.92
          },
          {
            "id": 2017317134,
            "name": "상록당",
            "final_score": 0.3425,
            "distance_from_center": 1.1
          },
          {
            "id": 1001417136,
            "name": "리도커피",
            "final_score": 0.4812,
            "distance_from_center": 1.15
          },
          {
            "id": 1277825412,
            "name": "바스투체어",
            "final_score": 0.3862,
            "distance_from_center": 1.15
          },
          {
            "id": 1019654977,
            "name": "희게",
            "final_score": 0.5705,
            "distance_from_center": 1.16
          },
          {
            "id": 1578033962,
            "name": "이로이로스모모",
            "final_score": 0.3924,
            "distance_from_center": 1.17
          },
          {
            "id": 1547896837,
            "name": "솔방울제과점",
            "final_score": 0.3433,
            "distance_from_center": 1.18
          },
          {
            "id": 1659347323,
            "name": "강릉샌드",
            "final_score": 0.426,
            "distance_from_center": 1.19
          },
          {
            "id": 1962975056,
            "name": "마카모예 베이글바",
            "final_score": 0.358,
            "distance_from_center": 1.19
          },
          {
            "id": 1526049518,
            "name": "커피러버스",
            "final_score": 0.2742,
            "distance_from_center": 1.23
          },
          {
            "id": 1575948320,
            "name": "크림블랑",
            "final_score": 0.2007,
            "distance_from_center": 1.27
          },
          {
            "id": 1099817979,
            "name": "달콤하잉",
            "final_score": 0.3781,
            "distance_from_center": 1.3
          },
          {
            "id": 1737820343,
            "name": "고메코나베이커리",
            "final_score": 0.355,
            "distance_from_center": 1.33
          },
          {
            "id": 2013389102,
            "name": "크레마코스타 중앙시장점",
            "final_score": 0.4334,
            "distance_from_center": 1.33
          }
        ],
        "Restaurant": [
          {
            "id": 15318709,
            "name": "남매식당",
            "final_score": 0.6051,
            "distance_from_center": 0.0
          },
          {
            "id": 1293869986,
            "name": "부영메밀전",
            "final_score": 0.4828,
            "distance_from_center": 0.03
          },
          {
            "id": 1202584889,
            "name": "캠핑식당 용지각길56",
            "final_score": 0.3331,
            "distance_from_center": 0.11
          },
          {
            "id": 333675733,
            "name": "보글이식당",
            "final_score": 0.5809,
            "distance_from_center": 0.13
          },
          {
            "id": 11596944,
            "name": "일조일석감자탕",
            "final_score": 0.4057,
            "distance_from_center": 0.14
          },
          {
            "id": 1977006302,
            "name": "강릉닭개장",
            "final_score": 0.4692,
            "distance_from_center": 0.16
          },
          {
            "id": 1573050586,
            "name": "기와집흑염소",
            "final_score": 0.4356,
            "distance_from_center": 0.16
          },
          {
            "id": 15315326,
            "name": "삼원손칼국수",
            "final_score": 0.357,
            "distance_from_center": 0.16
          },
          {
            "id": 37779067,
            "name": "부연동백숙",
            "final_score": 0.2937,
            "distance_from_center": 0.18
          },
          {
            "id": 1606609541,
            "name": "강릉파스타 아스따",
            "final_score": 0.5004,
            "distance_from_center": 0.21
          },
          {
            "id": 1295036356,
            "name": "황가네막국수냉면",
            "final_score": 0.4049,
            "distance_from_center": 0.22
          },
          {
            "id": 15322327,
            "name": "포남사골옹심이",
            "final_score": 0.509,
            "distance_from_center": 0.22
          },
          {
            "id": 1281025784,
            "name": "라온네돌판집",
            "final_score": 0.3501,
            "distance_from_center": 0.22
          },
          {
            "id": 1100806567,
            "name": "감동육개장",
            "final_score": 0.5675,
            "distance_from_center": 0.24
          },
          {
            "id": 1552987348,
            "name": "또래오래 포남입암점",
            "final_score": 0.3612,
            "distance_from_center": 0.25
          }
        ],
        "Attraction": [
          {
            "id": 31044854,
            "name": "경포가시연습지",
            "final_score": 0.1584,
            "distance_from_center": 3.04
          },
          {
            "id": 1542622512,
            "name": "원더스카이",
            "final_score": 0.1295,
            "distance_from_center": 3.5
          },
          {
            "id": 31506191,
            "name": "초당순두부마을",
            "final_score": 0.4205,
            "distance_from_center": 3.57
          },
          {
            "id": 13491183,
            "name": "강문해변",
            "final_score": 0.2355,
            "distance_from_center": 3.68
          },
          {
            "id": 1675156043,
            "name": "강릉 경포대",
            "final_score": 0.3052,
            "distance_from_center": 3.75
          },
          {
            "id": 13491109,
            "name": "경포호",
            "final_score": 0.141,
            "distance_from_center": 3.75
          },
          {
            "id": 472414455,
            "name": "경포호수광장",
            "final_score": 0.1571,
            "distance_from_center": 3.87
          },
          {
            "id": 1063021154,
            "name": "경포플라워가든",
            "final_score": 0.1281,
            "distance_from_center": 3.89
          },
          {
            "id": 12409858,
            "name": "참소리에디슨손성목영화박물관",
            "final_score": 0.1068,
            "distance_from_center": 3.97
          },
          {
            "id": 1940124735,
            "name": "강문솟대다리",
            "final_score": 0.284,
            "distance_from_center": 3.97
          },
          {
            "id": 13300191,
            "name": "경포도립공원",
            "final_score": 0.2267,
            "distance_from_center": 4.42
          },
          {
            "id": 12079976,
            "name": "경포해수욕장",
            "final_score": 0.3251,
            "distance_from_center": 4.76
          },
          {
            "id": 13126966,
            "name": "풍호마을",
            "final_score": 0.056,
            "distance_from_center": 4.94
          },
          {
            "id": 15371716,
            "name": "사근진해변",
            "final_score": 0.2668,
            "distance_from_center": 5.58
          },
          {
            "id": 1338629806,
            "name": "사근진해중공원 전망대",
            "final_score": 0.0832,
            "distance_from_center": 5.58
          }
        ]
      }
    }
  ]
}