{
  "user_id": "U0481",
  "start_date": "2025-01-25",
  "start_weekday": "토",
  "duration_days": 1,
  "budget": 400000,
  "num_clusters": 1,
  "clustering_method": "greedy_score_based_with_store_hours",
  "seed_strategy": "highest_score_only",
  "max_cluster_radius_km": 6,
  "min_places_per_category": 7,
  "places_per_category": 15,
  "Accommodation": null,
  "clusters": [
    {
      "cluster_id": 0,
      "date": "2025-01-25",
      "weekday": "토",
      "seed_category": "Restaurant",
      "seed_place": {
        "id": 35828643,
        "name": "초당송도불향쭈꾸미 본점",
        "final_score": 0.4998
      },
      "center_lat": 37.788257,
      "center_lng": 128.91393,
      "categories": {
        "Cafe": [
          {
            "id": 1209837360,
            "name": "초당고래로스팅카페",
            "final_score": 0.3005,
            "distance_from_center": 0.05
          },
          {
            "id": 1621771668,
            "name": "카페 초당순 강릉본점",
            "final_score": 0.2197,
            "distance_from_center": 0.05
          },
          {
            "id": 1974801379,
            "name": "카페콥스",
            "final_score": 0.1763,
            "distance_from_center": 0.05
          },
          {
            "id": 1405929814,
            "name": "초당커피정미소 본점",
            "final_score": 0.1877,
            "distance_from_center": 0.11
          },
          {
            "id": 1834719170,
            "name": "초당소금빵",
            "final_score": 0.1394,
            "distance_from_center": 0.14
          },
          {
            "id": 1959930841,
            "name": "강릉 미어지게",
            "final_score": 0.1881,
            "distance_from_center": 0.15
          },
          {
            "id": 1794472949,
            "name": "에브리모먼트커피",
            "final_score": 0.1043,
            "distance_from_center": 0.23
          },
          {
            "id": 1994587010,
            "name": "말차로",
            "final_score": 0.2488,
            "distance_from_center": 0.3
          },
          {
            "id": 1037671264,
            "name": "카페동화",
            "final_score": 0.2594,
            "distance_from_center": 0.33
          },
          {
            "id": 1492455872,
            "name": "카페기와",
            "final_score": 0.1412,
            "distance_from_center": 0.33
          },
          {
            "id": 1995634579,
            "name": "강릉 초당찰떡",
            "final_score": 0.227,
            "distance_from_center": 0.36
          },
          {
            "id": 1046848158,
            "name": "초당커피",
            "final_score": 0.3318,
            "distance_from_center": 0.36
          },
          {
            "id": 1195768568,
            "name": "플레이스 플러스",
            "final_score": 0.2747,
            "distance_from_center": 0.38
          },
          {
            "id": 1265990790,
            "name": "애프터 이미지",
            "final_score": 0.193,
            "distance_from_center": 0.41
          },
          {
            "id": 1087262116,
            "name": "강원옥 찹쌀떡",
            "final_score": 0.3065,
            "distance_from_center": 0.42
          }
        ],
        "Restaurant": [
          {
            "id": 35828643,
            "name": "초당송도불향쭈꾸미 본점",
            "final_score": 0.4998,
            "distance_from_center": 0.0
          },
          {
            "id": 33152153,
            "name": "초당토박이할머니순두부",
            "final_score": 0.1055,
            "distance_from_center": 0.04
          },
          {
            "id": 2094272054,
            "name": "강릉짬뽕순두부마법사",
            "final_score": 0.2469,
            "distance_from_center": 0.05
          },
          {
            "id": 1632217656,
            "name": "메시56",
            "final_score": 0.1568,
            "distance_from_center": 0.06
          },
          {
            "id": 1265044520,
            "name": "그옛날초당순두부",
            "final_score": 0.1482,
            "distance_from_center": 0.06
          },
          {
            "id": 1653763172,
            "name": "뉴솔향초당순두부",
            "final_score": 0.127,
            "distance_from_center": 0.16
          },
          {
            "id": 1453209507,
            "name": "산마루황태촌 초당직영점",
            "final_score": 0.3711,
            "distance_from_center": 0.17
          },
          {
            "id": 1292073957,
            "name": "초당명가 짬뽕순두부",
            "final_score": 0.3165,
            "distance_from_center": 0.19
          },
          {
            "id": 1359335955,
            "name": "초당민들레",
            "final_score": 0.2276,
            "distance_from_center": 0.19
          },
          {
            "id": 1951460203,
            "name": "은대봉",
            "final_score": 0.1586,
            "distance_from_center": 0.2
          },
          {
            "id": 37698425,
            "name": "메밀향기",
            "final_score": 0.2886,
            "distance_from_center": 0.21
          },
          {
            "id": 631054551,
            "name": "강릉 낭만게장&백숙",
            "final_score": 0.2417,
            "distance_from_center": 0.24
          },
          {
            "id": 32039146,
            "name": "부일손칼국수",
            "final_score": 0.1447,
            "distance_from_center": 0.26
          },
          {
            "id": 1042880745,
            "name": "초당가국수",
            "final_score": 0.3605,
            "distance_from_center": 0.27
          },
          {
            "id": 13052149,
            "name": "정은숙초당순두부",
            "final_score": 0.2945,
            "distance_from_center": 0.32
          }
        ],
        "Attraction": [
          {
            "id": 1130774967,
            "name": "허균·허난설헌 기념공원",
            "final_score": 0.1016,
            "distance_from_center": 0.54
          },
          {
            "id": 20066218,
            "name": "허난설헌 생가터",
            "final_score": 0.0975,
            "distance_from_center": 0.55
          },
          {
            "id": 37434460,
            "name": "경포 아쿠아리움",
            "final_score": 0.0999,
            "distance_from_center": 0.57
          },
          {
            "id": 1090555407,
            "name": "아르떼뮤지엄 강릉",
            "final_score": 0.0354,
            "distance_from_center": 0.57
          },
          {
            "id": 1542622512,
            "name": "원더스카이",
            "final_score": 0.0033,
            "distance_from_center": 0.64
          },
          {
            "id": 1881857549,
            "name": "강릉 메타버스 체험관",
            "final_score": 0.0004,
            "distance_from_center": 0.65
          },
          {
            "id": 31506191,
            "name": "초당순두부마을",
            "final_score": 0.2149,
            "distance_from_center": 0.71
          },
          {
            "id": 1112785467,
            "name": "런닝맨 강릉점",
            "final_score": 0.0133,
            "distance_from_center": 0.74
          },
          {
            "id": 13491183,
            "name": "강문해변",
            "final_score": 0.0135,
            "distance_from_center": 0.86
          },
          {
            "id": 32777223,
            "name": "자연아놀자 체험학습박물관",
            "final_score": 0.0049,
            "distance_from_center": 0.95
          },
          {
            "id": 472414455,
            "name": "경포호수광장",
            "final_score": 0.0463,
            "distance_from_center": 1.13
          },
          {
            "id": 1940124735,
            "name": "강문솟대다리",
            "final_score": 0.1539,
            "distance_from_center": 1.15
          },
          {
            "id": 1063021154,
            "name": "경포플라워가든",
            "final_score": 0.0854,
            "distance_from_center": 1.18
          },
          {
            "id": 31044854,
            "name": "경포가시연습지",
            "final_score": 0.0313,
            "distance_from_center": 1.35
          },
          {
            "id": 13300191,
            "name": "경포도립공원",
            "final_score": 0.118,
            "distance_from_center": 1.65
          }
        ]
      }
    }
  ]
}