{
  "user_id": "U0483",
  "start_date": "2025-11-06",
  "start_weekday": "목",
  "duration_days": 2,
  "budget": 500000,
  "num_clusters": 2,
  "clustering_method": "greedy_score_based_with_store_hours",
  "seed_strategy": "highest_score_only",
  "max_cluster_radius_km": 6,
  "min_places_per_category": 7,
  "places_per_category": 15,
  "Accommodation": 10057607,
  "clusters": [
    {
      "cluster_id": 0,
      "date": "2025-11-06",
      "weekday": "목",
      "seed_category": "Restaurant",
      "seed_place": {
        "id": 1129330317,
        "name": "치킨인류 내곡홍제점",
        "final_score": 0.5982
      },
      "center_lat": 37.739212,
      "center_lng": 128.877113,
      "categories": {
        "Cafe": [
          {
            "id": 2012122325,
            "name": "루모",
            "final_score": 0.4686,
            "distance_from_center": 0.27
          },
          {
            "id": 2067021446,
            "name": "떡이네",
            "final_score": 0.4469,
            "distance_from_center": 0.32
          },
          {
            "id": 19900143,
            "name": "라몬타냐",
            "final_score": 0.3428,
            "distance_from_center": 0.8
          },
          {
            "id": 1174448798,
            "name": "스타벅스 강릉IC DT점",
            "final_score": 0.426,
            "distance_from_center": 0.94
          },
          {
            "id": 1750727150,
            "name": "미미케이크",
            "final_score": 0.4677,
            "distance_from_center": 1.17
          },
          {
            "id": 1081008717,
            "name": "홍제멘션 강릉 본점",
            "final_score": 0.3949,
            "distance_from_center": 1.46
          },
          {
            "id": 1026225860,
            "name": "새바람이오는그늘",
            "final_score": 0.4515,
            "distance_from_center": 1.66
          },
          {
            "id": 1275789425,
            "name": "봄",
            "final_score": 0.449,
            "distance_from_center": 1.75
          },
          {
            "id": 15299378,
            "name": "포모도로",
            "final_score": 0.2563,
            "distance_from_center": 1.79
          },
          {
            "id": 1104085754,
            "name": "aie",
            "final_score": 0.2579,
            "distance_from_center": 1.85
          },
          {
            "id": 2031533892,
            "name": "글루크",
            "final_score": 0.3821,
            "distance_from_center": 1.89
          },
          {
            "id": 13320528,
            "name": "명주배롱",
            "final_score": 0.2744,
            "distance_from_center": 1.9
          },
          {
            "id": 1325516945,
            "name": "카페 오뉴월",
            "final_score": 0.3282,
            "distance_from_center": 1.91
          },
          {
            "id": 1605447318,
            "name": "젤라또까사",
            "final_score": 0.4642,
            "distance_from_center": 1.91
          },
          {
            "id": 1426647455,
            "name": "파인파인 강릉점",
            "final_score": 0.385,
            "distance_from_center": 1.92
          }
        ],
        "Restaurant": [
          {
            "id": 1129330317,
            "name": "치킨인류 내곡홍제점",
            "final_score": 0.5982,
            "distance_from_center": 0.0
          },
          {
            "id": 615540229,
            "name": "밥톨",
            "final_score": 0.3136,
            "distance_from_center": 0.02
          },
          {
            "id": 1366265272,
            "name": "병천순대 내곡점",
            "final_score": 0.3839,
            "distance_from_center": 0.04
          },
          {
            "id": 1653794749,
            "name": "갱스터분식카페",
            "final_score": 0.2267,
            "distance_from_center": 0.05
          },
          {
            "id": 12038496,
            "name": "형분식한식",
            "final_score": 0.2325,
            "distance_from_center": 0.05
          },
          {
            "id": 1605479970,
            "name": "십이월육일",
            "final_score": 0.4193,
            "distance_from_center": 0.08
          },
          {
            "id": 32736679,
            "name": "뼈장군",
            "final_score": 0.4061,
            "distance_from_center": 0.16
          },
          {
            "id": 1070243890,
            "name": "무단외박",
            "final_score": 0.4321,
            "distance_from_center": 0.19
          },
          {
            "id": 37253078,
            "name": "뿅가곱창 강릉점",
            "final_score": 0.5066,
            "distance_from_center": 0.21
          },
          {
            "id": 15333270,
            "name": "사계절탕수육",
            "final_score": 0.2536,
            "distance_from_center": 0.22
          },
          {
            "id": 1096696224,
            "name": "솔지네 관동대점",
            "final_score": 0.501,
            "distance_from_center": 0.24
          },
          {
            "id": 37628157,
            "name": "동일장칼국수 내곡점",
            "final_score": 0.3203,
            "distance_from_center": 0.32
          },
          {
            "id": 31267215,
            "name": "강릉뚝배기",
            "final_score": 0.3178,
            "distance_from_center": 0.36
          },
          {
            "id": 1982635458,
            "name": "어부네코다리조림 강릉내곡점",
            "final_score": 0.3057,
            "distance_from_center": 0.46
          },
          {
            "id": 1757070641,
            "name": "양마니명동찌개마을 내곡점",
            "final_score": 0.3656,
            "distance_from_center": 0.47
          }
        ],
        "Attraction": [
          {
            "id": 1412053208,
            "name": "처음처럼&새로 브랜드 체험관",
            "final_score": 0.1775,
            "distance_from_center": 0.71
          },
          {
            "id": 37081677,
            "name": "수상한마법학교",
            "final_score": 0.2269,
            "distance_from_center": 0.99
          },
          {
            "id": 37090227,
            "name": "버드나무 브루어리",
            "final_score": 0.3106,
            "distance_from_center": 1.2
          },
          {
            "id": 38623679,
            "name": "명주예술마당",
            "final_score": 0.2536,
            "distance_from_center": 1.7
          },
          {
            "id": 15693581,
            "name": "강릉 남산공원",
            "final_score": 0.0827,
            "distance_from_center": 1.74
          },
          {
            "id": 12955259,
            "name": "단오타운전시관",
            "final_score": 0.1804,
            "distance_from_center": 1.87
          },
          {
            "id": 1249952785,
            "name": "강릉 명주동 거리",
            "final_score": 0.4624,
            "distance_from_center": 1.91
          },
          {
            "id": 35188457,
            "name": "애니멀스토리",
            "final_score": 0.3336,
            "distance_from_center": 1.99
          },
          {
            "id": 749351147,
            "name": "강릉 임영관 삼문",
            "final_score": 0.1316,
            "distance_from_center": 2.01
          },
          {
            "id": 15685783,
            "name": "강릉 대도호부 관아",
            "final_score": 0.227,
            "distance_from_center": 2.05
          },
          {
            "id": 13345877,
            "name": "강릉 서부시장",
            "final_score": 0.1718,
            "distance_from_center": 2.14
          },
          {
            "id": 11592129,
            "name": "강릉교육문화관",
            "final_score": 0.2164,
            "distance_from_center": 2.14
          },
          {
            "id": 11535675,
            "name": "강릉문화원",
            "final_score": 0.3768,
            "distance_from_center": 2.19
          },
          {
            "id": 2062786512,
            "name": "강릉시립미술관 솔올",
            "final_score": 0.165,
            "distance_from_center": 2.2
          },
          {
            "id": 13345873,
            "name": "강릉 중앙시장",
            "final_score": 0.2996,
            "distance_from_center": 2.51
          }
        ]
      }
    },
    {
      "cluster_id": 1,
      "date": "2025-11-07",
      "weekday": "금",
      "seed_category": "Restaurant",
      "seed_place": {
        "id": 1410871338,
        "name": "잠수교수제갈비",
        "final_score": 0.5969
      },
      "center_lat": 37.749636,
      "center_lng": 128.899792,
      "categories": {
        "Cafe": [
          {
            "id": 1426989487,
            "name": "안다미로",
            "final_score": 0.446,
            "distance_from_center": 0.38
          },
          {
            "id": 1682187275,
            "name": "카페 정화",
            "final_score": 0.3522,
            "distance_from_center": 0.4
          },
          {
            "id": 1669842519,
            "name": "오버웨잇 강릉본점",
            "final_score": 0.3124,
            "distance_from_center": 0.4
          },
          {
            "id": 1246478918,
            "name": "중화짬뽕빵",
            "final_score": 0.2908,
            "distance_from_center": 0.41
          },
          {
            "id": 1355852682,
            "name": "젤라또마켓 순두부젤라또",
            "final_score": 0.5029,
            "distance_from_center": 0.43
          },
          {
            "id": 1683765421,
            "name": "타임슬립",
            "final_score": 0.3607,
            "distance_from_center": 0.44
          },
          {
            "id": 1689574654,
            "name": "굴리아케이크",
            "final_score": 0.3191,
            "distance_from_center": 0.45
          },
          {
            "id": 1202298255,
            "name": "팡파미유 중앙시장점",
            "final_score": 0.2849,
            "distance_from_center": 0.45
          },
          {
            "id": 1697573959,
            "name": "강릉커피콩빵 강릉당 중앙시장점",
            "final_score": 0.3195,
            "distance_from_center": 0.47
          },
          {
            "id": 35256483,
            "name": "설빙 강릉대학로점",
            "final_score": 0.4833,
            "distance_from_center": 0.49
          },
          {
            "id": 1318617687,
            "name": "강릉이래요",
            "final_score": 0.3736,
            "distance_from_center": 0.5
          },
          {
            "id": 1758181058,
            "name": "김성수제빵소 강릉점",
            "final_score": 0.3576,
            "distance_from_center": 0.5
          },
          {
            "id": 1086491623,
            "name": "파충류카페 강릉점",
            "final_score": 0.305,
            "distance_from_center": 0.51
          },
          {
            "id": 38345396,
            "name": "지베이스",
            "final_score": 0.4282,
            "distance_from_center": 0.52
          },
          {
            "id": 2078030409,
            "name": "강릉베이글",
            "final_score": 0.2948,
            "distance_from_center": 0.52
          }
        ],
        "Restaurant": [
          {
            "id": 1410871338,
            "name": "잠수교수제갈비",
            "final_score": 0.5969,
            "distance_from_center": 0.0
          },
          {
            "id": 1236919265,
            "name": "고깃집",
            "final_score": 0.5433,
            "distance_from_center": 0.01
          },
          {
            "id": 1698706278,
            "name": "미래먹거리",
            "final_score": 0.217,
            "distance_from_center": 0.03
          },
          {
            "id": 32185195,
            "name": "성원닭내장",
            "final_score": 0.2694,
            "distance_from_center": 0.07
          },
          {
            "id": 15338997,
            "name": "보배골",
            "final_score": 0.5187,
            "distance_from_center": 0.24
          },
          {
            "id": 801470123,
            "name": "바른치킨 강릉단오점",
            "final_score": 0.4201,
            "distance_from_center": 0.26
          },
          {
            "id": 1405926737,
            "name": "강릉모카번",
            "final_score": 0.4303,
            "distance_from_center": 0.3
          },
          {
            "id": 1368387404,
            "name": "시나미왕갈비탕",
            "final_score": 0.3942,
            "distance_from_center": 0.34
          },
          {
            "id": 1961675235,
            "name": "곱창미지수",
            "final_score": 0.529,
            "distance_from_center": 0.34
          },
          {
            "id": 32443745,
            "name": "불향쭈꾸미볶음",
            "final_score": 0.3018,
            "distance_from_center": 0.34
          },
          {
            "id": 32037906,
            "name": "정윤이네먹거리",
            "final_score": 0.3487,
            "distance_from_center": 0.34
          },
          {
            "id": 1642640928,
            "name": "질가집",
            "final_score": 0.5105,
            "distance_from_center": 0.35
          },
          {
            "id": 1679108075,
            "name": "만나옹심이손칼국수",
            "final_score": 0.5009,
            "distance_from_center": 0.35
          },
          {
            "id": 21734984,
            "name": "어야네",
            "final_score": 0.1082,
            "distance_from_center": 0.36
          },
          {
            "id": 15299161,
            "name": "삼삼해물찜",
            "final_score": 0.4003,
            "distance_from_center": 0.36
          }
        ],
        "Attraction": [
          {
            "id": 1287320440,
            "name": "강릉 월화거리",
            "final_score": 0.2169,
            "distance_from_center": 0.73
          },
          {
            "id": 1357865119,
            "name": "고래책방",
            "final_score": 0.4408,
            "distance_from_center": 0.99
          },
          {
            "id": 13345874,
            "name": "강릉 동부시장",
            "final_score": 0.0,
            "distance_from_center": 1.14
          },
          {
            "id": 12762639,
            "name": "강릉시립미술관 교동",
            "final_score": 0.3316,
            "distance_from_center": 1.45
          },
          {
            "id": 11663849,
            "name": "강릉향교",
            "final_score": 0.1641,
            "distance_from_center": 1.6
          },
          {
            "id": 1550291849,
            "name": "강릉아트센터",
            "final_score": 0.2051,
            "distance_from_center": 2.48
          },
          {
            "id": 1775014582,
            "name": "리고엠",
            "final_score": 0.3489,
            "distance_from_center": 2.58
          },
          {
            "id": 1211834959,
            "name": "강릉올림픽뮤지엄",
            "final_score": 0.1792,
            "distance_from_center": 3.31
          },
          {
            "id": 21824426,
            "name": "강릉원주대학교 박물관",
            "final_score": 0.2949,
            "distance_from_center": 3.51
          },
          {
            "id": 19832807,
            "name": "강릉자수박물관",
            "final_score": 0.1304,
            "distance_from_center": 3.59
          },
          {
            "id": 1346656418,
            "name": "경포생태저류지",
            "final_score": 0.001,
            "distance_from_center": 3.69
          },
          {
            "id": 11620702,
            "name": "강릉 오죽헌·시립박물관",
            "final_score": 0.2577,
            "distance_from_center": 3.73
          },
          {
            "id": 1243747688,
            "name": "병산 옹심이마을",
            "final_score": 0.1921,
            "distance_from_center": 3.92
          },
          {
            "id": 32777223,
            "name": "자연아놀자 체험학습박물관",
            "final_score": 0.1339,
            "distance_from_center": 3.98
          },
          {
            "id": 20066249,
            "name": "강릉 수리골 고택",
            "final_score": 0.3389,
            "distance_from_center": 4.14
          }
        ]
      }
    }
  ]
}