{
  "user_id": "U0487",
  "start_date": "2025-11-10",
  "start_weekday": "월",
  "duration_days": 2,
  "budget": 200000,
  "num_clusters": 2,
  "clustering_method": "greedy_score_based_with_store_hours",
  "seed_strategy": "highest_score_only",
  "max_cluster_radius_km": 6,
  "min_places_per_category": 7,
  "places_per_category": 15,
  "Accommodation": 1000108328,
  "clusters": [
    {
      "cluster_id": 0,
      "date": "2025-11-10",
      "weekday": "월",
      "seed_category": "Restaurant",
      "seed_place": {
        "id": 1368387404,
        "name": "시나미왕갈비탕",
        "final_score": 0.5432
      },
      "center_lat": 37.751026,
      "center_lng": 128.89641,
      "categories": {
        "Cafe": [
          {
            "id": 38345396,
            "name": "지베이스",
            "final_score": 0.2553,
            "distance_from_center": 0.2
          },
          {
            "id": 35256483,
            "name": "설빙 강릉대학로점",
            "final_score": 0.379,
            "distance_from_center": 0.26
          },
          {
            "id": 2094977764,
            "name": "장인더 강릉",
            "final_score": 0.2702,
            "distance_from_center": 0.27
          },
          {
            "id": 30959782,
            "name": "투썸플레이스 강릉중앙점",
            "final_score": 0.178,
            "distance_from_center": 0.27
          },
          {
            "id": 1325516945,
            "name": "카페 오뉴월",
            "final_score": 0.2125,
            "distance_from_center": 0.28
          },
          {
            "id": 1086491623,
            "name": "파충류카페 강릉점",
            "final_score": 0.3887,
            "distance_from_center": 0.28
          },
          {
            "id": 1426647455,
            "name": "파인파인 강릉점",
            "final_score": 0.3628,
            "distance_from_center": 0.29
          },
          {
            "id": 2031533892,
            "name": "글루크",
            "final_score": 0.2787,
            "distance_from_center": 0.29
          },
          {
            "id": 1758181058,
            "name": "김성수제빵소 강릉점",
            "final_score": 0.3089,
            "distance_from_center": 0.31
          },
          {
            "id": 1683765421,
            "name": "타임슬립",
            "final_score": 0.2418,
            "distance_from_center": 0.31
          },
          {
            "id": 13320528,
            "name": "명주배롱",
            "final_score": 0.1583,
            "distance_from_center": 0.31
          },
          {
            "id": 1669842519,
            "name": "오버웨잇 강릉본점",
            "final_score": 0.1972,
            "distance_from_center": 0.33
          },
          {
            "id": 1921017062,
            "name": "카페시로울",
            "final_score": 0.2433,
            "distance_from_center": 0.35
          },
          {
            "id": 2013389102,
            "name": "크레마코스타 중앙시장점",
            "final_score": 0.3439,
            "distance_from_center": 0.38
          },
          {
            "id": 1318617687,
            "name": "강릉이래요",
            "final_score": 0.3528,
            "distance_from_center": 0.38
          }
        ],
        "Restaurant": [
          {
            "id": 1368387404,
            "name": "시나미왕갈비탕",
            "final_score": 0.5432,
            "distance_from_center": 0.0
          },
          {
            "id": 1961675235,
            "name": "곱창미지수",
            "final_score": 0.4434,
            "distance_from_center": 0.0
          },
          {
            "id": 32443745,
            "name": "불향쭈꾸미볶음",
            "final_score": 0.2627,
            "distance_from_center": 0.05
          },
          {
            "id": 1085464055,
            "name": "강릉길감자",
            "final_score": 0.2444,
            "distance_from_center": 0.08
          },
          {
            "id": 1560658401,
            "name": "솔옥",
            "final_score": 0.3971,
            "distance_from_center": 0.08
          },
          {
            "id": 12052285,
            "name": "부부보쌈",
            "final_score": 0.2107,
            "distance_from_center": 0.09
          },
          {
            "id": 1603154990,
            "name": "성남대운식당",
            "final_score": 0.1791,
            "distance_from_center": 0.09
          },
          {
            "id": 1495644418,
            "name": "다이닝원 강릉점",
            "final_score": 0.3095,
            "distance_from_center": 0.11
          },
          {
            "id": 1405926737,
            "name": "강릉모카번",
            "final_score": 0.3574,
            "distance_from_center": 0.15
          },
          {
            "id": 15299161,
            "name": "삼삼해물찜",
            "final_score": 0.2153,
            "distance_from_center": 0.17
          },
          {
            "id": 20264800,
            "name": "곽가네시오야끼",
            "final_score": 0.4122,
            "distance_from_center": 0.21
          },
          {
            "id": 15294097,
            "name": "춘천마신는닭갈비",
            "final_score": 0.1443,
            "distance_from_center": 0.22
          },
          {
            "id": 20601583,
            "name": "여고시절 카레떡볶이",
            "final_score": 0.2588,
            "distance_from_center": 0.23
          },
          {
            "id": 15299914,
            "name": "감자바우 장칼국수",
            "final_score": 0.1852,
            "distance_from_center": 0.23
          },
          {
            "id": 32037906,
            "name": "정윤이네먹거리",
            "final_score": 0.2701,
            "distance_from_center": 0.25
          }
        ],
        "Attraction": [
          {
            "id": 1249952785,
            "name": "강릉 명주동 거리",
            "final_score": 0.3017,
            "distance_from_center": 0.32
          },
          {
            "id": 12955259,
            "name": "단오타운전시관",
            "final_score": 0.0989,
            "distance_from_center": 0.33
          },
          {
            "id": 13345873,
            "name": "강릉 중앙시장",
            "final_score": 0.2144,
            "distance_from_center": 0.38
          },
          {
            "id": 15693581,
            "name": "강릉 남산공원",
            "final_score": 0.1763,
            "distance_from_center": 0.42
          },
          {
            "id": 15685783,
            "name": "강릉 대도호부 관아",
            "final_score": 0.2206,
            "distance_from_center": 0.45
          },
          {
            "id": 749351147,
            "name": "강릉 임영관 삼문",
            "final_score": 0.1325,
            "distance_from_center": 0.47
          },
          {
            "id": 38623679,
            "name": "명주예술마당",
            "final_score": 0.0211,
            "distance_from_center": 0.54
          },
          {
            "id": 1287320440,
            "name": "강릉 월화거리",
            "final_score": 0.1638,
            "distance_from_center": 0.55
          },
          {
            "id": 11592129,
            "name": "강릉교육문화관",
            "final_score": 0.2763,
            "distance_from_center": 0.63
          },
          {
            "id": 13345877,
            "name": "강릉 서부시장",
            "final_score": 0.1841,
            "distance_from_center": 0.67
          },
          {
            "id": 35188457,
            "name": "애니멀스토리",
            "final_score": 0.182,
            "distance_from_center": 0.79
          },
          {
            "id": 1357865119,
            "name": "고래책방",
            "final_score": 0.2731,
            "distance_from_center": 0.81
          },
          {
            "id": 13345874,
            "name": "강릉 동부시장",
            "final_score": 0.0,
            "distance_from_center": 1.05
          },
          {
            "id": 37090227,
            "name": "버드나무 브루어리",
            "final_score": 0.2557,
            "distance_from_center": 1.09
          },
          {
            "id": 12762639,
            "name": "강릉시립미술관 교동",
            "final_score": 0.1813,
            "distance_from_center": 1.17
          }
        ]
      }
    },
    {
      "cluster_id": 1,
      "date": "2025-11-11",
      "weekday": "화",
      "seed_category": "Restaurant",
      "seed_place": {
        "id": 1346405445,
        "name": "교동소머리곰탕",
        "final_score": 0.5286
      },
      "center_lat": 37.762761,
      "center_lng": 128.872714,
      "categories": {
        "Cafe": [
          {
            "id": 1442771903,
            "name": "가디",
            "final_score": 0.2425,
            "distance_from_center": 0.3
          },
          {
            "id": 38482509,
            "name": "52블럭",
            "final_score": 0.2643,
            "distance_from_center": 0.31
          },
          {
            "id": 36767042,
            "name": "크리스피크림도넛 강릉교동점",
            "final_score": 0.2373,
            "distance_from_center": 0.35
          },
          {
            "id": 21095658,
            "name": "베이커리 가루",
            "final_score": 0.2961,
            "distance_from_center": 0.4
          },
          {
            "id": 1352455905,
            "name": "화이트리에 강릉점",
            "final_score": 0.2175,
            "distance_from_center": 0.42
          },
          {
            "id": 1215792352,
            "name": "던킨 강릉교동점",
            "final_score": 0.4163,
            "distance_from_center": 0.42
          },
          {
            "id": 1459760339,
            "name": "스타벅스 강릉교동광장점",
            "final_score": 0.121,
            "distance_from_center": 0.42
          },
          {
            "id": 1526759655,
            "name": "텐퍼센트커피 강릉교동택지점",
            "final_score": 0.3248,
            "distance_from_center": 0.43
          },
          {
            "id": 79408101,
            "name": "이디야커피 강릉교동택지점",
            "final_score": 0.2105,
            "distance_from_center": 0.56
          },
          {
            "id": 1662017638,
            "name": "쎄라비",
            "final_score": 0.2272,
            "distance_from_center": 0.57
          },
          {
            "id": 1662017638,
            "name": "쎄라비",
            "final_score": 0.2272,
            "distance_from_center": 0.57
          },
          {
            "id": 1133303813,
            "name": "커피아워",
            "final_score": 0.2577,
            "distance_from_center": 0.63
          },
          {
            "id": 1625914520,
            "name": "사월의 모노웜",
            "final_score": 0.3014,
            "distance_from_center": 0.71
          },
          {
            "id": 263503029,
            "name": "어썸",
            "final_score": 0.3849,
            "distance_from_center": 0.71
          },
          {
            "id": 1784470266,
            "name": "메가MGC커피 강릉교동솔올점",
            "final_score": 0.0008,
            "distance_from_center": 0.74
          }
        ],
        "Restaurant": [
          {
            "id": 1346405445,
            "name": "교동소머리곰탕",
            "final_score": 0.5286,
            "distance_from_center": 0.0
          },
          {
            "id": 15378617,
            "name": "장면옥",
            "final_score": 0.4017,
            "distance_from_center": 0.03
          },
          {
            "id": 37911034,
            "name": "맛있는초밥집",
            "final_score": 0.0895,
            "distance_from_center": 0.04
          },
          {
            "id": 37056132,
            "name": "나폴리선생in교동",
            "final_score": 0.2915,
            "distance_from_center": 0.06
          },
          {
            "id": 33251611,
            "name": "킹콩부대찌개 강릉교동점",
            "final_score": 0.1907,
            "distance_from_center": 0.07
          },
          {
            "id": 1550961346,
            "name": "미스터쭈삼 강릉본점",
            "final_score": 0.3264,
            "distance_from_center": 0.08
          },
          {
            "id": 1190822494,
            "name": "야식의 정석",
            "final_score": 0.2297,
            "distance_from_center": 0.16
          },
          {
            "id": 15377926,
            "name": "동해막국수",
            "final_score": 0.153,
            "distance_from_center": 0.17
          },
          {
            "id": 15310710,
            "name": "강릉참치",
            "final_score": 0.3908,
            "distance_from_center": 0.21
          },
          {
            "id": 21830287,
            "name": "기사문",
            "final_score": 0.2604,
            "distance_from_center": 0.23
          },
          {
            "id": 36543472,
            "name": "강릉한우만",
            "final_score": 0.5083,
            "distance_from_center": 0.24
          },
          {
            "id": 15376107,
            "name": "강릉남매삼계탕",
            "final_score": 0.4675,
            "distance_from_center": 0.25
          },
          {
            "id": 38017562,
            "name": "얌샘김밥 강릉교동점",
            "final_score": 0.2988,
            "distance_from_center": 0.26
          },
          {
            "id": 1874772103,
            "name": "가마솥순대국밥 강릉교동점",
            "final_score": 0.41,
            "distance_from_center": 0.27
          },
          {
            "id": 1793774479,
            "name": "금성회관 강릉교동점",
            "final_score": 0.2891,
            "distance_from_center": 0.29
          }
        ],
        "Attraction": [
          {
            "id": 1775014582,
            "name": "리고엠",
            "final_score": 0.2719,
            "distance_from_center": 0.41
          },
          {
            "id": 11535675,
            "name": "강릉문화원",
            "final_score": 0.0876,
            "distance_from_center": 0.45
          },
          {
            "id": 2062786512,
            "name": "강릉시립미술관 솔올",
            "final_score": 0.158,
            "distance_from_center": 0.74
          },
          {
            "id": 21824426,
            "name": "강릉원주대학교 박물관",
            "final_score": 0.2077,
            "distance_from_center": 0.92
          },
          {
            "id": 19832807,
            "name": "강릉자수박물관",
            "final_score": 0.0467,
            "distance_from_center": 1.82
          },
          {
            "id": 11620702,
            "name": "강릉 오죽헌·시립박물관",
            "final_score": 0.2285,
            "distance_from_center": 1.93
          },
          {
            "id": 11663849,
            "name": "강릉향교",
            "final_score": 0.0618,
            "distance_from_center": 1.98
          },
          {
            "id": 1346656418,
            "name": "경포생태저류지",
            "final_score": 0.0604,
            "distance_from_center": 2.08
          },
          {
            "id": 1550291849,
            "name": "강릉아트센터",
            "final_score": 0.1387,
            "distance_from_center": 2.23
          },
          {
            "id": 1412053208,
            "name": "처음처럼&새로 브랜드 체험관",
            "final_score": 0.0383,
            "distance_from_center": 2.46
          },
          {
            "id": 1211834959,
            "name": "강릉올림픽뮤지엄",
            "final_score": 0.0776,
            "distance_from_center": 2.83
          },
          {
            "id": 1300520912,
            "name": "르꼬따쥬",
            "final_score": 0.1711,
            "distance_from_center": 2.86
          },
          {
            "id": 11687693,
            "name": "강릉 선교장",
            "final_score": 0.0145,
            "distance_from_center": 2.86
          },
          {
            "id": 20066249,
            "name": "강릉 수리골 고택",
            "final_score": 0.3382,
            "distance_from_center": 3.07
          },
          {
            "id": 37081677,
            "name": "수상한마법학교",
            "final_score": 0.0362,
            "distance_from_center": 3.63
          }
        ]
      }
    }
  ]
}