{
  "user_id": "U0489",
  "start_date": "2025-08-25",
  "start_weekday": "월",
  "duration_days": 1,
  "budget": 200000,
  "num_clusters": 1,
  "clustering_method": "greedy_score_based_with_store_hours",
  "seed_strategy": "highest_score_only",
  "max_cluster_radius_km": 6,
  "min_places_per_category": 7,
  "places_per_category": 15,
  "Accommodation": null,
  "clusters": [
    {
      "cluster_id": 0,
      "date": "2025-08-25",
      "weekday": "월",
      "seed_category": "Restaurant",
      "seed_place": {
        "id": 1303070508,
        "name": "문어랑 강릉주문진항점",
        "final_score": 0.498
      },
      "center_lat": 37.888044,
      "center_lng": 128.828441,
      "categories": {
        "Cafe": [
          {
            "id": 1266299794,
            "name": "해옫 강릉",
            "final_score": 0.3276,
            "distance_from_center": 0.54
          },
          {
            "id": 2017141901,
            "name": "에브리데이크",
            "final_score": 0.2726,
            "distance_from_center": 0.78
          },
          {
            "id": 1169844332,
            "name": "스타벅스 강릉주문진점",
            "final_score": 0.3103,
            "distance_from_center": 0.8
          },
          {
            "id": 1543529590,
            "name": "카페제니엘 주문진점",
            "final_score": 0.2116,
            "distance_from_center": 0.85
          },
          {
            "id": 1543529590,
            "name": "카페제니엘 주문진점",
            "final_score": 0.2116,
            "distance_from_center": 0.85
          },
          {
            "id": 1147229173,
            "name": "도깨비젤라또",
            "final_score": 0.2699,
            "distance_from_center": 1.06
          },
          {
            "id": 1249217189,
            "name": "오드커피",
            "final_score": 0.2789,
            "distance_from_center": 1.14
          },
          {
            "id": 1396977535,
            "name": "소돌엔 등대점",
            "final_score": 0.1801,
            "distance_from_center": 1.15
          },
          {
            "id": 1019347699,
            "name": "플레이스 플러스",
            "final_score": 0.258,
            "distance_from_center": 1.66
          },
          {
            "id": 1299462841,
            "name": "소돌엔 강릉",
            "final_score": 0.2865,
            "distance_from_center": 2.03
          },
          {
            "id": 1876301121,
            "name": "포르토포레스트하우스",
            "final_score": 0.2849,
            "distance_from_center": 2.22
          },
          {
            "id": 1009179914,
            "name": "갈매기다방",
            "final_score": 0.2536,
            "distance_from_center": 2.35
          },
          {
            "id": 1839133695,
            "name": "빵을쇼핑하다빵명가치아바타CIABATTA",
            "final_score": 0.2627,
            "distance_from_center": 2.56
          },
          {
            "id": 15373350,
            "name": "브라질",
            "final_score": 0.3994,
            "distance_from_center": 2.7
          },
          {
            "id": 1900553385,
            "name": "바우카페",
            "final_score": 0.429,
            "distance_from_center": 2.72
          }
        ],
        "Restaurant": [
          {
            "id": 1303070508,
            "name": "문어랑 강릉주문진항점",
            "final_score": 0.498,
            "distance_from_center": 0.0
          },
          {
            "id": 1801909812,
            "name": "돈현이네",
            "final_score": 0.316,
            "distance_from_center": 0.04
          },
          {
            "id": 34105205,
            "name": "대게한마당주문진본점",
            "final_score": 0.2966,
            "distance_from_center": 0.06
          },
          {
            "id": 34632772,
            "name": "실비생선구이 본점 작은집",
            "final_score": 0.3194,
            "distance_from_center": 0.07
          },
          {
            "id": 1815684142,
            "name": "실비생선구이 본점 큰집",
            "final_score": 0.2196,
            "distance_from_center": 0.09
          },
          {
            "id": 15362879,
            "name": "감칠맛회국수",
            "final_score": 0.3471,
            "distance_from_center": 0.11
          },
          {
            "id": 2048194061,
            "name": "강릉한우한돈정육식당 소온주문진",
            "final_score": 0.2809,
            "distance_from_center": 0.17
          },
          {
            "id": 13281876,
            "name": "강릉최대게 본점",
            "final_score": 0.3181,
            "distance_from_center": 0.17
          },
          {
            "id": 38314569,
            "name": "주문진신짬뽕",
            "final_score": 0.2376,
            "distance_from_center": 0.19
          },
          {
            "id": 36911308,
            "name": "육반장 주문진점",
            "final_score": 0.35,
            "distance_from_center": 0.2
          },
          {
            "id": 1210141934,
            "name": "귀자네순대국밥",
            "final_score": 0.2141,
            "distance_from_center": 0.2
          },
          {
            "id": 1658810393,
            "name": "영진댁",
            "final_score": 0.3143,
            "distance_from_center": 0.23
          },
          {
            "id": 1888740640,
            "name": "영진항",
            "final_score": 0.435,
            "distance_from_center": 0.24
          },
          {
            "id": 21382681,
            "name": "꽃보다소",
            "final_score": 0.2937,
            "distance_from_center": 0.27
          },
          {
            "id": 15696942,
            "name": "맛있는엄마밥상",
            "final_score": 0.3,
            "distance_from_center": 0.27
          }
        ],
        "Attraction": [
          {
            "id": 13490946,
            "name": "주문진항",
            "final_score": 0.3824,
            "distance_from_center": 0.14
          },
          {
            "id": 1600054868,
            "name": "해피아워크루즈",
            "final_score": 0.0444,
            "distance_from_center": 0.17
          },
          {
            "id": 34818378,
            "name": "주문진해양박물관",
            "final_score": 0.0632,
            "distance_from_center": 0.35
          },
          {
            "id": 20059236,
            "name": "주문리마을",
            "final_score": 0.113,
            "distance_from_center": 0.55
          },
          {
            "id": 20054507,
            "name": "주문진 등대",
            "final_score": 0.0635,
            "distance_from_center": 1.17
          },
          {
            "id": 19501415,
            "name": "소돌아들바위공원",
            "final_score": 0.0566,
            "distance_from_center": 1.98
          },
          {
            "id": 13491657,
            "name": "소돌해수욕장",
            "final_score": 0.2437,
            "distance_from_center": 2.03
          },
          {
            "id": 13491150,
            "name": "영진해변",
            "final_score": 0.1903,
            "distance_from_center": 2.63
          },
          {
            "id": 13491005,
            "name": "주문진해수욕장",
            "final_score": 0.2268,
            "distance_from_center": 2.65
          },
          {
            "id": 15698326,
            "name": "향호해변",
            "final_score": 0.0911,
            "distance_from_center": 2.76
          },
          {
            "id": 20054445,
            "name": "영진항",
            "final_score": 0.2073,
            "distance_from_center": 2.85
          },
          {
            "id": 1154013651,
            "name": "주문진bts",
            "final_score": 0.0334,
            "distance_from_center": 2.9
          },
          {
            "id": 13444336,
            "name": "연곡해변",
            "final_score": 0.1903,
            "distance_from_center": 3.75
          },
          {
            "id": 12390002,
            "name": "강릉 복사꽃마을",
            "final_score": 0.192,
            "distance_from_center": 4.57
          },
          {
            "id": 1848252796,
            "name": "강릉아기동물농장",
            "final_score": 0.1414,
            "distance_from_center": 5.46
          }
        ]
      }
    }
  ]
}