{
  "user_id": "U0495",
  "start_date": "2025-10-03",
  "start_weekday": "금",
  "duration_days": 2,
  "budget": 200000,
  "num_clusters": 2,
  "clustering_method": "greedy_score_based_with_store_hours",
  "seed_strategy": "highest_score_only",
  "max_cluster_radius_km": 6,
  "min_places_per_category": 7,
  "places_per_category": 15,
  "Accommodation": 10062547,
  "clusters": [
    {
      "cluster_id": 0,
      "date": "2025-10-03",
      "weekday": "금",
      "seed_category": "Restaurant",
      "seed_place": {
        "id": 1817783356,
        "name": "맛마루부대찌개",
        "final_score": 0.4961
      },
      "center_lat": 37.792132,
      "center_lng": 128.919272,
      "categories": {
        "Cafe": [
          {
            "id": 1338491802,
            "name": "초당110 순두부젤라또",
            "final_score": 0.3529,
            "distance_from_center": 0.19
          },
          {
            "id": 1381613890,
            "name": "강릉옥수수빵",
            "final_score": 0.0678,
            "distance_from_center": 0.25
          },
          {
            "id": 1630731945,
            "name": "강릉 사임당 인절미 강문본점",
            "final_score": 0.2004,
            "distance_from_center": 0.27
          },
          {
            "id": 1926085994,
            "name": "스타벅스 강릉강문해변점",
            "final_score": 0.3549,
            "distance_from_center": 0.3
          },
          {
            "id": 1639218638,
            "name": "덴켄",
            "final_score": 0.3006,
            "distance_from_center": 0.32
          },
          {
            "id": 1591483811,
            "name": "카페밀",
            "final_score": 0.0742,
            "distance_from_center": 0.33
          },
          {
            "id": 1087262116,
            "name": "강원옥 찹쌀떡",
            "final_score": 0.315,
            "distance_from_center": 0.36
          },
          {
            "id": 1625751111,
            "name": "커피커퍼박물관",
            "final_score": 0.2239,
            "distance_from_center": 0.36
          },
          {
            "id": 1869523471,
            "name": "강릉 조개빵 강릉본점",
            "final_score": 0.3136,
            "distance_from_center": 0.38
          },
          {
            "id": 1948973432,
            "name": "데일리오아시스 강릉점",
            "final_score": 0.2356,
            "distance_from_center": 0.39
          },
          {
            "id": 1046848158,
            "name": "초당커피",
            "final_score": 0.307,
            "distance_from_center": 0.39
          },
          {
            "id": 1995634579,
            "name": "강릉 초당찰떡",
            "final_score": 0.1329,
            "distance_from_center": 0.39
          },
          {
            "id": 1927406130,
            "name": "허씨커피",
            "final_score": 0.3729,
            "distance_from_center": 0.4
          },
          {
            "id": 1709924447,
            "name": "롱블랙",
            "final_score": 0.4319,
            "distance_from_center": 0.41
          },
          {
            "id": 2067971861,
            "name": "안초당",
            "final_score": 0.3051,
            "distance_from_center": 0.41
          }
        ],
        "Restaurant": [
          {
            "id": 1817783356,
            "name": "맛마루부대찌개",
            "final_score": 0.4961,
            "distance_from_center": 0.0
          },
          {
            "id": 1945123119,
            "name": "13월의강릉 강릉본점",
            "final_score": 0.2002,
            "distance_from_center": 0.12
          },
          {
            "id": 1294147426,
            "name": "비빔상회 강릉본점",
            "final_score": 0.3619,
            "distance_from_center": 0.12
          },
          {
            "id": 1188604096,
            "name": "꿀꺽",
            "final_score": 0.2779,
            "distance_from_center": 0.12
          },
          {
            "id": 1660045304,
            "name": "최씨장칼국수",
            "final_score": 0.25,
            "distance_from_center": 0.12
          },
          {
            "id": 1710211402,
            "name": "강릉79막회",
            "final_score": 0.3008,
            "distance_from_center": 0.12
          },
          {
            "id": 15320203,
            "name": "강릉짬뽕순두부 강릉본점",
            "final_score": 0.2201,
            "distance_from_center": 0.17
          },
          {
            "id": 1385390950,
            "name": "솔향대게 강릉본점",
            "final_score": 0.2479,
            "distance_from_center": 0.17
          },
          {
            "id": 12031474,
            "name": "농촌순두부",
            "final_score": 0.3254,
            "distance_from_center": 0.2
          },
          {
            "id": 2099491822,
            "name": "강릉감자닭강정",
            "final_score": 0.1747,
            "distance_from_center": 0.21
          },
          {
            "id": 2018462147,
            "name": "가온",
            "final_score": 0.2247,
            "distance_from_center": 0.23
          },
          {
            "id": 1381183889,
            "name": "미송순두부짬뽕",
            "final_score": 0.3214,
            "distance_from_center": 0.24
          },
          {
            "id": 34439221,
            "name": "김우정초당짬뽕순두부",
            "final_score": 0.1979,
            "distance_from_center": 0.25
          },
          {
            "id": 1966143636,
            "name": "초당본가짬뽕순두부",
            "final_score": 0.2668,
            "distance_from_center": 0.31
          },
          {
            "id": 37349949,
            "name": "소나무집초당순두부",
            "final_score": 0.2049,
            "distance_from_center": 0.34
          }
        ],
        "Attraction": [
          {
            "id": 1112785467,
            "name": "런닝맨 강릉점",
            "final_score": 0.1324,
            "distance_from_center": 0.23
          },
          {
            "id": 13491183,
            "name": "강문해변",
            "final_score": 0.1963,
            "distance_from_center": 0.3
          },
          {
            "id": 1542622512,
            "name": "원더스카이",
            "final_score": 0.0765,
            "distance_from_center": 0.4
          },
          {
            "id": 31506191,
            "name": "초당순두부마을",
            "final_score": 0.193,
            "distance_from_center": 0.43
          },
          {
            "id": 1130774967,
            "name": "허균·허난설헌 기념공원",
            "final_score": 0.4013,
            "distance_from_center": 0.84
          },
          {
            "id": 20066218,
            "name": "허난설헌 생가터",
            "final_score": 0.3171,
            "distance_from_center": 0.84
          },
          {
            "id": 1940124735,
            "name": "강문솟대다리",
            "final_score": 0.3509,
            "distance_from_center": 0.92
          },
          {
            "id": 1090555407,
            "name": "아르떼뮤지엄 강릉",
            "final_score": 0.2178,
            "distance_from_center": 1.02
          },
          {
            "id": 37434460,
            "name": "경포 아쿠아리움",
            "final_score": 0.2243,
            "distance_from_center": 1.02
          },
          {
            "id": 472414455,
            "name": "경포호수광장",
            "final_score": 0.3116,
            "distance_from_center": 1.06
          },
          {
            "id": 1063021154,
            "name": "경포플라워가든",
            "final_score": 0.3609,
            "distance_from_center": 1.14
          },
          {
            "id": 1881857549,
            "name": "강릉 메타버스 체험관",
            "final_score": 0.1099,
            "distance_from_center": 1.21
          },
          {
            "id": 13300191,
            "name": "경포도립공원",
            "final_score": 0.3301,
            "distance_from_center": 1.43
          },
          {
            "id": 32777223,
            "name": "자연아놀자 체험학습박물관",
            "final_score": 0.1205,
            "distance_from_center": 1.56
          },
          {
            "id": 31044854,
            "name": "경포가시연습지",
            "final_score": 0.2559,
            "distance_from_center": 1.83
          }
        ]
      }
    },
    {
      "cluster_id": 1,
      "date": "2025-10-04",
      "weekday": "토",
      "seed_category": "Restaurant",
      "seed_place": {
        "id": 1815335754,
        "name": "오봉이해물칼국수 강릉본점",
        "final_score": 0.4821
      },
      "center_lat": 37.801788,
      "center_lng": 128.910973,
      "categories": {
        "Cafe": [
          {
            "id": 1176434004,
            "name": "AURA Cafe&Lounge",
            "final_score": 0.3534,
            "distance_from_center": 0.38
          },
          {
            "id": 1083326838,
            "name": "씨엠디컴퍼니",
            "final_score": 0.2439,
            "distance_from_center": 0.64
          },
          {
            "id": 189619233,
            "name": "강릉커피빵 본점",
            "final_score": 0.3959,
            "distance_from_center": 0.79
          },
          {
            "id": 1497289783,
            "name": "꾸옥 GGUOK",
            "final_score": 0.1872,
            "distance_from_center": 0.79
          },
          {
            "id": 1763738753,
            "name": "마더커피 강문점",
            "final_score": 0.315,
            "distance_from_center": 0.88
          },
          {
            "id": 1212033877,
            "name": "강릉샌드 초당점",
            "final_score": 0.245,
            "distance_from_center": 0.88
          },
          {
            "id": 1103533977,
            "name": "허스크밀",
            "final_score": 0.1405,
            "distance_from_center": 0.88
          },
          {
            "id": 1899236965,
            "name": "삼송빵집 강릉경포점",
            "final_score": 0.1551,
            "distance_from_center": 1.04
          },
          {
            "id": 998885728,
            "name": "카페 툇마루",
            "final_score": 0.2055,
            "distance_from_center": 1.04
          },
          {
            "id": 1986612032,
            "name": "롱브레드 초당",
            "final_score": 0.2479,
            "distance_from_center": 1.07
          },
          {
            "id": 2038520626,
            "name": "시만차 포그",
            "final_score": 0.2619,
            "distance_from_center": 1.12
          },
          {
            "id": 1037671264,
            "name": "카페동화",
            "final_score": 0.1778,
            "distance_from_center": 1.23
          },
          {
            "id": 1794472949,
            "name": "에브리모먼트커피",
            "final_score": 0.1885,
            "distance_from_center": 1.33
          },
          {
            "id": 1195768568,
            "name": "플레이스 플러스",
            "final_score": 0.3309,
            "distance_from_center": 1.34
          },
          {
            "id": 1209837360,
            "name": "초당고래로스팅카페",
            "final_score": 0.2937,
            "distance_from_center": 1.49
          }
        ],
        "Restaurant": [
          {
            "id": 1815335754,
            "name": "오봉이해물칼국수 강릉본점",
            "final_score": 0.4821,
            "distance_from_center": 0.0
          },
          {
            "id": 1949567929,
            "name": "화니조개구이",
            "final_score": 0.408,
            "distance_from_center": 0.0
          },
          {
            "id": 1635365791,
            "name": "팔도숯불조개구이",
            "final_score": 0.1322,
            "distance_from_center": 0.0
          },
          {
            "id": 2096131729,
            "name": "바담냉면 강릉본점",
            "final_score": 0.354,
            "distance_from_center": 0.06
          },
          {
            "id": 1717795976,
            "name": "강릉칼제비 강릉본점",
            "final_score": 0.4343,
            "distance_from_center": 0.06
          },
          {
            "id": 2098103072,
            "name": "만야수산 경포대본점",
            "final_score": 0.3634,
            "distance_from_center": 0.06
          },
          {
            "id": 15328404,
            "name": "빛고을식당",
            "final_score": 0.1581,
            "distance_from_center": 0.12
          },
          {
            "id": 1391626004,
            "name": "설렘덩크",
            "final_score": 0.2064,
            "distance_from_center": 0.39
          },
          {
            "id": 1450217253,
            "name": "피비피샌드위치",
            "final_score": 0.3434,
            "distance_from_center": 0.39
          },
          {
            "id": 1491441649,
            "name": "BHC치킨 스카이베이경포호텔점",
            "final_score": 0.2832,
            "distance_from_center": 0.39
          },
          {
            "id": 1489310166,
            "name": "짬뽕 순두부 초당애",
            "final_score": 0.3167,
            "distance_from_center": 0.56
          },
          {
            "id": 19338559,
            "name": "경포전주식당",
            "final_score": 0.1822,
            "distance_from_center": 0.6
          },
          {
            "id": 1605560000,
            "name": "맛가득",
            "final_score": 0.3243,
            "distance_from_center": 0.6
          },
          {
            "id": 15352518,
            "name": "경포삼성관",
            "final_score": 0.1988,
            "distance_from_center": 0.6
          },
          {
            "id": 1190165195,
            "name": "소담낙지 강릉경포",
            "final_score": 0.2449,
            "distance_from_center": 0.64
          }
        ],
        "Attraction": [
          {
            "id": 12079976,
            "name": "경포해수욕장",
            "final_score": 0.3244,
            "distance_from_center": 0.54
          },
          {
            "id": 12409858,
            "name": "참소리에디슨손성목영화박물관",
            "final_score": 0.0986,
            "distance_from_center": 1.28
          },
          {
            "id": 13491109,
            "name": "경포호",
            "final_score": 0.3342,
            "distance_from_center": 1.44
          },
          {
            "id": 1675156043,
            "name": "강릉 경포대",
            "final_score": 0.3152,
            "distance_from_center": 1.45
          },
          {
            "id": 1338629806,
            "name": "사근진해중공원 전망대",
            "final_score": 0.3172,
            "distance_from_center": 1.62
          },
          {
            "id": 1338629806,
            "name": "사근진해중공원 전망대",
            "final_score": 0.3172,
            "distance_from_center": 1.62
          },
          {
            "id": 15371716,
            "name": "사근진해변",
            "final_score": 0.3422,
            "distance_from_center": 1.62
          },
          {
            "id": 13491745,
            "name": "순긋해변",
            "final_score": 0.3394,
            "distance_from_center": 2.29
          },
          {
            "id": 20066249,
            "name": "강릉 수리골 고택",
            "final_score": 0.2315,
            "distance_from_center": 2.46
          },
          {
            "id": 20103328,
            "name": "순포해변",
            "final_score": 0.2651,
            "distance_from_center": 2.66
          },
          {
            "id": 1211834959,
            "name": "강릉올림픽뮤지엄",
            "final_score": 0.1987,
            "distance_from_center": 2.78
          },
          {
            "id": 11687693,
            "name": "강릉 선교장",
            "final_score": 0.1517,
            "distance_from_center": 2.84
          },
          {
            "id": 1884028346,
            "name": "순포습지",
            "final_score": 0.2755,
            "distance_from_center": 2.84
          },
          {
            "id": 20065935,
            "name": "송정해변",
            "final_score": 0.3503,
            "distance_from_center": 3.33
          },
          {
            "id": 1346656418,
            "name": "경포생태저류지",
            "final_score": 0.2585,
            "distance_from_center": 3.5
          }
        ]
      }
    }
  ]
}