{
  "user_id": "U0494",
  "start_date": "2025-12-31",
  "start_weekday": "수",
  "duration_days": 3,
  "budget": 400000,
  "num_clusters": 3,
  "clustering_method": "greedy_score_based_with_store_hours",
  "seed_strategy": "highest_score_only",
  "max_cluster_radius_km": 6,
  "min_places_per_category": 7,
  "places_per_category": 15,
  "Accommodation": 10064533,
  "clusters": [
    {
      "cluster_id": 0,
      "date": "2025-12-31",
      "weekday": "수",
      "seed_category": "Attraction",
      "seed_place": {
        "id": 19564244,
        "name": "강릉 솔향수목원",
        "final_score": 0.4796
      },
      "center_lat": 37.697916,
      "center_lng": 128.861741,
      "categories": {
        "Cafe": [
          {
            "id": 1926050460,
            "name": "디코이덕",
            "final_score": 0.3344,
            "distance_from_center": 0.55
          },
          {
            "id": 1056262384,
            "name": "카페 화조월석",
            "final_score": 0.3142,
            "distance_from_center": 3.34
          },
          {
            "id": 15299378,
            "name": "포모도로",
            "final_score": 0.1326,
            "distance_from_center": 3.72
          },
          {
            "id": 34537489,
            "name": "과객",
            "final_score": 0.192,
            "distance_from_center": 4.46
          },
          {
            "id": 19900143,
            "name": "라몬타냐",
            "final_score": 0.1868,
            "distance_from_center": 4.56
          },
          {
            "id": 2067021446,
            "name": "떡이네",
            "final_score": 0.265,
            "distance_from_center": 5.05
          },
          {
            "id": 2012122325,
            "name": "루모",
            "final_score": 0.2755,
            "distance_from_center": 5.06
          },
          {
            "id": 1174448798,
            "name": "스타벅스 강릉IC DT점",
            "final_score": 0.3796,
            "distance_from_center": 5.52
          },
          {
            "id": 1761686436,
            "name": "카페 마눌",
            "final_score": 0.2693,
            "distance_from_center": 5.95
          },
          {
            "id": 1750727150,
            "name": "미미케이크",
            "final_score": 0.1529,
            "distance_from_center": 5.95
          },
          {
            "id": 1106082140,
            "name": "아이즈 로스터리 홍제동 본점",
            "final_score": 0.3052,
            "distance_from_center": 5.97
          }
        ],
        "Restaurant": [
          {
            "id": 1813413225,
            "name": "구정막국수 강릉점",
            "final_score": 0.25,
            "distance_from_center": 1.42
          },
          {
            "id": 1169873489,
            "name": "강릉두부마을",
            "final_score": 0.199,
            "distance_from_center": 2.31
          },
          {
            "id": 1124194019,
            "name": "구정쌈밥",
            "final_score": 0.1588,
            "distance_from_center": 2.32
          },
          {
            "id": 1969057580,
            "name": "학산2리 마을부녀회",
            "final_score": 0.2296,
            "distance_from_center": 2.53
          },
          {
            "id": 1017688810,
            "name": "강보리밥",
            "final_score": 0.1193,
            "distance_from_center": 2.68
          },
          {
            "id": 1360913554,
            "name": "별내리는산북",
            "final_score": 0.3546,
            "distance_from_center": 2.84
          },
          {
            "id": 1093799954,
            "name": "구정휴게소 구정반상",
            "final_score": 0.1629,
            "distance_from_center": 2.86
          },
          {
            "id": 1705520679,
            "name": "칠봉산자락",
            "final_score": 0.2555,
            "distance_from_center": 2.94
          },
          {
            "id": 15365261,
            "name": "버당말메기촌",
            "final_score": 0.2057,
            "distance_from_center": 3.05
          },
          {
            "id": 1359013774,
            "name": "회산보리밥뷔페",
            "final_score": 0.1603,
            "distance_from_center": 3.12
          },
          {
            "id": 1472679296,
            "name": "제비리장칼국수",
            "final_score": 0.1115,
            "distance_from_center": 3.12
          },
          {
            "id": 1449236862,
            "name": "오채연",
            "final_score": 0.3207,
            "distance_from_center": 3.14
          },
          {
            "id": 1575681079,
            "name": "학마을흑염소",
            "final_score": 0.203,
            "distance_from_center": 3.17
          },
          {
            "id": 37800217,
            "name": "삼교리동치미막국수 강릉본점",
            "final_score": 0.0707,
            "distance_from_center": 3.2
          },
          {
            "id": 2015959379,
            "name": "구정순두부마을",
            "final_score": 0.108,
            "distance_from_center": 3.25
          }
        ],
        "Attraction": [
          {
            "id": 19564244,
            "name": "강릉 솔향수목원",
            "final_score": 0.4796,
            "distance_from_center": 0.0
          },
          {
            "id": 266717564,
            "name": "강릉자동차극장",
            "final_score": 0.2253,
            "distance_from_center": 3.07
          },
          {
            "id": 13491494,
            "name": "남대천",
            "final_score": 0.3773,
            "distance_from_center": 3.59
          },
          {
            "id": 37081677,
            "name": "수상한마법학교",
            "final_score": 0.2429,
            "distance_from_center": 3.93
          },
          {
            "id": 1412053208,
            "name": "처음처럼&새로 브랜드 체험관",
            "final_score": 0.2232,
            "distance_from_center": 4.81
          },
          {
            "id": 20107994,
            "name": "대관령박물관",
            "final_score": 0.3369,
            "distance_from_center": 5.49
          },
          {
            "id": 19748069,
            "name": "단경골 휴양지",
            "final_score": 0.0,
            "distance_from_center": 5.56
          },
          {
            "id": 269545324,
            "name": "국립대관령치유의숲",
            "final_score": 0.3198,
            "distance_from_center": 5.63
          },
          {
            "id": 37090227,
            "name": "버드나무 브루어리",
            "final_score": 0.1135,
            "distance_from_center": 5.95
          }
        ]
      }
    },
    {
      "cluster_id": 1,
      "date": "2026-01-01",
      "weekday": "목",
      "seed_category": "Attraction",
      "seed_place": {
        "id": 20054507,
        "name": "주문진 등대",
        "final_score": 0.4535
      },
      "center_lat": 37.897673,
      "center_lng": 128.833787,
      "categories": {
        "Cafe": [
          {
            "id": 1396977535,
            "name": "소돌엔 등대점",
            "final_score": 0.2443,
            "distance_from_center": 0.1
          },
          {
            "id": 1543529590,
            "name": "카페제니엘 주문진점",
            "final_score": 0.3138,
            "distance_from_center": 0.37
          },
          {
            "id": 1543529590,
            "name": "카페제니엘 주문진점",
            "final_score": 0.3138,
            "distance_from_center": 0.37
          },
          {
            "id": 2017141901,
            "name": "에브리데이크",
            "final_score": 0.2367,
            "distance_from_center": 0.46
          },
          {
            "id": 1019347699,
            "name": "플레이스 플러스",
            "final_score": 0.2961,
            "distance_from_center": 0.73
          },
          {
            "id": 1266299794,
            "name": "해옫 강릉",
            "final_score": 0.2811,
            "distance_from_center": 0.8
          },
          {
            "id": 1299462841,
            "name": "소돌엔 강릉",
            "final_score": 0.2372,
            "distance_from_center": 1.09
          },
          {
            "id": 1169844332,
            "name": "스타벅스 강릉주문진점",
            "final_score": 0.2788,
            "distance_from_center": 1.84
          },
          {
            "id": 1147229173,
            "name": "도깨비젤라또",
            "final_score": 0.2659,
            "distance_from_center": 2.02
          },
          {
            "id": 1249217189,
            "name": "오드커피",
            "final_score": 0.2473,
            "distance_from_center": 2.1
          },
          {
            "id": 1876301121,
            "name": "포르토포레스트하우스",
            "final_score": 0.2245,
            "distance_from_center": 3.04
          },
          {
            "id": 1009179914,
            "name": "갈매기다방",
            "final_score": 0.3403,
            "distance_from_center": 3.15
          },
          {
            "id": 1839133695,
            "name": "빵을쇼핑하다빵명가치아바타CIABATTA",
            "final_score": 0.3361,
            "distance_from_center": 3.33
          },
          {
            "id": 15373350,
            "name": "브라질",
            "final_score": 0.268,
            "distance_from_center": 3.45
          },
          {
            "id": 1900553385,
            "name": "바우카페",
            "final_score": 0.3288,
            "distance_from_center": 3.46
          }
        ],
        "Restaurant": [
          {
            "id": 1490621136,
            "name": "남경막국수 주문진",
            "final_score": 0.2526,
            "distance_from_center": 0.08
          },
          {
            "id": 1034314848,
            "name": "삼성식당오또",
            "final_score": 0.2109,
            "distance_from_center": 0.29
          },
          {
            "id": 584356476,
            "name": "할매곰치국해물",
            "final_score": 0.1074,
            "distance_from_center": 0.31
          },
          {
            "id": 1129014067,
            "name": "라라푸드 홍짬순",
            "final_score": 0.1829,
            "distance_from_center": 0.32
          },
          {
            "id": 15356407,
            "name": "금홍대게",
            "final_score": 0.2206,
            "distance_from_center": 0.36
          },
          {
            "id": 37293982,
            "name": "잔치마당능이백숙",
            "final_score": 0.1362,
            "distance_from_center": 0.39
          },
          {
            "id": 1473728783,
            "name": "토라스시",
            "final_score": 0.1404,
            "distance_from_center": 0.49
          },
          {
            "id": 12808769,
            "name": "미림식당",
            "final_score": 0.1047,
            "distance_from_center": 0.52
          },
          {
            "id": 1515374261,
            "name": "주문진고기장터",
            "final_score": 0.1226,
            "distance_from_center": 0.64
          },
          {
            "id": 1881777746,
            "name": "민지네",
            "final_score": 0.2048,
            "distance_from_center": 0.64
          },
          {
            "id": 15354357,
            "name": "바다식당",
            "final_score": 0.0978,
            "distance_from_center": 0.72
          },
          {
            "id": 36892469,
            "name": "솔바람텃골",
            "final_score": 0.2264,
            "distance_from_center": 0.72
          },
          {
            "id": 1581649293,
            "name": "북청해장국",
            "final_score": 0.1229,
            "distance_from_center": 0.72
          },
          {
            "id": 1974654226,
            "name": "강원도엄나무닭강정",
            "final_score": 0.1602,
            "distance_from_center": 0.76
          },
          {
            "id": 36623104,
            "name": "주문진행운식당",
            "final_score": 0.167,
            "distance_from_center": 0.78
          }
        ],
        "Attraction": [
          {
            "id": 20054507,
            "name": "주문진 등대",
            "final_score": 0.4535,
            "distance_from_center": 0.0
          },
          {
            "id": 20059236,
            "name": "주문리마을",
            "final_score": 0.1017,
            "distance_from_center": 0.79
          },
          {
            "id": 34818378,
            "name": "주문진해양박물관",
            "final_score": 0.2892,
            "distance_from_center": 0.84
          },
          {
            "id": 19501415,
            "name": "소돌아들바위공원",
            "final_score": 0.3761,
            "distance_from_center": 1.0
          },
          {
            "id": 1600054868,
            "name": "해피아워크루즈",
            "final_score": 0.3876,
            "distance_from_center": 1.01
          },
          {
            "id": 13491657,
            "name": "소돌해수욕장",
            "final_score": 0.3341,
            "distance_from_center": 1.11
          },
          {
            "id": 13490946,
            "name": "주문진항",
            "final_score": 0.3432,
            "distance_from_center": 1.17
          },
          {
            "id": 13491005,
            "name": "주문진해수욕장",
            "final_score": 0.4023,
            "distance_from_center": 1.95
          },
          {
            "id": 15698326,
            "name": "향호해변",
            "final_score": 0.2798,
            "distance_from_center": 2.07
          },
          {
            "id": 1154013651,
            "name": "주문진bts",
            "final_score": 0.2877,
            "distance_from_center": 2.21
          },
          {
            "id": 13491150,
            "name": "영진해변",
            "final_score": 0.2327,
            "distance_from_center": 3.39
          },
          {
            "id": 20054445,
            "name": "영진항",
            "final_score": 0.3044,
            "distance_from_center": 3.58
          },
          {
            "id": 13444336,
            "name": "연곡해변",
            "final_score": 0.3403,
            "distance_from_center": 4.49
          },
          {
            "id": 12390002,
            "name": "강릉 복사꽃마을",
            "final_score": 0.2564,
            "distance_from_center": 5.32
          }
        ]
      }
    },
    {
      "cluster_id": 2,
      "date": "2026-01-02",
      "weekday": "금",
      "seed_category": "Attraction",
      "seed_place": {
        "id": 20066218,
        "name": "허난설헌 생가터",
        "final_score": 0.4393
      },
      "center_lat": 37.791928,
      "center_lng": 128.909675,
      "categories": {
        "Cafe": [
          {
            "id": 1195768568,
            "name": "플레이스 플러스",
            "final_score": 0.2553,
            "distance_from_center": 0.24
          },
          {
            "id": 1986612032,
            "name": "롱브레드 초당",
            "final_score": 0.1221,
            "distance_from_center": 0.31
          },
          {
            "id": 2038520626,
            "name": "시만차 포그",
            "final_score": 0.1791,
            "distance_from_center": 0.43
          },
          {
            "id": 998885728,
            "name": "카페 툇마루",
            "final_score": 0.0966,
            "distance_from_center": 0.44
          },
          {
            "id": 1037671264,
            "name": "카페동화",
            "final_score": 0.0592,
            "distance_from_center": 0.45
          },
          {
            "id": 1948973432,
            "name": "데일리오아시스 강릉점",
            "final_score": 0.0633,
            "distance_from_center": 0.46
          },
          {
            "id": 1046848158,
            "name": "초당커피",
            "final_score": 0.1951,
            "distance_from_center": 0.46
          },
          {
            "id": 2067971861,
            "name": "안초당",
            "final_score": 0.2326,
            "distance_from_center": 0.47
          },
          {
            "id": 1087262116,
            "name": "강원옥 찹쌀떡",
            "final_score": 0.2391,
            "distance_from_center": 0.48
          },
          {
            "id": 1794472949,
            "name": "에브리모먼트커피",
            "final_score": 0.1534,
            "distance_from_center": 0.49
          },
          {
            "id": 1209837360,
            "name": "초당고래로스팅카페",
            "final_score": 0.1976,
            "distance_from_center": 0.51
          },
          {
            "id": 1103533977,
            "name": "허스크밀",
            "final_score": 0.0393,
            "distance_from_center": 0.51
          },
          {
            "id": 1834719170,
            "name": "초당소금빵",
            "final_score": 0.0184,
            "distance_from_center": 0.52
          },
          {
            "id": 1212033877,
            "name": "강릉샌드 초당점",
            "final_score": 0.1564,
            "distance_from_center": 0.56
          },
          {
            "id": 1188561598,
            "name": "초당밀",
            "final_score": 0.266,
            "distance_from_center": 0.57
          }
        ],
        "Restaurant": [
          {
            "id": 1318087817,
            "name": "다송가든",
            "final_score": 0.2534,
            "distance_from_center": 0.15
          },
          {
            "id": 1582541943,
            "name": "초당화",
            "final_score": 0.2134,
            "distance_from_center": 0.18
          },
          {
            "id": 13052149,
            "name": "정은숙초당순두부",
            "final_score": 0.1806,
            "distance_from_center": 0.24
          },
          {
            "id": 1824668746,
            "name": "초당꼬마김밥 강릉점",
            "final_score": 0.2408,
            "distance_from_center": 0.27
          },
          {
            "id": 2041883893,
            "name": "아라시",
            "final_score": 0.2056,
            "distance_from_center": 0.29
          },
          {
            "id": 15327169,
            "name": "점봉산산채산나물천국",
            "final_score": 0.1359,
            "distance_from_center": 0.3
          },
          {
            "id": 631054551,
            "name": "강릉 낭만게장&백숙",
            "final_score": 0.1112,
            "distance_from_center": 0.31
          },
          {
            "id": 1065842255,
            "name": "강릉전복영양솥밥화덕생선구이",
            "final_score": 0.1675,
            "distance_from_center": 0.34
          },
          {
            "id": 1009432770,
            "name": "초당훈이순두부짬뽕",
            "final_score": 0.1535,
            "distance_from_center": 0.34
          },
          {
            "id": 1485403345,
            "name": "강릉초당콩감자탕",
            "final_score": 0.2211,
            "distance_from_center": 0.36
          },
          {
            "id": 11859878,
            "name": "강릉짬뽕순두부 동화가든 본점",
            "final_score": 0.0717,
            "distance_from_center": 0.45
          },
          {
            "id": 36952290,
            "name": "오월에초당",
            "final_score": 0.0682,
            "distance_from_center": 0.45
          },
          {
            "id": 1880153847,
            "name": "강릉 하월당 초당짬뽕순두부",
            "final_score": 0.2097,
            "distance_from_center": 0.46
          },
          {
            "id": 15327157,
            "name": "고향산천초당순두부",
            "final_score": 0.2034,
            "distance_from_center": 0.47
          },
          {
            "id": 1415619635,
            "name": "나상명강릉초당순두부",
            "final_score": 0.1694,
            "distance_from_center": 0.47
          }
        ],
        "Attraction": [
          {
            "id": 20066218,
            "name": "허난설헌 생가터",
            "final_score": 0.4393,
            "distance_from_center": 0.0
          },
          {
            "id": 1130774967,
            "name": "허균·허난설헌 기념공원",
            "final_score": 0.4228,
            "distance_from_center": 0.02
          },
          {
            "id": 1090555407,
            "name": "아르떼뮤지엄 강릉",
            "final_score": 0.3367,
            "distance_from_center": 0.26
          },
          {
            "id": 37434460,
            "name": "경포 아쿠아리움",
            "final_score": 0.2579,
            "distance_from_center": 0.26
          },
          {
            "id": 1881857549,
            "name": "강릉 메타버스 체험관",
            "final_score": 0.2635,
            "distance_from_center": 0.52
          },
          {
            "id": 1542622512,
            "name": "원더스카이",
            "final_score": 0.1905,
            "distance_from_center": 0.54
          },
          {
            "id": 31506191,
            "name": "초당순두부마을",
            "final_score": 0.0956,
            "distance_from_center": 0.59
          },
          {
            "id": 472414455,
            "name": "경포호수광장",
            "final_score": 0.3656,
            "distance_from_center": 0.65
          },
          {
            "id": 1063021154,
            "name": "경포플라워가든",
            "final_score": 0.3684,
            "distance_from_center": 0.68
          },
          {
            "id": 1940124735,
            "name": "강문솟대다리",
            "final_score": 0.3651,
            "distance_from_center": 0.78
          },
          {
            "id": 13491183,
            "name": "강문해변",
            "final_score": 0.3463,
            "distance_from_center": 0.89
          },
          {
            "id": 32777223,
            "name": "자연아놀자 체험학습박물관",
            "final_score": 0.2039,
            "distance_from_center": 0.9
          },
          {
            "id": 31044854,
            "name": "경포가시연습지",
            "final_score": 0.3357,
            "distance_from_center": 1.0
          },
          {
            "id": 1112785467,
            "name": "런닝맨 강릉점",
            "final_score": 0.3067,
            "distance_from_center": 1.04
          },
          {
            "id": 13300191,
            "name": "경포도립공원",
            "final_score": 0.3509,
            "distance_from_center": 1.2
          }
        ]
      }
    }
  ]
}