{
  "budget_per_day": 666666.67,
  "itinerary": [
    {
      "day": 1,
      "date": "2025-10-07",
      "travel_day": "Tue",
      "season": "offpeak",
      "is_weekend": false,
      "transport": "car",
      "place_plan": [
        {
          "category": "Accommodation",
          "count": 1,
          "time": "09:30"
        },
        {
          "category": "Cafe",
          "count": 1,
          "time": "10:30"
        },
        {
          "category": "Attraction",
          "count": 1,
          "time": "11:30"
        },
        {
          "category": "Restaurant",
          "count": 1,
          "time": "13:00"
        },
        {
          "category": "Attraction",
          "count": 1,
          "time": "15:00"
        },
        {
          "category": "Cafe",
          "count": 1,
          "time": "17:00"
        },
        {
          "category": "Restaurant",
          "count": 1,
          "time": "18:30"
        },
        {
          "category": "Accommodation",
          "count": 1,
          "time": "20:00"
        }
      ]
    },
    {
      "day": 2,
      "date": "2025-10-08",
      "travel_day": "Wed",
      "season": "offpeak",
      "is_weekend": false,
      "transport": "car",
      "place_plan": [
        {
          "category": "Accommodation",
          "count": 1,
          "time": "09:30"
        },
        {
          "category": "Cafe",
          "count": 1,
          "time": "10:30"
        },
        {
          "category": "Attraction",
          "count": 1,
          "time": "11:30"
        },
        {
          "category": "Restaurant",
          "count": 1,
          "time": "13:00"
        },
        {
          "category": "Attraction",
          "count": 1,
          "time": "15:00"
        },
        {
          "category": "Cafe",
          "count": 1,
          "time": "17:00"
        },
        {
          "category": "Restaurant",
          "count": 1,
          "time": "18:30"
        },
        {
          "category": "Accommodation",
          "count": 1,
          "time": "20:00"
        }
      ]
    },
    {
      "day": 3,
      "date": "2025-10-09",
      "travel_day": "Thu",
      "season": "offpeak",
      "is_weekend": false,
      "transport": "car",
      "place_plan": [
        {
          "category": "Accommodation",
          "count": 1,
          "time": "09:30"
        },
        {
          "category": "Cafe",
          "count": 1,
          "time": "10:30"
        },
        {
          "category": "Attraction",
          "count": 1,
          "time": "11:30"
        },
        {
          "category": "Restaurant",
          "count": 1,
          "time": "13:00"
        },
        {
          "category": "Attraction",
          "count": 1,
          "time": "15:00"
        },
        {
          "category": "Cafe",
          "count": 1,
          "time": "17:00"
        },
        {
          "category": "Restaurant",
          "count": 1,
          "time": "18:30"
        }
      ]
    }
  ]
}