{
  "budget_per_day": 200000,
  "itinerary": [
    {
      "day": 1,
      "date": "2025-08-28",
      "travel_day": "Thu",
      "season": "peak",
      "is_weekend": false,
      "transport": "car",
      "place_plan": [
        {
          "category": "Accommodation",
          "count": 1,
          "time": "08:00"
        },
        {
          "category": "Attraction",
          "count": 1,
          "time": "09:00"
        },
        {
          "category": "Cafe",
          "count": 1,
          "time": "11:00"
        },
        {
          "category": "Attraction",
          "count": 2,
          "time": "12:30"
        },
        {
          "category": "Restaurant",
          "count": 1,
          "time": "15:00"
        },
        {
          "category": "Attraction",
          "count": 3,
          "time": "17:00"
        },
        {
          "category": "Restaurant",
          "count": 2,
          "time": "19:00"
        },
        {
          "category": "Accommodation",
          "count": 2,
          "time": "21:00"
        }
      ]
    },
    {
      "day": 2,
      "date": "2025-08-29",
      "travel_day": "Fri",
      "season": "peak",
      "is_weekend": true,
      "transport": "car",
      "place_plan": [
        {
          "category": "Accommodation",
          "count": 1,
          "time": "08:00"
        },
        {
          "category": "Attraction",
          "count": 1,
          "time": "09:00"
        },
        {
          "category": "Cafe",
          "count": 1,
          "time": "11:00"
        },
        {
          "category": "Attraction",
          "count": 2,
          "time": "12:30"
        },
        {
          "category": "Restaurant",
          "count": 1,
          "time": "15:00"
        },
        {
          "category": "Attraction",
          "count": 3,
          "time": "17:00"
        },
        {
          "category": "Restaurant",
          "count": 2,
          "time": "19:00"
        }
      ]
    }
  ]
}