{
  "budget_per_day": 233333.33,
  "itinerary": [
    {
      "day": 1,
      "date": "2025-01-31",
      "travel_day": "Fri",
      "season": "peak",
      "is_weekend": true,
      "transport": "car",
      "place_plan": [
        {
          "category": "Accommodation",
          "count": 1,
          "time": "08:30"
        },
        {
          "category": "Attraction",
          "count": 1,
          "time": "10:30"
        },
        {
          "category": "Cafe",
          "count": 1,
          "time": "12:30"
        },
        {
          "category": "Attraction",
          "count": 1,
          "time": "14:00"
        },
        {
          "category": "Restaurant",
          "count": 1,
          "time": "17:00"
        },
        {
          "category": "Restaurant",
          "count": 1,
          "time": "19:00"
        },
        {
          "category": "Accommodation",
          "count": 1,
          "time": "20:00"
        }
      ]
    },
    {
      "day": 2,
      "date": "2025-02-01",
      "travel_day": "Sat",
      "season": "offpeak",
      "is_weekend": true,
      "transport": "car",
      "place_plan": [
        {
          "category": "Accommodation",
          "count": 1,
          "time": "08:30"
        },
        {
          "category": "Attraction",
          "count": 1,
          "time": "10:00"
        },
        {
          "category": "Cafe",
          "count": 1,
          "time": "12:00"
        },
        {
          "category": "Attraction",
          "count": 1,
          "time": "14:00"
        },
        {
          "category": "Attraction",
          "count": 1,
          "time": "16:00"
        },
        {
          "category": "Restaurant",
          "count": 1,
          "time": "18:00"
        },
        {
          "category": "Restaurant",
          "count": 1,
          "time": "19:30"
        },
        {
          "category": "Accommodation",
          "count": 1,
          "time": "20:00"
        }
      ]
    },
    {
      "day": 3,
      "date": "2025-02-02",
      "travel_day": "Sun",
      "season": "offpeak",
      "is_weekend": false,
      "transport": "car",
      "place_plan": [
        {
          "category": "Accommodation",
          "count": 1,
          "time": "08:30"
        },
        {
          "category": "Attraction",
          "count": 1,
          "time": "10:00"
        },
        {
          "category": "Cafe",
          "count": 1,
          "time": "12:00"
        },
        {
          "category": "Attraction",
          "count": 1,
          "time": "14:00"
        },
        {
          "category": "Restaurant",
          "count": 1,
          "time": "16:00"
        },
        {
          "category": "Restaurant",
          "count": 1,
          "time": "18:00"
        }
      ]
    }
  ]
}