{
  "budget_per_day": 166666.67,
  "itinerary": [
    {
      "day": 1,
      "date": "2025-07-10",
      "travel_day": "Thu",
      "season": "peak",
      "is_weekend": false,
      "transport": "car",
      "place_plan": [
        {
          "category": "Accommodation",
          "count": 1,
          "time": "08:00"
        },
        {
          "category": "Attraction",
          "count": 1,
          "time": "09:30"
        },
        {
          "category": "Cafe",
          "count": 1,
          "time": "12:00"
        },
        {
          "category": "Restaurant",
          "count": 1,
          "time": "14:00"
        },
        {
          "category": "Attraction",
          "count": 2,
          "time": "16:00"
        },
        {
          "category": "Restaurant",
          "count": 2,
          "time": "18:00"
        },
        {
          "category": "Accommodation",
          "count": 2,
          "time": "18:30"
        }
      ]
    },
    {
      "day": 2,
      "date": "2025-07-11",
      "travel_day": "Fri",
      "season": "peak",
      "is_weekend": true,
      "transport": "car",
      "place_plan": [
        {
          "category": "Accommodation",
          "count": 1,
          "time": "08:00"
        },
        {
          "category": "Attraction",
          "count": 1,
          "time": "09:30"
        },
        {
          "category": "Cafe",
          "count": 1,
          "time": "12:00"
        },
        {
          "category": "Restaurant",
          "count": 1,
          "time": "14:00"
        },
        {
          "category": "Attraction",
          "count": 2,
          "time": "16:00"
        },
        {
          "category": "Restaurant",
          "count": 2,
          "time": "18:00"
        },
        {
          "category": "Accommodation",
          "count": 2,
          "time": "18:30"
        }
      ]
    },
    {
      "day": 3,
      "date": "2025-07-12",
      "travel_day": "Sat",
      "season": "peak",
      "is_weekend": true,
      "transport": "car",
      "place_plan": [
        {
          "category": "Accommodation",
          "count": 1,
          "time": "08:00"
        },
        {
          "category": "Attraction",
          "count": 1,
          "time": "09:30"
        },
        {
          "category": "Cafe",
          "count": 1,
          "time": "12:00"
        },
        {
          "category": "Restaurant",
          "count": 1,
          "time": "14:00"
        },
        {
          "category": "Attraction",
          "count": 2,
          "time": "16:00"
        },
        {
          "category": "Restaurant",
          "count": 2,
          "time": "18:00"
        }
      ]
    }
  ]
}