{
  "budget_per_day": 250000,
  "itinerary": [
    {
      "day": 1,
      "date": "2025-04-08",
      "travel_day": "Tue",
      "season": "offpeak",
      "is_weekend": false,
      "transport": "car",
      "place_plan": [
        {
          "category": "Accommodation",
          "count": 1,
          "time": "08:00"
        },
        {
          "category": "Attraction",
          "count": 1,
          "time": "09:00"
        },
        {
          "category": "Cafe",
          "count": 1,
          "time": "11:00"
        },
        {
          "category": "Attraction",
          "count": 1,
          "time": "12:30"
        },
        {
          "category": "Restaurant",
          "count": 1,
          "time": "14:00"
        },
        {
          "category": "Attraction",
          "count": 1,
          "time": "16:00"
        },
        {
          "category": "Restaurant",
          "count": 1,
          "time": "18:00"
        },
        {
          "category": "Accommodation",
          "count": 1,
          "time": "19:00"
        }
      ]
    },
    {
      "day": 2,
      "date": "2025-04-09",
      "travel_day": "Wed",
      "season": "offpeak",
      "is_weekend": false,
      "transport": "car",
      "place_plan": [
        {
          "category": "Accommodation",
          "count": 1,
          "time": "08:00"
        },
        {
          "category": "Attraction",
          "count": 1,
          "time": "09:00"
        },
        {
          "category": "Cafe",
          "count": 1,
          "time": "11:00"
        },
        {
          "category": "Attraction",
          "count": 1,
          "time": "12:30"
        },
        {
          "category": "Restaurant",
          "count": 1,
          "time": "14:00"
        },
        {
          "category": "Attraction",
          "count": 1,
          "time": "16:00"
        },
        {
          "category": "Restaurant",
          "count": 1,
          "time": "18:00"
        }
      ]
    }
  ]
}