{
  "budget_per_day": 500000,
  "itinerary": [
    {
      "day": 1,
      "date": "2025-07-15",
      "travel_day": "Tue",
      "season": "peak",
      "is_weekend": false,
      "transport": "car",
      "place_plan": [
        {
          "category": "Accommodation",
          "count": 1,
          "time": "09:30"
        },
        {
          "category": "Attraction",
          "count": 2,
          "time": "10:30"
        },
        {
          "category": "Cafe",
          "count": 1,
          "time": "14:00"
        },
        {
          "category": "Restaurant",
          "count": 2,
          "time": "16:00"
        },
        {
          "category": "Accommodation",
          "count": 1,
          "time": "19:30"
        }
      ]
    },
    {
      "day": 2,
      "date": "2025-07-16",
      "travel_day": "Wed",
      "season": "peak",
      "is_weekend": false,
      "transport": "car",
      "place_plan": [
        {
          "category": "Accommodation",
          "count": 1,
          "time": "09:30"
        },
        {
          "category": "Attraction",
          "count": 3,
          "time": "10:30"
        },
        {
          "category": "Cafe",
          "count": 1,
          "time": "15:00"
        },
        {
          "category": "Restaurant",
          "count": 2,
          "time": "17:30"
        },
        {
          "category": "Accommodation",
          "count": 1,
          "time": "19:30"
        }
      ]
    },
    {
      "day": 3,
      "date": "2025-07-17",
      "travel_day": "Thu",
      "season": "peak",
      "is_weekend": false,
      "transport": "car",
      "place_plan": [
        {
          "category": "Accommodation",
          "count": 1,
          "time": "09:30"
        },
        {
          "category": "Attraction",
          "count": 2,
          "time": "10:30"
        },
        {
          "category": "Cafe",
          "count": 1,
          "time": "14:00"
        },
        {
          "category": "Restaurant",
          "count": 2,
          "time": "16:00"
        }
      ]
    }
  ]
}