{
  "budget_per_day": 366666.67,
  "itinerary": [
    {
      "day": 1,
      "date": "2025-10-18",
      "travel_day": "Sat",
      "season": "offpeak",
      "is_weekend": true,
      "transport": "car",
      "place_plan": [
        {
          "category": "Accommodation",
          "count": 1,
          "time": "09:30"
        },
        {
          "category": "Attraction",
          "count": 1,
          "time": "11:00"
        },
        {
          "category": "Cafe",
          "count": 1,
          "time": "14:00"
        },
        {
          "category": "Restaurant",
          "count": 1,
          "time": "15:30"
        },
        {
          "category": "Attraction",
          "count": 1,
          "time": "17:00"
        },
        {
          "category": "Restaurant",
          "count": 1,
          "time": "19:00"
        },
        {
          "category": "Accommodation",
          "count": 1,
          "time": "20:30"
        }
      ]
    },
    {
      "day": 2,
      "date": "2025-10-19",
      "travel_day": "Sun",
      "season": "offpeak",
      "is_weekend": false,
      "transport": "car",
      "place_plan": [
        {
          "category": "Accommodation",
          "count": 1,
          "time": "09:30"
        },
        {
          "category": "Attraction",
          "count": 1,
          "time": "11:00"
        },
        {
          "category": "Cafe",
          "count": 1,
          "time": "14:00"
        },
        {
          "category": "Restaurant",
          "count": 1,
          "time": "15:30"
        },
        {
          "category": "Attraction",
          "count": 1,
          "time": "17:00"
        },
        {
          "category": "Restaurant",
          "count": 1,
          "time": "19:00"
        },
        {
          "category": "Accommodation",
          "count": 1,
          "time": "20:30"
        }
      ]
    },
    {
      "day": 3,
      "date": "2025-10-20",
      "travel_day": "Mon",
      "season": "offpeak",
      "is_weekend": false,
      "transport": "car",
      "place_plan": [
        {
          "category": "Accommodation",
          "count": 1,
          "time": "09:30"
        },
        {
          "category": "Attraction",
          "count": 1,
          "time": "11:00"
        },
        {
          "category": "Cafe",
          "count": 1,
          "time": "14:00"
        },
        {
          "category": "Restaurant",
          "count": 1,
          "time": "15:30"
        },
        {
          "category": "Attraction",
          "count": 1,
          "time": "17:00"
        },
        {
          "category": "Restaurant",
          "count": 1,
          "time": "19:00"
        }
      ]
    }
  ]
}