{
  "budget_per_day": 266666.67,
  "itinerary": [
    {
      "day": 1,
      "date": "2025-03-24",
      "travel_day": "Mon",
      "season": "offpeak",
      "is_weekend": false,
      "transport": "car",
      "place_plan": [
        {
          "category": "Accommodation",
          "count": 1,
          "time": "08:00"
        },
        {
          "category": "Attraction",
          "count": 1,
          "time": "10:00"
        },
        {
          "category": "Cafe",
          "count": 1,
          "time": "13:00"
        },
        {
          "category": "Restaurant",
          "count": 1,
          "time": "15:00"
        },
        {
          "category": "Attraction",
          "count": 1,
          "time": "17:00"
        },
        {
          "category": "Restaurant",
          "count": 1,
          "time": "18:00"
        },
        {
          "category": "Accommodation",
          "count": 1,
          "time": "19:30"
        }
      ]
    },
    {
      "day": 2,
      "date": "2025-03-25",
      "travel_day": "Tue",
      "season": "offpeak",
      "is_weekend": false,
      "transport": "car",
      "place_plan": [
        {
          "category": "Accommodation",
          "count": 1,
          "time": "08:00"
        },
        {
          "category": "Attraction",
          "count": 1,
          "time": "09:30"
        },
        {
          "category": "Cafe",
          "count": 1,
          "time": "12:00"
        },
        {
          "category": "Restaurant",
          "count": 1,
          "time": "14:00"
        },
        {
          "category": "Attraction",
          "count": 1,
          "time": "16:00"
        },
        {
          "category": "Restaurant",
          "count": 1,
          "time": "18:00"
        },
        {
          "category": "Accommodation",
          "count": 1,
          "time": "19:30"
        }
      ]
    },
    {
      "day": 3,
      "date": "2025-03-26",
      "travel_day": "Wed",
      "season": "offpeak",
      "is_weekend": false,
      "transport": "car",
      "place_plan": [
        {
          "category": "Accommodation",
          "count": 1,
          "time": "08:00"
        },
        {
          "category": "Attraction",
          "count": 1,
          "time": "09:30"
        },
        {
          "category": "Cafe",
          "count": 1,
          "time": "12:00"
        },
        {
          "category": "Restaurant",
          "count": 1,
          "time": "14:00"
        },
        {
          "category": "Attraction",
          "count": 1,
          "time": "16:00"
        },
        {
          "category": "Restaurant",
          "count": 1,
          "time": "18:00"
        }
      ]
    }
  ]
}