{
  "budget_per_day": 220000,
  "itinerary": [
    {
      "day": 1,
      "date": "2025-01-29",
      "travel_day": "Wed",
      "season": "peak",
      "is_weekend": false,
      "transport": "car",
      "place_plan": [
        {
          "category": "Accommodation",
          "count": 1,
          "time": "08:00"
        },
        {
          "category": "Attraction",
          "count": 1,
          "time": "09:30"
        },
        {
          "category": "Cafe",
          "count": 1,
          "time": "12:00"
        },
        {
          "category": "Restaurant",
          "count": 1,
          "time": "13:30"
        },
        {
          "category": "Attraction",
          "count": 1,
          "time": "15:00"
        },
        {
          "category": "Restaurant",
          "count": 1,
          "time": "17:00"
        },
        {
          "category": "Accommodation",
          "count": 1,
          "time": "18:30"
        }
      ]
    },
    {
      "day": 2,
      "date": "2025-01-30",
      "travel_day": "Thu",
      "season": "peak",
      "is_weekend": false,
      "transport": "car",
      "place_plan": [
        {
          "category": "Accommodation",
          "count": 1,
          "time": "08:00"
        },
        {
          "category": "Attraction",
          "count": 1,
          "time": "09:30"
        },
        {
          "category": "Cafe",
          "count": 1,
          "time": "12:00"
        },
        {
          "category": "Restaurant",
          "count": 1,
          "time": "13:30"
        },
        {
          "category": "Attraction",
          "count": 1,
          "time": "15:00"
        },
        {
          "category": "Restaurant",
          "count": 1,
          "time": "17:00"
        },
        {
          "category": "Accommodation",
          "count": 1,
          "time": "18:30"
        }
      ]
    },
    {
      "day": 3,
      "date": "2025-01-31",
      "travel_day": "Fri",
      "season": "peak",
      "is_weekend": true,
      "transport": "car",
      "place_plan": [
        {
          "category": "Accommodation",
          "count": 1,
          "time": "08:00"
        },
        {
          "category": "Attraction",
          "count": 1,
          "time": "09:30"
        },
        {
          "category": "Cafe",
          "count": 1,
          "time": "12:00"
        },
        {
          "category": "Restaurant",
          "count": 1,
          "time": "13:30"
        },
        {
          "category": "Attraction",
          "count": 1,
          "time": "15:00"
        },
        {
          "category": "Restaurant",
          "count": 1,
          "time": "17:00"
        },
        {
          "category": "Accommodation",
          "count": 1,
          "time": "18:30"
        }
      ]
    },
    {
      "day": 4,
      "date": "2025-02-01",
      "travel_day": "Sat",
      "season": "offpeak",
      "is_weekend": true,
      "transport": "car",
      "place_plan": [
        {
          "category": "Accommodation",
          "count": 1,
          "time": "08:00"
        },
        {
          "category": "Attraction",
          "count": 1,
          "time": "09:30"
        },
        {
          "category": "Cafe",
          "count": 1,
          "time": "12:00"
        },
        {
          "category": "Restaurant",
          "count": 1,
          "time": "13:30"
        },
        {
          "category": "Attraction",
          "count": 1,
          "time": "15:00"
        },
        {
          "category": "Restaurant",
          "count": 1,
          "time": "17:00"
        },
        {
          "category": "Accommodation",
          "count": 1,
          "time": "18:30"
        }
      ]
    },
    {
      "day": 5,
      "date": "2025-02-02",
      "travel_day": "Sun",
      "season": "offpeak",
      "is_weekend": false,
      "transport": "car",
      "place_plan": [
        {
          "category": "Accommodation",
          "count": 1,
          "time": "08:00"
        },
        {
          "category": "Attraction",
          "count": 1,
          "time": "09:30"
        },
        {
          "category": "Cafe",
          "count": 1,
          "time": "12:00"
        },
        {
          "category": "Restaurant",
          "count": 1,
          "time": "13:30"
        },
        {
          "category": "Attraction",
          "count": 1,
          "time": "15:00"
        },
        {
          "category": "Restaurant",
          "count": 1,
          "time": "17:00"
        }
      ]
    }
  ]
}