{
  "budget_per_day": 120000,
  "itinerary": [
    {
      "day": 1,
      "date": "2025-01-17",
      "travel_day": "Fri",
      "season": "peak",
      "is_weekend": true,
      "transport": "car",
      "place_plan": [
        {
          "category": "Accommodation",
          "count": 1,
          "time": "09:30"
        },
        {
          "category": "Attraction",
          "count": 1,
          "time": "11:00"
        },
        {
          "category": "Cafe",
          "count": 1,
          "time": "13:00"
        },
        {
          "category": "Attraction",
          "count": 1,
          "time": "14:30"
        },
        {
          "category": "Attraction",
          "count": 1,
          "time": "16:00"
        },
        {
          "category": "Restaurant",
          "count": 1,
          "time": "18:30"
        },
        {
          "category": "Accommodation",
          "count": 1,
          "time": "20:30"
        }
      ]
    },
    {
      "day": 2,
      "date": "2025-01-18",
      "travel_day": "Sat",
      "season": "peak",
      "is_weekend": true,
      "transport": "car",
      "place_plan": [
        {
          "category": "Accommodation",
          "count": 1,
          "time": "09:30"
        },
        {
          "category": "Attraction",
          "count": 1,
          "time": "11:00"
        },
        {
          "category": "Attraction",
          "count": 1,
          "time": "12:30"
        },
        {
          "category": "Cafe",
          "count": 1,
          "time": "14:00"
        },
        {
          "category": "Attraction",
          "count": 1,
          "time": "15:30"
        },
        {
          "category": "Restaurant",
          "count": 1,
          "time": "18:00"
        },
        {
          "category": "Accommodation",
          "count": 1,
          "time": "20:30"
        }
      ]
    },
    {
      "day": 3,
      "date": "2025-01-19",
      "travel_day": "Sun",
      "season": "peak",
      "is_weekend": false,
      "transport": "car",
      "place_plan": [
        {
          "category": "Accommodation",
          "count": 1,
          "time": "09:30"
        },
        {
          "category": "Attraction",
          "count": 1,
          "time": "11:00"
        },
        {
          "category": "Attraction",
          "count": 1,
          "time": "12:30"
        },
        {
          "category": "Cafe",
          "count": 1,
          "time": "14:00"
        },
        {
          "category": "Attraction",
          "count": 1,
          "time": "15:30"
        },
        {
          "category": "Restaurant",
          "count": 1,
          "time": "18:00"
        },
        {
          "category": "Accommodation",
          "count": 1,
          "time": "20:30"
        }
      ]
    },
    {
      "day": 4,
      "date": "2025-01-20",
      "travel_day": "Mon",
      "season": "peak",
      "is_weekend": false,
      "transport": "car",
      "place_plan": [
        {
          "category": "Accommodation",
          "count": 1,
          "time": "09:30"
        },
        {
          "category": "Attraction",
          "count": 1,
          "time": "11:00"
        },
        {
          "category": "Attraction",
          "count": 1,
          "time": "12:30"
        },
        {
          "category": "Cafe",
          "count": 1,
          "time": "14:00"
        },
        {
          "category": "Attraction",
          "count": 1,
          "time": "15:30"
        },
        {
          "category": "Restaurant",
          "count": 1,
          "time": "18:00"
        },
        {
          "category": "Accommodation",
          "count": 1,
          "time": "20:30"
        }
      ]
    },
    {
      "day": 5,
      "date": "2025-01-21",
      "travel_day": "Tue",
      "season": "peak",
      "is_weekend": false,
      "transport": "car",
      "place_plan": [
        {
          "category": "Accommodation",
          "count": 1,
          "time": "09:30"
        },
        {
          "category": "Attraction",
          "count": 1,
          "time": "11:00"
        },
        {
          "category": "Attraction",
          "count": 1,
          "time": "12:30"
        },
        {
          "category": "Cafe",
          "count": 1,
          "time": "14:00"
        },
        {
          "category": "Attraction",
          "count": 1,
          "time": "15:30"
        },
        {
          "category": "Restaurant",
          "count": 1,
          "time": "18:00"
        }
      ]
    }
  ]
}