{
  "budget_per_day": 200000,
  "itinerary": [
    {
      "day": 1,
      "date": "2025-12-06",
      "travel_day": "Sat",
      "season": "peak",
      "is_weekend": true,
      "transport": "car",
      "place_plan": [
        {
          "category": "Accommodation",
          "count": 1,
          "time": "08:30"
        },
        {
          "category": "Attraction",
          "count": 1,
          "time": "09:30"
        },
        {
          "category": "Attraction",
          "count": 1,
          "time": "12:00"
        },
        {
          "category": "Cafe",
          "count": 1,
          "time": "15:00"
        },
        {
          "category": "Attraction",
          "count": 1,
          "time": "16:30"
        },
        {
          "category": "Restaurant",
          "count": 1,
          "time": "18:30"
        },
        {
          "category": "Accommodation",
          "count": 1,
          "time": "20:00"
        }
      ]
    },
    {
      "day": 2,
      "date": "2025-12-07",
      "travel_day": "Sun",
      "season": "peak",
      "is_weekend": false,
      "transport": "car",
      "place_plan": [
        {
          "category": "Accommodation",
          "count": 1,
          "time": "08:30"
        },
        {
          "category": "Attraction",
          "count": 1,
          "time": "09:30"
        },
        {
          "category": "Attraction",
          "count": 1,
          "time": "11:30"
        },
        {
          "category": "Cafe",
          "count": 1,
          "time": "14:00"
        },
        {
          "category": "Attraction",
          "count": 1,
          "time": "15:30"
        },
        {
          "category": "Restaurant",
          "count": 1,
          "time": "18:00"
        },
        {
          "category": "Accommodation",
          "count": 1,
          "time": "20:00"
        }
      ]
    },
    {
      "day": 3,
      "date": "2025-12-08",
      "travel_day": "Mon",
      "season": "peak",
      "is_weekend": false,
      "transport": "car",
      "place_plan": [
        {
          "category": "Accommodation",
          "count": 1,
          "time": "08:30"
        },
        {
          "category": "Attraction",
          "count": 1,
          "time": "09:30"
        },
        {
          "category": "Attraction",
          "count": 1,
          "time": "11:30"
        },
        {
          "category": "Cafe",
          "count": 1,
          "time": "14:00"
        },
        {
          "category": "Attraction",
          "count": 1,
          "time": "15:30"
        },
        {
          "category": "Restaurant",
          "count": 1,
          "time": "18:00"
        }
      ]
    }
  ]
}