{
  "budget_per_day": 166666.67,
  "itinerary": [
    {
      "day": 1,
      "date": "2025-01-23",
      "travel_day": "Thu",
      "season": "peak",
      "is_weekend": false,
      "transport": "car",
      "place_plan": [
        {
          "category": "Accommodation",
          "count": 1,
          "time": "08:30"
        },
        {
          "category": "Attraction",
          "count": 1,
          "time": "09:30"
        },
        {
          "category": "Cafe",
          "count": 1,
          "time": "11:00"
        },
        {
          "category": "Restaurant",
          "count": 1,
          "time": "13:00"
        },
        {
          "category": "Attraction",
          "count": 1,
          "time": "15:00"
        },
        {
          "category": "Restaurant",
          "count": 1,
          "time": "18:00"
        },
        {
          "category": "Accommodation",
          "count": 1,
          "time": "20:00"
        }
      ]
    },
    {
      "day": 2,
      "date": "2025-01-24",
      "travel_day": "Fri",
      "season": "peak",
      "is_weekend": true,
      "transport": "car",
      "place_plan": [
        {
          "category": "Accommodation",
          "count": 1,
          "time": "08:30"
        },
        {
          "category": "Attraction",
          "count": 1,
          "time": "09:30"
        },
        {
          "category": "Cafe",
          "count": 1,
          "time": "11:00"
        },
        {
          "category": "Restaurant",
          "count": 1,
          "time": "13:00"
        },
        {
          "category": "Attraction",
          "count": 1,
          "time": "15:00"
        },
        {
          "category": "Restaurant",
          "count": 1,
          "time": "18:00"
        },
        {
          "category": "Accommodation",
          "count": 1,
          "time": "20:00"
        }
      ]
    },
    {
      "day": 3,
      "date": "2025-01-25",
      "travel_day": "Sat",
      "season": "peak",
      "is_weekend": true,
      "transport": "car",
      "place_plan": [
        {
          "category": "Accommodation",
          "count": 1,
          "time": "08:30"
        },
        {
          "category": "Attraction",
          "count": 1,
          "time": "09:30"
        },
        {
          "category": "Cafe",
          "count": 1,
          "time": "11:00"
        },
        {
          "category": "Restaurant",
          "count": 1,
          "time": "13:00"
        },
        {
          "category": "Attraction",
          "count": 1,
          "time": "15:00"
        },
        {
          "category": "Restaurant",
          "count": 1,
          "time": "18:00"
        }
      ]
    }
  ]
}