{
  "budget_per_day": 850000,
  "itinerary": [
    {
      "day": 1,
      "date": "2025-08-17",
      "travel_day": "Sun",
      "season": "peak",
      "is_weekend": false,
      "transport": "car",
      "place_plan": [
        {
          "category": "Accommodation",
          "count": 1,
          "time": "08:30"
        },
        {
          "category": "Attraction",
          "count": 1,
          "time": "09:30"
        },
        {
          "category": "Cafe",
          "count": 1,
          "time": "12:00"
        },
        {
          "category": "Attraction",
          "count": 1,
          "time": "14:00"
        },
        {
          "category": "Restaurant",
          "count": 1,
          "time": "17:30"
        },
        {
          "category": "Attraction",
          "count": 1,
          "time": "19:00"
        },
        {
          "category": "Restaurant",
          "count": 1,
          "time": "20:00"
        },
        {
          "category": "Accommodation",
          "count": 1,
          "time": "21:00"
        }
      ]
    },
    {
      "day": 2,
      "date": "2025-08-18",
      "travel_day": "Mon",
      "season": "peak",
      "is_weekend": false,
      "transport": "car",
      "place_plan": [
        {
          "category": "Accommodation",
          "count": 1,
          "time": "08:30"
        },
        {
          "category": "Attraction",
          "count": 1,
          "time": "09:30"
        },
        {
          "category": "Cafe",
          "count": 1,
          "time": "12:00"
        },
        {
          "category": "Attraction",
          "count": 1,
          "time": "14:00"
        },
        {
          "category": "Restaurant",
          "count": 1,
          "time": "17:30"
        },
        {
          "category": "Attraction",
          "count": 1,
          "time": "19:00"
        },
        {
          "category": "Restaurant",
          "count": 1,
          "time": "20:00"
        }
      ]
    }
  ]
}