{
  "budget_per_day": 120000,
  "itinerary": [
    {
      "day": 1,
      "date": "2025-12-22",
      "travel_day": "Mon",
      "season": "peak",
      "is_weekend": false,
      "transport": "car",
      "place_plan": [
        {
          "category": "Accommodation",
          "count": 1,
          "time": "09:30"
        },
        {
          "category": "Attraction",
          "count": 1,
          "time": "10:30"
        },
        {
          "category": "Cafe",
          "count": 1,
          "time": "12:30"
        },
        {
          "category": "Attraction",
          "count": 1,
          "time": "14:00"
        },
        {
          "category": "Restaurant",
          "count": 1,
          "time": "17:00"
        },
        {
          "category": "Accommodation",
          "count": 1,
          "time": "19:00"
        }
      ]
    },
    {
      "day": 2,
      "date": "2025-12-23",
      "travel_day": "Tue",
      "season": "peak",
      "is_weekend": false,
      "transport": "car",
      "place_plan": [
        {
          "category": "Accommodation",
          "count": 1,
          "time": "09:30"
        },
        {
          "category": "Attraction",
          "count": 1,
          "time": "10:30"
        },
        {
          "category": "Cafe",
          "count": 1,
          "time": "12:30"
        },
        {
          "category": "Attraction",
          "count": 1,
          "time": "14:00"
        },
        {
          "category": "Restaurant",
          "count": 1,
          "time": "17:00"
        },
        {
          "category": "Accommodation",
          "count": 1,
          "time": "19:00"
        }
      ]
    },
    {
      "day": 3,
      "date": "2025-12-24",
      "travel_day": "Wed",
      "season": "peak",
      "is_weekend": false,
      "transport": "car",
      "place_plan": [
        {
          "category": "Accommodation",
          "count": 1,
          "time": "09:30"
        },
        {
          "category": "Attraction",
          "count": 1,
          "time": "10:30"
        },
        {
          "category": "Cafe",
          "count": 1,
          "time": "12:30"
        },
        {
          "category": "Attraction",
          "count": 1,
          "time": "14:00"
        },
        {
          "category": "Restaurant",
          "count": 1,
          "time": "17:00"
        },
        {
          "category": "Accommodation",
          "count": 1,
          "time": "19:00"
        }
      ]
    },
    {
      "day": 4,
      "date": "2025-12-25",
      "travel_day": "Thu",
      "season": "peak",
      "is_weekend": false,
      "transport": "car",
      "place_plan": [
        {
          "category": "Accommodation",
          "count": 1,
          "time": "09:30"
        },
        {
          "category": "Attraction",
          "count": 1,
          "time": "10:30"
        },
        {
          "category": "Cafe",
          "count": 1,
          "time": "12:30"
        },
        {
          "category": "Attraction",
          "count": 1,
          "time": "14:00"
        },
        {
          "category": "Restaurant",
          "count": 1,
          "time": "17:00"
        },
        {
          "category": "Accommodation",
          "count": 1,
          "time": "19:00"
        }
      ]
    },
    {
      "day": 5,
      "date": "2025-12-26",
      "travel_day": "Fri",
      "season": "peak",
      "is_weekend": true,
      "transport": "car",
      "place_plan": [
        {
          "category": "Accommodation",
          "count": 1,
          "time": "09:30"
        },
        {
          "category": "Attraction",
          "count": 1,
          "time": "10:30"
        },
        {
          "category": "Cafe",
          "count": 1,
          "time": "12:30"
        },
        {
          "category": "Attraction",
          "count": 1,
          "time": "14:00"
        },
        {
          "category": "Restaurant",
          "count": 1,
          "time": "17:00"
        }
      ]
    }
  ]
}