{
  "budget_per_day": 400000,
  "itinerary": [
    {
      "day": 1,
      "date": "2025-02-14",
      "travel_day": "Fri",
      "season": "offpeak",
      "is_weekend": true,
      "transport": "car",
      "place_plan": [
        {
          "category": "Cafe",
          "count": 1,
          "time": "10:00"
        },
        {
          "category": "Attraction",
          "count": 1,
          "time": "11:30"
        },
        {
          "category": "Restaurant",
          "count": 1,
          "time": "13:00"
        },
        {
          "category": "Attraction",
          "count": 1,
          "time": "15:00"
        },
        {
          "category": "Cafe",
          "count": 1,
          "time": "16:30"
        },
        {
          "category": "Restaurant",
          "count": 1,
          "time": "18:00"
        }
      ]
    }
  ]
}