{
  "budget_per_day": 200000,
  "itinerary": [
    {
      "day": 1,
      "date": "2025-04-30",
      "travel_day": "Wed",
      "season": "offpeak",
      "is_weekend": false,
      "transport": "car",
      "place_plan": [
        {
          "category": "Attraction",
          "count": 1,
          "time": "10:30"
        },
        {
          "category": "Attraction",
          "count": 1,
          "time": "12:00"
        },
        {
          "category": "Cafe",
          "count": 1,
          "time": "14:30"
        },
        {
          "category": "Attraction",
          "count": 1,
          "time": "16:00"
        },
        {
          "category": "Restaurant",
          "count": 1,
          "time": "18:30"
        }
      ]
    }
  ]
}