{
  "budget_per_day": 200000,
  "itinerary": [
    {
      "day": 1,
      "date": "2025-09-28",
      "travel_day": "Sun",
      "season": "offpeak",
      "is_weekend": false,
      "transport": "car",
      "place_plan": [
        {
          "category": "Attraction",
          "count": 1,
          "time": "09:00"
        },
        {
          "category": "Attraction",
          "count": 1,
          "time": "11:00"
        },
        {
          "category": "Attraction",
          "count": 1,
          "time": "13:00"
        },
        {
          "category": "Cafe",
          "count": 1,
          "time": "15:00"
        },
        {
          "category": "Restaurant",
          "count": 1,
          "time": "17:00"
        }
      ]
    }
  ]
}