{
  "budget_per_day": 300000,
  "itinerary": [
    {
      "day": 1,
      "date": "2025-09-30",
      "travel_day": "Tue",
      "season": "offpeak",
      "is_weekend": false,
      "transport": "car",
      "place_plan": [
        {
          "category": "Accommodation",
          "count": 1,
          "time": "08:30"
        },
        {
          "category": "Attraction",
          "count": 3,
          "time": "09:30"
        },
        {
          "category": "Cafe",
          "count": 1,
          "time": "14:00"
        },
        {
          "category": "Attraction",
          "count": 1,
          "time": "15:30"
        },
        {
          "category": "Restaurant",
          "count": 1,
          "time": "18:00"
        },
        {
          "category": "Accommodation",
          "count": 1,
          "time": "19:30"
        }
      ]
    },
    {
      "day": 2,
      "date": "2025-10-01",
      "travel_day": "Wed",
      "season": "offpeak",
      "is_weekend": false,
      "transport": "car",
      "place_plan": [
        {
          "category": "Accommodation",
          "count": 1,
          "time": "08:30"
        },
        {
          "category": "Attraction",
          "count": 3,
          "time": "09:00"
        },
        {
          "category": "Cafe",
          "count": 1,
          "time": "13:30"
        },
        {
          "category": "Attraction",
          "count": 1,
          "time": "15:00"
        },
        {
          "category": "Restaurant",
          "count": 1,
          "time": "18:00"
        },
        {
          "category": "Accommodation",
          "count": 1,
          "time": "19:30"
        }
      ]
    },
    {
      "day": 3,
      "date": "2025-10-02",
      "travel_day": "Thu",
      "season": "offpeak",
      "is_weekend": false,
      "transport": "car",
      "place_plan": [
        {
          "category": "Accommodation",
          "count": 1,
          "time": "08:30"
        },
        {
          "category": "Attraction",
          "count": 4,
          "time": "09:00"
        },
        {
          "category": "Cafe",
          "count": 1,
          "time": "14:00"
        },
        {
          "category": "Restaurant",
          "count": 1,
          "time": "17:30"
        },
        {
          "category": "Accommodation",
          "count": 1,
          "time": "19:00"
        }
      ]
    },
    {
      "day": 4,
      "date": "2025-10-03",
      "travel_day": "Fri",
      "season": "offpeak",
      "is_weekend": true,
      "transport": "car",
      "place_plan": [
        {
          "category": "Accommodation",
          "count": 1,
          "time": "08:30"
        },
        {
          "category": "Attraction",
          "count": 3,
          "time": "09:00"
        },
        {
          "category": "Cafe",
          "count": 1,
          "time": "13:30"
        },
        {
          "category": "Restaurant",
          "count": 1,
          "time": "17:00"
        }
      ]
    }
  ]
}