{
  "budget_per_day": 766666.67,
  "itinerary": [
    {
      "day": 1,
      "date": "2025-03-27",
      "travel_day": "Thu",
      "season": "offpeak",
      "is_weekend": false,
      "transport": "car",
      "place_plan": [
        {
          "category": "Accommodation",
          "count": 1,
          "time": "09:30"
        },
        {
          "category": "Attraction",
          "count": 1,
          "time": "10:30"
        },
        {
          "category": "Cafe",
          "count": 1,
          "time": "12:00"
        },
        {
          "category": "Attraction",
          "count": 1,
          "time": "14:00"
        },
        {
          "category": "Restaurant",
          "count": 1,
          "time": "16:30"
        },
        {
          "category": "Attraction",
          "count": 1,
          "time": "18:00"
        },
        {
          "category": "Restaurant",
          "count": 1,
          "time": "19:30"
        },
        {
          "category": "Accommodation",
          "count": 1,
          "time": "21:00"
        }
      ]
    },
    {
      "day": 2,
      "date": "2025-03-28",
      "travel_day": "Fri",
      "season": "offpeak",
      "is_weekend": true,
      "transport": "car",
      "place_plan": [
        {
          "category": "Accommodation",
          "count": 1,
          "time": "09:30"
        },
        {
          "category": "Attraction",
          "count": 1,
          "time": "10:30"
        },
        {
          "category": "Cafe",
          "count": 1,
          "time": "12:00"
        },
        {
          "category": "Attraction",
          "count": 1,
          "time": "14:00"
        },
        {
          "category": "Restaurant",
          "count": 1,
          "time": "16:30"
        },
        {
          "category": "Attraction",
          "count": 1,
          "time": "18:00"
        },
        {
          "category": "Restaurant",
          "count": 1,
          "time": "19:30"
        },
        {
          "category": "Accommodation",
          "count": 1,
          "time": "21:00"
        }
      ]
    },
    {
      "day": 3,
      "date": "2025-03-29",
      "travel_day": "Sat",
      "season": "offpeak",
      "is_weekend": true,
      "transport": "car",
      "place_plan": [
        {
          "category": "Accommodation",
          "count": 1,
          "time": "09:30"
        },
        {
          "category": "Attraction",
          "count": 1,
          "time": "10:30"
        },
        {
          "category": "Cafe",
          "count": 1,
          "time": "12:00"
        },
        {
          "category": "Attraction",
          "count": 1,
          "time": "14:00"
        },
        {
          "category": "Restaurant",
          "count": 1,
          "time": "16:30"
        },
        {
          "category": "Attraction",
          "count": 1,
          "time": "18:00"
        },
        {
          "category": "Restaurant",
          "count": 1,
          "time": "19:30"
        }
      ]
    }
  ]
}