{
  "budget_per_day": 250000,
  "itinerary": [
    {
      "day": 1,
      "date": "2025-12-28",
      "travel_day": "Sun",
      "season": "peak",
      "is_weekend": false,
      "transport": "car",
      "place_plan": [
        {
          "category": "Accommodation",
          "count": 1,
          "time": "08:00"
        },
        {
          "category": "Cafe",
          "count": 1,
          "time": "09:30"
        },
        {
          "category": "Attraction",
          "count": 1,
          "time": "11:00"
        },
        {
          "category": "Restaurant",
          "count": 1,
          "time": "13:00"
        },
        {
          "category": "Attraction",
          "count": 1,
          "time": "15:00"
        },
        {
          "category": "Restaurant",
          "count": 1,
          "time": "18:00"
        },
        {
          "category": "Accommodation",
          "count": 1,
          "time": "19:30"
        }
      ]
    },
    {
      "day": 2,
      "date": "2025-12-29",
      "travel_day": "Mon",
      "season": "peak",
      "is_weekend": false,
      "transport": "car",
      "place_plan": [
        {
          "category": "Accommodation",
          "count": 1,
          "time": "08:00"
        },
        {
          "category": "Cafe",
          "count": 1,
          "time": "09:30"
        },
        {
          "category": "Attraction",
          "count": 1,
          "time": "11:00"
        },
        {
          "category": "Restaurant",
          "count": 1,
          "time": "13:00"
        },
        {
          "category": "Attraction",
          "count": 1,
          "time": "15:00"
        },
        {
          "category": "Restaurant",
          "count": 1,
          "time": "18:00"
        },
        {
          "category": "Accommodation",
          "count": 1,
          "time": "19:30"
        }
      ]
    },
    {
      "day": 3,
      "date": "2025-12-30",
      "travel_day": "Tue",
      "season": "peak",
      "is_weekend": false,
      "transport": "car",
      "place_plan": [
        {
          "category": "Accommodation",
          "count": 1,
          "time": "08:00"
        },
        {
          "category": "Cafe",
          "count": 1,
          "time": "09:30"
        },
        {
          "category": "Attraction",
          "count": 1,
          "time": "11:00"
        },
        {
          "category": "Restaurant",
          "count": 1,
          "time": "13:00"
        },
        {
          "category": "Attraction",
          "count": 1,
          "time": "15:00"
        },
        {
          "category": "Restaurant",
          "count": 1,
          "time": "18:00"
        },
        {
          "category": "Accommodation",
          "count": 1,
          "time": "19:30"
        }
      ]
    },
    {
      "day": 4,
      "date": "2025-12-31",
      "travel_day": "Wed",
      "season": "peak",
      "is_weekend": false,
      "transport": "car",
      "place_plan": [
        {
          "category": "Accommodation",
          "count": 1,
          "time": "08:00"
        },
        {
          "category": "Cafe",
          "count": 1,
          "time": "09:30"
        },
        {
          "category": "Attraction",
          "count": 1,
          "time": "11:00"
        },
        {
          "category": "Restaurant",
          "count": 1,
          "time": "13:00"
        },
        {
          "category": "Attraction",
          "count": 1,
          "time": "15:00"
        },
        {
          "category": "Restaurant",
          "count": 1,
          "time": "18:00"
        }
      ]
    }
  ]
}