{
  "budget_per_day": 160000,
  "itinerary": [
    {
      "day": 1,
      "date": "2025-03-15",
      "travel_day": "Sat",
      "season": "offpeak",
      "is_weekend": true,
      "transport": "car",
      "place_plan": [
        {
          "category": "Accommodation",
          "count": 1,
          "time": "09:30"
        },
        {
          "category": "Attraction",
          "count": 1,
          "time": "10:30"
        },
        {
          "category": "Cafe",
          "count": 1,
          "time": "13:00"
        },
        {
          "category": "Attraction",
          "count": 1,
          "time": "15:00"
        },
        {
          "category": "Restaurant",
          "count": 1,
          "time": "18:00"
        },
        {
          "category": "Accommodation",
          "count": 1,
          "time": "20:00"
        }
      ]
    },
    {
      "day": 2,
      "date": "2025-03-16",
      "travel_day": "Sun",
      "season": "offpeak",
      "is_weekend": false,
      "transport": "car",
      "place_plan": [
        {
          "category": "Accommodation",
          "count": 1,
          "time": "09:30"
        },
        {
          "category": "Attraction",
          "count": 1,
          "time": "10:30"
        },
        {
          "category": "Cafe",
          "count": 1,
          "time": "13:00"
        },
        {
          "category": "Attraction",
          "count": 1,
          "time": "15:00"
        },
        {
          "category": "Restaurant",
          "count": 1,
          "time": "18:00"
        },
        {
          "category": "Accommodation",
          "count": 1,
          "time": "20:00"
        }
      ]
    },
    {
      "day": 3,
      "date": "2025-03-17",
      "travel_day": "Mon",
      "season": "offpeak",
      "is_weekend": false,
      "transport": "car",
      "place_plan": [
        {
          "category": "Accommodation",
          "count": 1,
          "time": "09:30"
        },
        {
          "category": "Attraction",
          "count": 1,
          "time": "10:30"
        },
        {
          "category": "Cafe",
          "count": 1,
          "time": "13:00"
        },
        {
          "category": "Attraction",
          "count": 1,
          "time": "15:00"
        },
        {
          "category": "Restaurant",
          "count": 1,
          "time": "18:00"
        },
        {
          "category": "Accommodation",
          "count": 1,
          "time": "20:00"
        }
      ]
    },
    {
      "day": 4,
      "date": "2025-03-18",
      "travel_day": "Tue",
      "season": "offpeak",
      "is_weekend": false,
      "transport": "car",
      "place_plan": [
        {
          "category": "Accommodation",
          "count": 1,
          "time": "09:30"
        },
        {
          "category": "Attraction",
          "count": 1,
          "time": "10:30"
        },
        {
          "category": "Cafe",
          "count": 1,
          "time": "13:00"
        },
        {
          "category": "Attraction",
          "count": 1,
          "time": "15:00"
        },
        {
          "category": "Restaurant",
          "count": 1,
          "time": "18:00"
        },
        {
          "category": "Accommodation",
          "count": 1,
          "time": "20:00"
        }
      ]
    },
    {
      "day": 5,
      "date": "2025-03-19",
      "travel_day": "Wed",
      "season": "offpeak",
      "is_weekend": false,
      "transport": "car",
      "place_plan": [
        {
          "category": "Accommodation",
          "count": 1,
          "time": "09:30"
        },
        {
          "category": "Attraction",
          "count": 1,
          "time": "10:30"
        },
        {
          "category": "Cafe",
          "count": 1,
          "time": "13:00"
        },
        {
          "category": "Attraction",
          "count": 1,
          "time": "15:00"
        },
        {
          "category": "Restaurant",
          "count": 1,
          "time": "18:00"
        }
      ]
    }
  ]
}