{
  "budget_per_day": 166666.67,
  "itinerary": [
    {
      "day": 1,
      "date": "2025-08-23",
      "travel_day": "Sat",
      "season": "peak",
      "is_weekend": true,
      "transport": "car",
      "place_plan": [
        {
          "category": "Accommodation",
          "count": 1,
          "time": "08:00"
        },
        {
          "category": "Cafe",
          "count": 1,
          "time": "10:00"
        },
        {
          "category": "Attraction",
          "count": 1,
          "time": "12:00"
        },
        {
          "category": "Restaurant",
          "count": 1,
          "time": "14:00"
        },
        {
          "category": "Attraction",
          "count": 1,
          "time": "16:00"
        },
        {
          "category": "Restaurant",
          "count": 1,
          "time": "18:00"
        },
        {
          "category": "Accommodation",
          "count": 1,
          "time": "20:00"
        }
      ]
    },
    {
      "day": 2,
      "date": "2025-08-24",
      "travel_day": "Sun",
      "season": "peak",
      "is_weekend": false,
      "transport": "car",
      "place_plan": [
        {
          "category": "Accommodation",
          "count": 1,
          "time": "08:00"
        },
        {
          "category": "Cafe",
          "count": 1,
          "time": "10:00"
        },
        {
          "category": "Attraction",
          "count": 1,
          "time": "12:00"
        },
        {
          "category": "Restaurant",
          "count": 1,
          "time": "14:00"
        },
        {
          "category": "Attraction",
          "count": 1,
          "time": "16:00"
        },
        {
          "category": "Restaurant",
          "count": 1,
          "time": "18:00"
        },
        {
          "category": "Accommodation",
          "count": 1,
          "time": "20:00"
        }
      ]
    },
    {
      "day": 3,
      "date": "2025-08-25",
      "travel_day": "Mon",
      "season": "peak",
      "is_weekend": false,
      "transport": "car",
      "place_plan": [
        {
          "category": "Accommodation",
          "count": 1,
          "time": "08:00"
        },
        {
          "category": "Cafe",
          "count": 1,
          "time": "10:00"
        },
        {
          "category": "Attraction",
          "count": 1,
          "time": "12:00"
        },
        {
          "category": "Restaurant",
          "count": 1,
          "time": "14:00"
        },
        {
          "category": "Attraction",
          "count": 1,
          "time": "16:00"
        },
        {
          "category": "Restaurant",
          "count": 1,
          "time": "18:00"
        }
      ]
    }
  ]
}