{
  "budget_per_day": 166666.67,
  "itinerary": [
    {
      "day": 1,
      "date": "2025-10-13",
      "travel_day": "Mon",
      "season": "offpeak",
      "is_weekend": false,
      "transport": "car",
      "place_plan": [
        {
          "category": "Accommodation",
          "count": 1,
          "time": "09:30"
        },
        {
          "category": "Attraction",
          "count": 1,
          "time": "10:30"
        },
        {
          "category": "Attraction",
          "count": 2,
          "time": "13:00"
        },
        {
          "category": "Cafe",
          "count": 1,
          "time": "15:30"
        },
        {
          "category": "Attraction",
          "count": 3,
          "time": "17:00"
        },
        {
          "category": "Restaurant",
          "count": 1,
          "time": "19:00"
        },
        {
          "category": "Accommodation",
          "count": 2,
          "time": "20:00"
        }
      ]
    },
    {
      "day": 2,
      "date": "2025-10-14",
      "travel_day": "Tue",
      "season": "offpeak",
      "is_weekend": false,
      "transport": "car",
      "place_plan": [
        {
          "category": "Accommodation",
          "count": 1,
          "time": "09:30"
        },
        {
          "category": "Attraction",
          "count": 1,
          "time": "10:30"
        },
        {
          "category": "Attraction",
          "count": 2,
          "time": "13:00"
        },
        {
          "category": "Cafe",
          "count": 1,
          "time": "15:30"
        },
        {
          "category": "Attraction",
          "count": 3,
          "time": "17:00"
        },
        {
          "category": "Restaurant",
          "count": 1,
          "time": "19:00"
        },
        {
          "category": "Accommodation",
          "count": 2,
          "time": "20:00"
        }
      ]
    },
    {
      "day": 3,
      "date": "2025-10-15",
      "travel_day": "Wed",
      "season": "offpeak",
      "is_weekend": false,
      "transport": "car",
      "place_plan": [
        {
          "category": "Accommodation",
          "count": 1,
          "time": "09:30"
        },
        {
          "category": "Attraction",
          "count": 1,
          "time": "10:30"
        },
        {
          "category": "Attraction",
          "count": 2,
          "time": "13:00"
        },
        {
          "category": "Cafe",
          "count": 1,
          "time": "15:30"
        },
        {
          "category": "Attraction",
          "count": 3,
          "time": "17:00"
        },
        {
          "category": "Restaurant",
          "count": 1,
          "time": "19:00"
        }
      ]
    }
  ]
}