{
  "budget_per_day": 300000,
  "itinerary": [
    {
      "day": 1,
      "date": "2025-11-04",
      "travel_day": "Tue",
      "season": "offpeak",
      "is_weekend": false,
      "transport": "car",
      "place_plan": [
        {
          "category": "Accommodation",
          "count": 1,
          "time": "09:30"
        },
        {
          "category": "Attraction",
          "count": 1,
          "time": "10:30"
        },
        {
          "category": "Cafe",
          "count": 1,
          "time": "12:30"
        },
        {
          "category": "Attraction",
          "count": 1,
          "time": "14:00"
        },
        {
          "category": "Restaurant",
          "count": 1,
          "time": "17:00"
        },
        {
          "category": "Restaurant",
          "count": 1,
          "time": "19:00"
        },
        {
          "category": "Accommodation",
          "count": 1,
          "time": "20:30"
        }
      ]
    },
    {
      "day": 2,
      "date": "2025-11-05",
      "travel_day": "Wed",
      "season": "offpeak",
      "is_weekend": false,
      "transport": "car",
      "place_plan": [
        {
          "category": "Accommodation",
          "count": 1,
          "time": "09:30"
        },
        {
          "category": "Attraction",
          "count": 1,
          "time": "10:30"
        },
        {
          "category": "Cafe",
          "count": 1,
          "time": "12:30"
        },
        {
          "category": "Attraction",
          "count": 1,
          "time": "14:00"
        },
        {
          "category": "Restaurant",
          "count": 1,
          "time": "17:00"
        },
        {
          "category": "Restaurant",
          "count": 1,
          "time": "19:00"
        }
      ]
    }
  ]
}