{
  "budget_per_day": 100000,
  "itinerary": [
    {
      "day": 1,
      "date": "2025-03-21",
      "travel_day": "Fri",
      "season": "offpeak",
      "is_weekend": true,
      "transport": "car",
      "place_plan": [
        {
          "category": "Attraction",
          "count": 1,
          "time": "09:30"
        },
        {
          "category": "Attraction",
          "count": 2,
          "time": "11:00"
        },
        {
          "category": "Attraction",
          "count": 3,
          "time": "13:00"
        },
        {
          "category": "Cafe",
          "count": 1,
          "time": "15:00"
        },
        {
          "category": "Restaurant",
          "count": 1,
          "time": "17:00"
        }
      ]
    }
  ]
}