{
  "budget_per_day": 675000,
  "itinerary": [
    {
      "day": 1,
      "date": "2025-06-21",
      "travel_day": "Sat",
      "season": "offpeak",
      "is_weekend": true,
      "transport": "car",
      "place_plan": [
        {
          "category": "Accommodation",
          "count": 1,
          "time": "08:30"
        },
        {
          "category": "Attraction",
          "count": 2,
          "time": "10:00"
        },
        {
          "category": "Cafe",
          "count": 1,
          "time": "13:00"
        },
        {
          "category": "Restaurant",
          "count": 3,
          "time": "15:00"
        },
        {
          "category": "Accommodation",
          "count": 1,
          "time": "19:30"
        }
      ]
    },
    {
      "day": 2,
      "date": "2025-06-22",
      "travel_day": "Sun",
      "season": "offpeak",
      "is_weekend": false,
      "transport": "car",
      "place_plan": [
        {
          "category": "Accommodation",
          "count": 1,
          "time": "08:30"
        },
        {
          "category": "Attraction",
          "count": 2,
          "time": "09:30"
        },
        {
          "category": "Cafe",
          "count": 1,
          "time": "12:00"
        },
        {
          "category": "Restaurant",
          "count": 3,
          "time": "14:00"
        },
        {
          "category": "Accommodation",
          "count": 1,
          "time": "19:30"
        }
      ]
    },
    {
      "day": 3,
      "date": "2025-06-23",
      "travel_day": "Mon",
      "season": "offpeak",
      "is_weekend": false,
      "transport": "car",
      "place_plan": [
        {
          "category": "Accommodation",
          "count": 1,
          "time": "08:30"
        },
        {
          "category": "Attraction",
          "count": 1,
          "time": "09:30"
        },
        {
          "category": "Cafe",
          "count": 1,
          "time": "11:00"
        },
        {
          "category": "Restaurant",
          "count": 3,
          "time": "13:00"
        },
        {
          "category": "Attraction",
          "count": 1,
          "time": "16:00"
        },
        {
          "category": "Accommodation",
          "count": 1,
          "time": "19:30"
        }
      ]
    },
    {
      "day": 4,
      "date": "2025-06-24",
      "travel_day": "Tue",
      "season": "offpeak",
      "is_weekend": false,
      "transport": "car",
      "place_plan": [
        {
          "category": "Accommodation",
          "count": 1,
          "time": "08:30"
        },
        {
          "category": "Attraction",
          "count": 2,
          "time": "09:30"
        },
        {
          "category": "Cafe",
          "count": 1,
          "time": "12:00"
        },
        {
          "category": "Restaurant",
          "count": 3,
          "time": "14:00"
        }
      ]
    }
  ]
}