{
  "budget_per_day": 450000,
  "itinerary": [
    {
      "day": 1,
      "date": "2025-11-21",
      "travel_day": "Fri",
      "season": "offpeak",
      "is_weekend": true,
      "transport": "car",
      "place_plan": [
        {
          "category": "Accommodation",
          "count": 1,
          "time": "09:30"
        },
        {
          "category": "Cafe",
          "count": 1,
          "time": "10:30"
        },
        {
          "category": "Attraction",
          "count": 1,
          "time": "12:00"
        },
        {
          "category": "Restaurant",
          "count": 1,
          "time": "13:30"
        },
        {
          "category": "Attraction",
          "count": 1,
          "time": "15:00"
        },
        {
          "category": "Restaurant",
          "count": 1,
          "time": "17:30"
        },
        {
          "category": "Accommodation",
          "count": 1,
          "time": "19:00"
        }
      ]
    },
    {
      "day": 2,
      "date": "2025-11-22",
      "travel_day": "Sat",
      "season": "offpeak",
      "is_weekend": true,
      "transport": "car",
      "place_plan": [
        {
          "category": "Accommodation",
          "count": 1,
          "time": "09:30"
        },
        {
          "category": "Cafe",
          "count": 1,
          "time": "10:30"
        },
        {
          "category": "Attraction",
          "count": 1,
          "time": "12:00"
        },
        {
          "category": "Restaurant",
          "count": 1,
          "time": "13:30"
        },
        {
          "category": "Attraction",
          "count": 1,
          "time": "15:00"
        },
        {
          "category": "Restaurant",
          "count": 1,
          "time": "17:30"
        },
        {
          "category": "Accommodation",
          "count": 1,
          "time": "19:00"
        }
      ]
    },
    {
      "day": 3,
      "date": "2025-11-23",
      "travel_day": "Sun",
      "season": "offpeak",
      "is_weekend": false,
      "transport": "car",
      "place_plan": [
        {
          "category": "Accommodation",
          "count": 1,
          "time": "09:30"
        },
        {
          "category": "Cafe",
          "count": 1,
          "time": "10:30"
        },
        {
          "category": "Attraction",
          "count": 1,
          "time": "12:00"
        },
        {
          "category": "Restaurant",
          "count": 1,
          "time": "13:30"
        },
        {
          "category": "Attraction",
          "count": 1,
          "time": "15:00"
        },
        {
          "category": "Restaurant",
          "count": 1,
          "time": "17:30"
        },
        {
          "category": "Accommodation",
          "count": 1,
          "time": "19:00"
        }
      ]
    },
    {
      "day": 4,
      "date": "2025-11-24",
      "travel_day": "Mon",
      "season": "offpeak",
      "is_weekend": false,
      "transport": "car",
      "place_plan": [
        {
          "category": "Accommodation",
          "count": 1,
          "time": "09:30"
        },
        {
          "category": "Cafe",
          "count": 1,
          "time": "10:30"
        },
        {
          "category": "Attraction",
          "count": 1,
          "time": "12:00"
        },
        {
          "category": "Restaurant",
          "count": 1,
          "time": "13:30"
        },
        {
          "category": "Attraction",
          "count": 1,
          "time": "15:00"
        },
        {
          "category": "Restaurant",
          "count": 1,
          "time": "17:30"
        }
      ]
    }
  ]
}