{
  "budget_per_day": 133333.33,
  "itinerary": [
    {
      "day": 1,
      "date": "2025-12-31",
      "travel_day": "Wed",
      "season": "peak",
      "is_weekend": false,
      "transport": "car",
      "place_plan": [
        {
          "category": "Accommodation",
          "count": 1,
          "time": "08:00"
        },
        {
          "category": "Attraction",
          "count": 1,
          "time": "09:30"
        },
        {
          "category": "Cafe",
          "count": 1,
          "time": "12:30"
        },
        {
          "category": "Attraction",
          "count": 1,
          "time": "14:00"
        },
        {
          "category": "Restaurant",
          "count": 1,
          "time": "17:30"
        },
        {
          "category": "Accommodation",
          "count": 1,
          "time": "18:30"
        }
      ]
    },
    {
      "day": 2,
      "date": "2026-01-01",
      "travel_day": "Thu",
      "season": "peak",
      "is_weekend": false,
      "transport": "car",
      "place_plan": [
        {
          "category": "Accommodation",
          "count": 1,
          "time": "08:00"
        },
        {
          "category": "Attraction",
          "count": 1,
          "time": "09:30"
        },
        {
          "category": "Cafe",
          "count": 1,
          "time": "12:00"
        },
        {
          "category": "Attraction",
          "count": 1,
          "time": "14:30"
        },
        {
          "category": "Restaurant",
          "count": 1,
          "time": "17:00"
        },
        {
          "category": "Accommodation",
          "count": 1,
          "time": "18:30"
        }
      ]
    },
    {
      "day": 3,
      "date": "2026-01-02",
      "travel_day": "Fri",
      "season": "peak",
      "is_weekend": true,
      "transport": "car",
      "place_plan": [
        {
          "category": "Accommodation",
          "count": 1,
          "time": "08:00"
        },
        {
          "category": "Attraction",
          "count": 1,
          "time": "09:30"
        },
        {
          "category": "Cafe",
          "count": 1,
          "time": "12:00"
        },
        {
          "category": "Restaurant",
          "count": 1,
          "time": "14:30"
        },
        {
          "category": "Attraction",
          "count": 1,
          "time": "16:00"
        }
      ]
    }
  ]
}