user_id,accommodation_id,accommodation_name,duration_days,budget,start_date,budget_range
U0001,10065274,강릉 호텔 감재,3,2200000,2025-08-16,
U0002,10060041,강릉 열시반펜션,3,2000000,2025-10-07,
U0003,10064423,강릉 진스테이,3,2800000,2025-02-18,
U0006,10048410,강릉 지지(GG)펜션,2,1000000,2025-04-21,60만원 이상
U0007,1000108328,강릉 게스트하우스 중앙점,2,200000,2025-01-09,20만원 이하
U0008,1000145,강릉 더뷰티호텔,2,400000,2025-10-22,20-40만원
U0009,10060041,강릉 열시반펜션,2,1700000,2025-11-10,
U0010,1000108328,강릉 게스트하우스 중앙점,3,700000,2025-02-18,60만원 이상
U0011,1000108328,강릉 게스트하우스 중앙점,2,400000,2025-08-28,20-40만원
U0012,3004935,강릉 옥상달빛펜션,5,1200000,2025-11-15,
U0013,10046257,강릉 하쿠나마타타풀빌라,2,1500000,2025-05-30,
U0015,1000108328,강릉 게스트하우스 중앙점,3,300000,2025-01-08,20-40만원
U0016,3008141,강릉관광호텔,2,400000,2025-10-21,20-40만원
U0017,10058072,강릉 하이오션618호,3,1400000,2025-02-19,
U0018,10060041,강릉 열시반펜션,2,300000,2025-07-17,20-40만원
U0019,1000108328,강릉 게스트하우스 중앙점,2,700000,2025-07-26,60만원 이상
U0020,3017781,강릉 아스라,5,500000,2025-10-15,40-60만원
U0022,10044704,강릉 라온펜션,5,900000,2025-12-22,60만원 이상
U0024,1000108328,강릉 게스트하우스 중앙점,3,600000,2025-09-27,40-60만원
U0026,1000108328,강릉 게스트하우스 중앙점,2,500000,2025-11-08,40-60만원
U0027,1000108328,강릉 게스트하우스 중앙점,3,700000,2025-12-29,60만원 이상
U0028,10057607,강릉 나비잠,5,3200000,2025-01-19,
U0029,10048130,강릉 라임비치스파펜션,3,800000,2025-09-27,60만원 이상
U0030,10057625,강릉 스테이에덴,2,800000,2025-09-27,60만원 이상
U0031,10048130,강릉 라임비치스파펜션,5,600000,2025-10-09,40-60만원
U0032,10045242,강릉 더시월독채펜션,2,300000,2025-03-23,20-40만원
U0033,10058072,강릉 하이오션618호,2,300000,2025-11-15,20-40만원
U0034,1000108328,강릉 게스트하우스 중앙점,3,400000,2025-04-11,20-40만원
U0035,10058072,강릉 하이오션618호,2,1800000,2025-06-25,
U0036,10058072,강릉 하이오션618호,2,1600000,2025-08-25,
U0037,10058072,강릉 하이오션618호,2,800000,2025-02-23,60만원 이상
U0038,10060041,강릉 열시반펜션,2,500000,2025-09-03,40-60만원
U0041,10058072,강릉 하이오션618호,3,300000,2025-05-26,20-40만원
U0042,27240,강릉 부띠크 루소호텔,5,1000000,2025-08-11,60만원 이상
U0043,3000446,강릉 라벨르호텔 프리미어 강릉역점,4,500000,2025-11-09,40-60만원
U0044,10044704,강릉 라온펜션,2,400000,2025-08-23,20-40만원
U0045,1000090928,강릉 경포솔향기펜션,3,700000,2025-01-31,60만원 이상
U0046,10058151,강릉 미라벨펜션,3,1400000,2025-08-27,
U0047,10048130,강릉 라임비치스파펜션,4,3500000,2025-10-29,
U0048,3014625,강릉 아가바라 호텔,2,200000,2025-03-28,20만원 이하
U0049,10060041,강릉 열시반펜션,3,500000,2025-07-10,40-60만원
U0051,1000108328,강릉 게스트하우스 중앙점,2,600000,2025-05-01,40-60만원
U0053,10060041,강릉 열시반펜션,2,500000,2025-09-17,40-60만원
U0054,1000108328,강릉 게스트하우스 중앙점,2,200000,2025-02-21,20만원 이하
U0055,10060041,강릉 열시반펜션,3,600000,2025-06-08,40-60만원
U0056,1000108328,강릉 게스트하우스 중앙점,3,600000,2025-04-18,40-60만원
U0057,1000108328,강릉 게스트하우스 중앙점,3,500000,2025-12-05,40-60만원
U0058,3003230,강릉 S202 스파펜션,2,1000000,2025-02-25,60만원 이상
U0059,10044704,강릉 라온펜션,2,200000,2025-08-06,20만원 이하
U0061,10061060,강릉 브릭포레스트,2,400000,2025-11-05,20-40만원
U0062,10047592,강릉 디니다스펜션,2,1600000,2025-02-21,
U0063,1000108328,강릉 게스트하우스 중앙점,2,1600000,2025-05-21,
U0064,3002827,강릉 황토와솔내음펜션,2,300000,2025-05-31,20-40만원
U0065,1000108328,강릉 게스트하우스 중앙점,3,400000,2025-05-30,20-40만원
U0066,10064424,강릉 쉼표펜션,2,800000,2025-05-24,60만원 이상
U0067,1000109710,강릉 라라,3,300000,2025-01-12,20-40만원
U0068,1000108328,강릉 게스트하우스 중앙점,2,200000,2025-01-31,20만원 이하
U0069,3017781,강릉 아스라,4,700000,2025-05-31,60만원 이상
U0070,1000108328,강릉 게스트하우스 중앙점,3,300000,2025-04-25,20-40만원
U0071,1000108328,강릉 게스트하우스 중앙점,3,400000,2025-03-21,20-40만원
U0072,3010391,강릉 경포대 큐브,5,500000,2025-06-19,40-60만원
U0073,10056273,강릉 머물구자펜션,2,800000,2025-06-30,60만원 이상
U0075,10040659,강릉 아카펠라 게스트하우스,2,400000,2025-06-04,20-40만원
U0076,10060041,강릉 열시반펜션,2,1300000,2025-09-17,
U0077,10060041,강릉 열시반펜션,3,2800000,2025-08-20,
U0078,10063220,강릉 꿈꾸는풍차애견동반펜션,2,1400000,2025-12-12,
U0079,10062450,강릉 유림스테이,3,2300000,2025-09-18,
U0081,10062031,강릉 스테이경포55,2,700000,2025-08-15,60만원 이상
U0082,10060041,강릉 열시반펜션,2,1900000,2025-11-15,
U0085,10057607,강릉 나비잠,4,1700000,2025-10-11,
U0086,10062450,강릉 유림스테이,2,500000,2025-10-19,40-60만원
U0087,10060041,강릉 열시반펜션,2,400000,2025-07-23,20-40만원
U0088,10064399,강릉 더이스트펜션,5,700000,2025-10-19,60만원 이상
U0089,10063700,신라모노그램 강릉 레지던스,2,1300000,2025-02-18,
U0090,3017781,강릉 아스라,4,1100000,2025-11-04,
U0091,10040659,강릉 아카펠라 게스트하우스,5,500000,2025-03-10,40-60만원
U0092,10064533,강릉 경포블루비치펜션,4,800000,2025-05-31,60만원 이상
U0093,1000108328,강릉 게스트하우스 중앙점,5,500000,2025-12-14,40-60만원
U0094,10058072,강릉 하이오션618호,2,300000,2025-08-04,20-40만원
U0095,10060041,강릉 열시반펜션,2,200000,2025-02-12,20만원 이하
U0097,10060041,강릉 열시반펜션,2,400000,2025-01-03,20-40만원
U0098,1000108328,강릉 게스트하우스 중앙점,3,300000,2025-05-11,20-40만원
U0099,10047953,강릉 1012독채펜션,2,500000,2025-05-14,40-60만원
U0100,1000102592,강릉 경포대 인터파크,5,1700000,2025-08-31,
U0101,10046703,강릉 하하스테이펜션,2,1500000,2025-09-26,
U0103,1000236,강릉 경포대 스완,3,500000,2025-06-07,40-60만원
U0104,10058408,강릉 삐꼴로까사,3,800000,2025-12-02,60만원 이상
U0105,1000090928,강릉 경포솔향기펜션,2,300000,2025-05-16,20-40만원
U0106,10065274,강릉 호텔 감재,2,500000,2025-04-08,40-60만원
U0108,10065181,강릉 호텔 인,2,300000,2025-01-05,20-40만원
U0109,3017781,강릉 아스라,3,700000,2025-09-09,60만원 이상
U0110,10057249,강릉 연곡펜션,2,200000,2025-07-25,20만원 이하
U0111,10056414,강릉 당신의안목펜션,3,800000,2025-05-12,60만원 이상
U0112,10058151,강릉 미라벨펜션,3,1100000,2025-04-21,
U0113,10044704,강릉 라온펜션,2,400000,2025-12-16,20-40만원
U0114,1000108328,강릉 게스트하우스 중앙점,2,800000,2025-10-06,60만원 이상
U0115,10057607,강릉 나비잠,2,600000,2025-01-21,40-60만원
U0116,10062031,강릉 스테이경포55,3,600000,2025-03-11,40-60만원
U0117,10058072,강릉 하이오션618호,5,1000000,2025-09-22,60만원 이상
U0118,3008141,강릉관광호텔,2,1700000,2025-01-04,
U0119,1000108328,강릉 게스트하우스 중앙점,3,800000,2025-09-23,60만원 이상
U0121,10045242,강릉 더시월독채펜션,2,500000,2025-08-25,40-60만원
U0122,10060041,강릉 열시반펜션,2,400000,2025-11-11,20-40만원
U0123,10060041,강릉 열시반펜션,2,1800000,2025-01-20,
U0125,10057607,강릉 나비잠,4,1400000,2025-06-24,
U0126,10060041,강릉 열시반펜션,2,400000,2025-10-30,20-40만원
U0127,1000108328,강릉 게스트하우스 중앙점,3,700000,2025-01-02,60만원 이상
U0128,10060041,강릉 열시반펜션,5,3500000,2025-07-21,
U0129,1000108328,강릉 게스트하우스 중앙점,2,200000,2025-02-15,20만원 이하
U0131,10065274,강릉 호텔 감재,2,400000,2025-06-27,20-40만원
U0132,1000108328,강릉 게스트하우스 중앙점,2,300000,2025-12-04,20-40만원
U0133,10060041,강릉 열시반펜션,5,1200000,2025-10-28,
U0134,10058072,강릉 하이오션618호,3,2300000,2025-04-29,
U0137,10058072,강릉 하이오션618호,2,400000,2025-06-18,20-40만원
U0138,1000108328,강릉 게스트하우스 중앙점,3,1500000,2025-07-15,
U0139,1000108328,강릉 게스트하우스 중앙점,2,1500000,2025-12-20,
U0140,1000114001,강릉 파인아트라벨,2,800000,2025-02-05,60만원 이상
U0141,10060041,강릉 열시반펜션,2,1400000,2025-06-06,
U0142,1000108328,강릉 게스트하우스 중앙점,2,500000,2025-02-17,40-60만원
U0143,10062450,강릉 유림스테이,4,1500000,2025-05-27,
U0144,1000108328,강릉 게스트하우스 중앙점,3,700000,2025-09-11,60만원 이상
U0145,10060041,강릉 열시반펜션,4,3000000,2025-10-22,
U0146,1000108328,강릉 게스트하우스 중앙점,5,500000,2025-12-03,40-60만원
U0147,10057607,강릉 나비잠,2,700000,2025-11-06,60만원 이상
U0148,1000108328,강릉 게스트하우스 중앙점,2,1900000,2025-05-11,
U0149,10060041,강릉 열시반펜션,3,1100000,2025-05-01,
U0151,10058072,강릉 하이오션618호,3,700000,2025-10-04,60만원 이상
U0152,10058072,강릉 하이오션618호,2,400000,2025-09-21,20-40만원
U0154,1000108328,강릉 게스트하우스 중앙점,2,200000,2025-10-17,20만원 이하
U0155,3002569,강릉 한들펜션,2,400000,2025-07-29,20-40만원
U0156,10040659,강릉 아카펠라 게스트하우스,3,300000,2025-08-06,20-40만원
U0158,10065274,강릉 호텔 감재,3,600000,2025-12-03,40-60만원
U0159,10056273,강릉 머물구자펜션,3,700000,2025-07-31,60만원 이상
U0160,1000108328,강릉 게스트하우스 중앙점,3,400000,2025-05-22,20-40만원
U0161,10060041,강릉 열시반펜션,3,600000,2025-10-03,40-60만원
U0164,3000446,강릉 라벨르호텔 프리미어 강릉역점,2,200000,2025-03-27,20만원 이하
U0166,10058072,강릉 하이오션618호,3,1100000,2025-10-18,
U0167,1000108328,강릉 게스트하우스 중앙점,2,700000,2025-06-03,60만원 이상
U0168,3017781,강릉 아스라,2,1700000,2025-02-14,
U0170,10065181,강릉 호텔 인,2,500000,2025-10-19,40-60만원
U0171,10058072,강릉 하이오션618호,2,400000,2025-09-18,20-40만원
U0172,1000108328,강릉 게스트하우스 중앙점,2,300000,2025-10-17,20-40만원
U0173,10057607,강릉 나비잠,2,400000,2025-08-23,20-40만원
U0174,10060041,강릉 열시반펜션,2,800000,2025-11-15,60만원 이상
U0175,10047953,강릉 1012독채펜션,2,600000,2025-05-17,40-60만원
U0176,10065274,강릉 호텔 감재,2,500000,2025-05-09,40-60만원
U0177,10058072,강릉 하이오션618호,4,1400000,2025-08-02,
U0178,10060041,강릉 열시반펜션,2,600000,2025-10-21,40-60만원
U0179,10058072,강릉 하이오션618호,3,400000,2025-02-03,20-40만원
U0180,10058151,강릉 미라벨펜션,4,3000000,2025-05-15,
U0181,1000109710,강릉 라라,2,1800000,2025-04-18,
U0182,10060041,강릉 열시반펜션,2,400000,2025-11-21,20-40만원
U0184,10060041,강릉 열시반펜션,3,2800000,2025-07-29,
U0185,1000108328,강릉 게스트하우스 중앙점,2,200000,2025-02-07,20만원 이하
U0186,100102,강릉 경포대 파라다이스,4,400000,2025-08-20,20-40만원
U0187,1000108328,강릉 게스트하우스 중앙점,2,200000,2025-10-27,20만원 이하
U0188,1000108328,강릉 게스트하우스 중앙점,3,500000,2025-09-17,40-60만원
U0189,1000114471,강릉 마운틴,3,600000,2025-12-25,40-60만원
U0190,10058072,강릉 하이오션618호,4,900000,2025-10-26,60만원 이상
U0191,1000100529,경포 비스타호텔,3,800000,2025-11-26,60만원 이상
U0192,1000100529,경포 비스타호텔,2,300000,2025-06-08,20-40만원
U0193,1000108328,강릉 게스트하우스 중앙점,3,2200000,2025-01-12,
U0194,10040659,강릉 아카펠라 게스트하우스,3,300000,2025-03-19,20-40만원
U0195,1000108328,강릉 게스트하우스 중앙점,2,200000,2025-12-27,20만원 이하
U0196,1000108328,강릉 게스트하우스 중앙점,5,600000,2025-01-07,40-60만원
U0199,1000109262,강릉 숨어있는집펜션,3,300000,2025-07-14,20-40만원
U0201,1000108328,강릉 게스트하우스 중앙점,2,1800000,2025-01-02,
U0202,10065274,강릉 호텔 감재,3,800000,2025-03-24,60만원 이상
U0203,10056273,강릉 머물구자펜션,3,2700000,2025-08-23,
U0204,10060041,강릉 열시반펜션,2,200000,2025-11-20,20만원 이하
U0205,10058151,강릉 미라벨펜션,4,900000,2025-04-03,60만원 이상
U0206,10061373,강릉 도도하우스1,2,600000,2025-04-06,40-60만원
U0207,10058072,강릉 하이오션618호,4,1500000,2025-05-20,
U0208,10058072,강릉 하이오션618호,2,1400000,2025-11-28,
U0209,10047953,강릉 1012독채펜션,2,300000,2025-06-22,20-40만원
U0210,3002920,강릉 산바다펜션,2,1000000,2025-06-19,60만원 이상
U0211,10060041,강릉 열시반펜션,5,1100000,2025-01-29,
U0212,10058072,강릉 하이오션618호,3,2000000,2025-12-06,
U0213,10063103,강릉 사천의밤,2,200000,2025-11-15,20만원 이하
U0214,1000108328,강릉 게스트하우스 중앙점,2,200000,2025-11-28,20만원 이하
U0215,10060041,강릉 열시반펜션,2,900000,2025-08-31,60만원 이상
U0216,10062414,강릉 스테이인터뷰,2,500000,2025-10-26,40-60만원
U0218,10060041,강릉 열시반펜션,4,800000,2025-04-02,60만원 이상
U0219,10060041,강릉 열시반펜션,4,1500000,2025-01-20,
U0220,1000108328,강릉 게스트하우스 중앙점,5,600000,2025-01-17,40-60만원
U0221,1000100529,경포 비스타호텔,3,600000,2025-12-06,40-60만원
U0222,1000110878,강릉 진하우스펜션,2,200000,2025-03-17,20만원 이하
U0224,10060041,강릉 열시반펜션,4,3300000,2025-09-05,
U0225,1000145,강릉 더뷰티호텔,5,1100000,2025-11-01,
U0226,10060041,강릉 열시반펜션,3,2800000,2025-05-21,
U0227,10056273,강릉 머물구자펜션,2,800000,2025-06-17,60만원 이상
U0228,10062414,강릉 스테이인터뷰,2,900000,2025-12-05,60만원 이상
U0229,10044704,강릉 라온펜션,3,500000,2025-01-23,40-60만원
U0230,1000110490,강릉 브라운도트 강릉경포점,3,2400000,2025-09-30,
U0231,10060041,강릉 열시반펜션,3,500000,2025-02-25,40-60만원
U0232,10046257,강릉 하쿠나마타타풀빌라,2,1500000,2025-07-03,
U0233,10062450,강릉 유림스테이,2,700000,2025-07-24,60만원 이상
U0234,10060041,강릉 열시반펜션,4,1200000,2025-03-17,
U0235,1000108328,강릉 게스트하우스 중앙점,3,2100000,2025-08-01,
U0236,10060197,강릉 모래하늘펜션,2,1300000,2025-03-23,
U0237,10062294,강릉 노빌레펜션,2,500000,2025-03-14,40-60만원
U0238,10062414,강릉 스테이인터뷰,2,500000,2025-11-20,40-60만원
U0239,1000108328,강릉 게스트하우스 중앙점,2,1700000,2025-08-17,
U0240,10058072,강릉 하이오션618호,5,1300000,2025-01-20,
U0243,1000108328,강릉 게스트하우스 중앙점,3,700000,2025-12-02,60만원 이상
U0244,10058151,강릉 미라벨펜션,2,1300000,2025-07-29,
U0245,10058072,강릉 하이오션618호,5,1300000,2025-09-24,
U0246,1000108328,강릉 게스트하우스 중앙점,3,300000,2025-07-08,20-40만원
U0247,10060041,강릉 열시반펜션,3,2300000,2025-01-11,
U0248,10056273,강릉 머물구자펜션,3,1500000,2025-12-12,
U0249,1000108328,강릉 게스트하우스 중앙점,5,600000,2025-12-22,40-60만원
U0250,10058072,강릉 하이오션618호,2,1000000,2025-09-06,60만원 이상
U0251,10058151,강릉 미라벨펜션,2,400000,2025-11-22,20-40만원
U0253,10040659,강릉 아카펠라 게스트하우스,3,300000,2025-12-27,20-40만원
U0254,1000108328,강릉 게스트하우스 중앙점,2,300000,2025-12-08,20-40만원
U0255,10060041,강릉 열시반펜션,3,1500000,2025-06-09,
U0256,3017781,강릉 아스라,4,500000,2025-09-22,40-60만원
U0257,3017781,강릉 아스라,3,300000,2025-03-17,20-40만원
U0259,1000145,강릉 더뷰티호텔,2,200000,2025-06-05,20만원 이하
U0260,1000108328,강릉 게스트하우스 중앙점,3,600000,2025-06-26,40-60만원
U0261,1000108328,강릉 게스트하우스 중앙점,3,500000,2025-10-18,40-60만원
U0262,10046257,강릉 하쿠나마타타풀빌라,5,4700000,2025-04-26,
U0263,10046257,강릉 하쿠나마타타풀빌라,2,1500000,2025-04-25,
U0264,10060041,강릉 열시반펜션,2,700000,2025-03-26,60만원 이상
U0265,1000108328,강릉 게스트하우스 중앙점,4,900000,2025-07-29,60만원 이상
U0266,10058072,강릉 하이오션618호,4,1500000,2025-11-18,
U0268,3012679,강릉 경포대 산토리니,5,500000,2025-03-04,40-60만원
U0269,10060041,강릉 열시반펜션,3,600000,2025-11-06,40-60만원
U0270,10060041,강릉 열시반펜션,2,1400000,2025-05-21,
U0271,3017781,강릉 아스라,2,500000,2025-01-11,40-60만원
U0272,10060041,강릉 열시반펜션,3,600000,2025-03-14,40-60만원
U0273,1000108328,강릉 게스트하우스 중앙점,4,3700000,2025-01-26,
U0274,10048130,강릉 라임비치스파펜션,4,1800000,2025-10-18,
U0275,1000108328,강릉 게스트하우스 중앙점,2,200000,2025-01-10,20만원 이하
U0278,10046137,강릉(정동진) 해맞이,2,200000,2025-01-04,20만원 이하
U0279,10060041,강릉 열시반펜션,5,1300000,2025-01-23,
U0280,10060041,강릉 열시반펜션,5,2100000,2025-06-15,
U0281,1000108328,강릉 게스트하우스 중앙점,4,1000000,2025-09-02,60만원 이상
U0283,10064050,강릉 디오네스파펜션,2,200000,2025-10-02,20만원 이하
U0284,1000108328,강릉 게스트하우스 중앙점,2,300000,2025-02-21,20-40만원
U0285,10048410,강릉 지지(GG)펜션,2,400000,2025-10-23,20-40만원
U0286,10056273,강릉 머물구자펜션,3,2600000,2025-03-31,
U0287,10064423,강릉 진스테이,2,200000,2025-11-04,20만원 이하
U0289,3005630,강릉 티케하우스펜션,2,700000,2025-11-04,60만원 이상
U0290,10060041,강릉 열시반펜션,2,200000,2025-10-01,20만원 이하
U0292,10040659,강릉 아카펠라 게스트하우스,5,500000,2025-03-14,40-60만원
U0294,10060041,강릉 열시반펜션,5,1100000,2025-11-14,
U0295,1000108328,강릉 게스트하우스 중앙점,2,700000,2025-06-28,60만원 이상
U0297,3000446,강릉 라벨르호텔 프리미어 강릉역점,2,200000,2025-11-20,20만원 이하
U0298,1000109710,강릉 라라,5,1700000,2025-02-13,
U0299,3012679,강릉 경포대 산토리니,5,500000,2025-10-06,40-60만원
U0300,3008141,강릉관광호텔,2,400000,2025-03-11,20-40만원
U0301,1000108328,강릉 게스트하우스 중앙점,3,400000,2025-03-15,20-40만원
U0303,10044704,강릉 라온펜션,2,200000,2025-05-26,20만원 이하
U0304,3000446,강릉 라벨르호텔 프리미어 강릉역점,2,1300000,2025-06-09,
U0305,1000108328,강릉 게스트하우스 중앙점,3,500000,2025-09-10,40-60만원
U0306,10040659,강릉 아카펠라 게스트하우스,4,900000,2025-08-08,60만원 이상
U0307,1000108328,강릉 게스트하우스 중앙점,2,500000,2025-01-21,40-60만원
U0310,10062044,강릉 더 오션스테이 A19,2,500000,2025-03-12,40-60만원
U0311,10060041,강릉 열시반펜션,5,1000000,2025-09-29,60만원 이상
U0312,10060041,강릉 열시반펜션,2,400000,2025-02-25,20-40만원
U0313,1000090928,강릉 경포솔향기펜션,4,3100000,2025-02-21,
U0314,3000446,강릉 라벨르호텔 프리미어 강릉역점,2,500000,2025-05-03,40-60만원
U0315,10060041,강릉 열시반펜션,2,400000,2025-12-07,20-40만원
U0316,1000109710,강릉 라라,3,1100000,2025-06-24,
U0318,3004935,강릉 옥상달빛펜션,2,300000,2025-12-10,20-40만원
U0320,1000109710,강릉 라라,5,500000,2025-11-16,40-60만원
U0321,3000446,강릉 라벨르호텔 프리미어 강릉역점,2,400000,2025-07-15,20-40만원
U0323,1000108328,강릉 게스트하우스 중앙점,5,800000,2025-06-10,60만원 이상
U0324,10046257,강릉 하쿠나마타타풀빌라,2,1700000,2025-12-07,
U0325,10060041,강릉 열시반펜션,2,400000,2025-01-20,20-40만원
U0326,1000108328,강릉 게스트하우스 중앙점,4,1200000,2025-09-30,
U0327,10060041,강릉 열시반펜션,3,2300000,2025-03-27,
U0328,10065274,강릉 호텔 감재,4,1000000,2025-11-04,60만원 이상
U0330,10058072,강릉 하이오션618호,2,400000,2025-11-09,20-40만원
U0331,10057607,강릉 나비잠,2,400000,2025-04-03,20-40만원
U0332,1000108328,강릉 게스트하우스 중앙점,5,700000,2025-10-01,60만원 이상
U0333,3008141,강릉관광호텔,2,300000,2025-02-09,20-40만원
U0335,10061268,강릉 더브리앙뜨펜션,2,1300000,2025-09-13,
U0336,1000108328,강릉 게스트하우스 중앙점,2,200000,2025-04-01,20만원 이하
U0337,1000145,강릉 더뷰티호텔,2,500000,2025-10-22,40-60만원
U0338,1000108328,강릉 게스트하우스 중앙점,4,1000000,2025-12-28,60만원 이상
U0339,10048130,강릉 라임비치스파펜션,2,300000,2025-03-11,20-40만원
U0340,10057607,강릉 나비잠,2,1600000,2025-09-19,
U0341,10064399,강릉 더이스트펜션,2,200000,2025-02-24,20만원 이하
U0342,1000108328,강릉 게스트하우스 중앙점,3,1100000,2025-08-18,
U0343,10057051,강릉 초당더쉼펜션,2,800000,2025-06-27,60만원 이상
U0344,10062828,강릉 소나무숲펜션,2,1600000,2025-03-31,
U0345,1000108328,강릉 게스트하우스 중앙점,3,500000,2025-08-23,40-60만원
U0346,10064423,강릉 진스테이,3,1000000,2025-03-09,60만원 이상
U0347,10040659,강릉 아카펠라 게스트하우스,2,200000,2025-01-04,20만원 이하
U0348,1000104370,강릉 게스트하우스 뮤,5,800000,2025-03-15,60만원 이상
U0349,10040659,강릉 아카펠라 게스트하우스,5,500000,2025-05-15,40-60만원
U0350,10048130,강릉 라임비치스파펜션,3,500000,2025-10-13,40-60만원
U0351,10040005,강릉 이팝게스트하우스,2,300000,2025-03-15,20-40만원
U0352,27240,강릉 부띠크 루소호텔,2,200000,2025-01-27,20만원 이하
U0353,1000108328,강릉 게스트하우스 중앙점,3,400000,2025-03-01,20-40만원
U0354,3013306,강릉 더샾호텔,3,1000000,2025-02-23,60만원 이상
U0355,10058072,강릉 하이오션618호,2,500000,2025-08-23,40-60만원
U0356,10058151,강릉 미라벨펜션,2,1000000,2025-08-17,60만원 이상
U0357,1000108328,강릉 게스트하우스 중앙점,2,400000,2025-10-11,20-40만원
U0358,3008632,강릉 루소호텔,5,3300000,2025-02-14,
U0359,10061418,강릉 강문스테이,3,700000,2025-03-07,60만원 이상
U0360,10044704,강릉 라온펜션,5,1200000,2025-07-24,
U0362,1000108328,강릉 게스트하우스 중앙점,3,300000,2025-12-08,20-40만원
U0363,1000108328,강릉 게스트하우스 중앙점,4,500000,2025-02-07,40-60만원
U0364,10060041,강릉 열시반펜션,2,500000,2025-07-10,40-60만원
U0365,10046137,강릉(정동진) 해맞이,2,600000,2025-07-15,40-60만원
U0366,10060041,강릉 열시반펜션,2,500000,2025-02-26,40-60만원
U0368,10060848,강릉 나이아드펜션,3,300000,2025-09-19,20-40만원
U0369,10048410,강릉 지지(GG)펜션,2,900000,2025-03-17,60만원 이상
U0371,10047953,강릉 1012독채펜션,4,1100000,2025-09-25,
U0372,10047953,강릉 1012독채펜션,2,1000000,2025-12-24,60만원 이상
U0374,10058151,강릉 미라벨펜션,2,400000,2025-12-04,20-40만원
U0375,10040659,강릉 아카펠라 게스트하우스,2,500000,2025-01-03,40-60만원
U0376,1000108328,강릉 게스트하우스 중앙점,4,700000,2025-01-20,60만원 이상
U0377,1000108328,강릉 게스트하우스 중앙점,3,300000,2025-08-21,20-40만원
U0378,10060041,강릉 열시반펜션,3,400000,2025-03-03,20-40만원
U0379,3004405,강릉 휴가펜션,2,1500000,2025-10-09,
U0380,10057347,강릉 해중공원펜션,2,400000,2025-10-25,20-40만원
U0381,10065181,강릉 호텔 인,2,400000,2025-11-15,20-40만원
U0382,10056273,강릉 머물구자펜션,2,300000,2025-04-28,20-40만원
U0383,10039924,강릉 위펜션(안목 커피거리),3,600000,2025-11-17,40-60만원
U0384,10058072,강릉 하이오션618호,3,400000,2025-10-23,20-40만원
U0385,1000108328,강릉 게스트하우스 중앙점,3,600000,2025-05-24,40-60만원
U0386,10064423,강릉 진스테이,2,200000,2025-02-25,20만원 이하
U0387,10056273,강릉 머물구자펜션,2,400000,2025-01-15,20-40만원
U0388,1000108328,강릉 게스트하우스 중앙점,4,800000,2025-04-30,60만원 이상
U0390,10043398,강릉 페리아902키즈가족스파펜션,2,900000,2025-04-16,60만원 이상
U0391,10048130,강릉 라임비치스파펜션,2,900000,2025-09-13,60만원 이상
U0392,1000108328,강릉 게스트하우스 중앙점,3,1100000,2025-07-30,
U0393,1000108328,강릉 게스트하우스 중앙점,3,700000,2025-11-14,60만원 이상
U0394,10058072,강릉 하이오션618호,3,400000,2025-11-24,20-40만원
U0395,10060041,강릉 열시반펜션,3,800000,2025-05-20,60만원 이상
U0396,1000108328,강릉 게스트하우스 중앙점,2,400000,2025-05-25,20-40만원
U0397,10062450,강릉 유림스테이,2,400000,2025-09-15,20-40만원
U0398,10058072,강릉 하이오션618호,3,1500000,2025-08-17,
U0400,3003230,강릉 S202 스파펜션,2,200000,2025-11-27,20만원 이하
U0401,10058151,강릉 미라벨펜션,2,300000,2025-06-12,20-40만원
U0402,10060041,강릉 열시반펜션,2,800000,2025-07-15,60만원 이상
U0403,10058072,강릉 하이오션618호,2,500000,2025-01-27,40-60만원
U0404,1000108328,강릉 게스트하우스 중앙점,4,400000,2025-07-22,20-40만원
U0405,10046779,강릉 칸펜션,2,300000,2025-08-28,20-40만원
U0406,3012759,강릉 다비앙스파펜션,3,2400000,2025-02-23,
U0408,1000108374,강릉 세인트린느 카라반 게스트하우스,3,300000,2025-11-10,20-40만원
U0409,1000108374,강릉 세인트린느 카라반 게스트하우스,4,500000,2025-11-05,40-60만원
U0410,10060041,강릉 열시반펜션,2,300000,2025-11-23,20-40만원
U0411,1000108328,강릉 게스트하우스 중앙점,3,1300000,2025-03-13,
U0412,10058072,강릉 하이오션618호,3,600000,2025-01-28,40-60만원
U0413,3003230,강릉 S202 스파펜션,2,500000,2025-07-10,40-60만원
U0414,3008141,강릉관광호텔,2,500000,2025-10-27,40-60만원
U0415,1000108328,강릉 게스트하우스 중앙점,4,900000,2025-05-16,60만원 이상
U0416,10060041,강릉 열시반펜션,2,400000,2025-09-30,20-40만원
U0417,3002920,강릉 산바다펜션,2,300000,2025-08-05,20-40만원
U0418,1000108328,강릉 게스트하우스 중앙점,4,400000,2025-01-12,20-40만원
U0419,1000090928,강릉 경포솔향기펜션,5,4100000,2025-11-20,
U0420,10046257,강릉 하쿠나마타타풀빌라,2,1700000,2025-04-11,
U0421,10060041,강릉 열시반펜션,2,300000,2025-08-22,20-40만원
U0422,10040659,강릉 아카펠라 게스트하우스,4,400000,2025-09-25,20-40만원
U0423,1000145,강릉 더뷰티호텔,3,1100000,2025-05-06,
U0425,10065274,강릉 호텔 감재,2,200000,2025-05-01,20만원 이하
U0426,1000090928,강릉 경포솔향기펜션,4,1700000,2025-07-31,
U0427,10060041,강릉 열시반펜션,2,200000,2025-03-18,20만원 이하
U0429,1000100529,경포 비스타호텔,2,300000,2025-06-15,20-40만원
U0430,10058072,강릉 하이오션618호,5,2400000,2025-11-29,
U0431,10058072,강릉 하이오션618호,4,700000,2025-06-10,60만원 이상
U0432,10048130,강릉 라임비치스파펜션,5,3900000,2025-12-04,
U0433,1000108328,강릉 게스트하우스 중앙점,4,800000,2025-09-25,60만원 이상
U0434,10065181,강릉 호텔 인,3,2400000,2025-08-01,
U0435,3000446,강릉 라벨르호텔 프리미어 강릉역점,2,400000,2025-03-08,20-40만원
U0437,3000446,강릉 라벨르호텔 프리미어 강릉역점,2,600000,2025-11-04,40-60만원
U0438,10058072,강릉 하이오션618호,3,600000,2025-01-06,40-60만원
U0439,3000446,강릉 라벨르호텔 프리미어 강릉역점,2,200000,2025-06-05,20만원 이하
U0440,10060041,강릉 열시반펜션,2,200000,2025-06-08,20만원 이하
U0441,3012679,강릉 경포대 산토리니,2,1000000,2025-06-29,60만원 이상
U0442,10060041,강릉 열시반펜션,2,600000,2025-03-03,40-60만원
U0444,10048410,강릉 지지(GG)펜션,2,700000,2025-03-05,60만원 이상
U0445,1000100529,경포 비스타호텔,3,500000,2025-10-18,40-60만원
U0446,1000108328,강릉 게스트하우스 중앙점,4,800000,2025-09-12,60만원 이상
U0447,1000108328,강릉 게스트하우스 중앙점,4,400000,2025-03-16,20-40만원
U0448,10060041,강릉 열시반펜션,5,900000,2025-04-02,60만원 이상
U0451,10057607,강릉 나비잠,3,600000,2025-03-24,40-60만원
U0452,10058151,강릉 미라벨펜션,3,800000,2025-01-01,60만원 이상
U0453,1000236,강릉 경포대 스완,4,2600000,2025-12-05,
U0455,1000108328,강릉 게스트하우스 중앙점,3,300000,2025-02-02,20-40만원
U0459,10060041,강릉 열시반펜션,3,2800000,2025-11-04,
U0460,3017781,강릉 아스라,2,200000,2025-11-25,20만원 이하
U0461,10058072,강릉 하이오션618호,4,900000,2025-07-08,60만원 이상
U0463,10060041,강릉 열시반펜션,3,1100000,2025-06-15,
U0464,10060041,강릉 열시반펜션,3,400000,2025-10-08,20-40만원
U0465,1000114471,강릉 마운틴,2,200000,2025-08-28,20만원 이하
U0466,3002569,강릉 한들펜션,2,800000,2025-02-25,60만원 이상
U0467,1000108328,강릉 게스트하우스 중앙점,2,200000,2025-04-02,20만원 이하
U0468,1000108328,강릉 게스트하우스 중앙점,2,200000,2025-07-26,20만원 이하
U0469,3004935,강릉 옥상달빛펜션,4,1300000,2025-06-21,
U0470,10060041,강릉 열시반펜션,4,1800000,2025-11-21,
U0471,1000236,강릉 경포대 스완,4,2700000,2025-06-21,
U0472,10044704,강릉 라온펜션,3,400000,2025-12-28,20-40만원
U0474,1000108328,강릉 게스트하우스 중앙점,5,2200000,2025-07-04,
U0475,10058151,강릉 미라벨펜션,2,500000,2025-07-15,40-60만원
U0476,10046137,강릉(정동진) 해맞이,2,300000,2025-06-27,20-40만원
U0477,10060041,강릉 열시반펜션,2,1000000,2025-03-24,60만원 이상
U0478,10040006,강릉 학동 한옥스테이,3,2600000,2025-06-19,
U0480,10065274,강릉 호텔 감재,3,700000,2025-11-06,60만원 이상
U0482,10060041,강릉 열시반펜션,3,1100000,2025-04-23,
U0483,10057607,강릉 나비잠,2,500000,2025-11-06,40-60만원
U0486,1000108328,강릉 게스트하우스 중앙점,2,400000,2025-12-04,20-40만원
U0487,1000108328,강릉 게스트하우스 중앙점,2,200000,2025-11-10,20만원 이하
U0488,1000108328,강릉 게스트하우스 중앙점,3,600000,2025-07-16,40-60만원
U0490,10056273,강릉 머물구자펜션,2,800000,2025-11-29,60만원 이상
U0491,1000109710,강릉 라라,3,700000,2025-09-06,60만원 이상
U0492,1000108328,강릉 게스트하우스 중앙점,4,400000,2025-12-08,20-40만원
U0493,1000108328,강릉 게스트하우스 중앙점,5,1300000,2025-08-13,
U0494,10064533,강릉 경포블루비치펜션,3,400000,2025-12-31,20-40만원
U0495,10062547,강릉 강문스토리,2,200000,2025-10-03,20만원 이하
U0496,10060041,강릉 열시반펜션,5,1600000,2025-03-11,
U0497,1000109710,강릉 라라,3,500000,2025-04-08,40-60만원
U0498,10061268,강릉 더브리앙뜨펜션,2,900000,2025-03-21,60만원 이상
U0499,10060041,강릉 열시반펜션,3,2400000,2025-06-23,
U0500,3007202,강릉 메어블릭스파펜션,2,900000,2025-03-01,60만원 이상
U0501,10058151,강릉 미라벨펜션,2,500000,2025-07-21,40-60만원
U0502,1000108328,강릉 게스트하우스 중앙점,5,500000,2025-01-08,40-60만원
U0503,10060197,강릉 모래하늘펜션,2,400000,2025-12-24,20-40만원
U0506,10046137,강릉(정동진) 해맞이,2,600000,2025-03-16,40-60만원
U0507,10060041,강릉 열시반펜션,2,300000,2025-05-31,20-40만원
U0508,10056273,강릉 머물구자펜션,3,2600000,2025-11-14,
U0509,10061418,강릉 강문스테이,3,400000,2025-01-07,20-40만원
U0510,1000111789,강릉 바다를품은스파펜션,2,500000,2025-05-21,40-60만원
U0511,1000108328,강릉 게스트하우스 중앙점,3,300000,2025-01-13,20-40만원
U0512,10058072,강릉 하이오션618호,2,400000,2025-09-03,20-40만원
U0513,10058072,강릉 하이오션618호,3,1100000,2025-01-29,
U0514,10060041,강릉 열시반펜션,4,1500000,2025-08-26,
U0515,10058072,강릉 하이오션618호,2,400000,2025-09-16,20-40만원
U0516,10058072,강릉 하이오션618호,2,400000,2025-12-25,20-40만원
U0518,10060041,강릉 열시반펜션,2,600000,2025-05-12,40-60만원
U0519,10057607,강릉 나비잠,2,400000,2025-11-03,20-40만원
U0520,10046257,강릉 하쿠나마타타풀빌라,3,2300000,2025-09-12,
U0521,3002827,강릉 황토와솔내음펜션,5,4300000,2025-08-10,
U0523,10064446,강릉 경포 블루비치펜션,3,300000,2025-01-19,20-40만원
U0524,10064446,강릉 경포 블루비치펜션,5,600000,2025-01-28,40-60만원
U0525,10044900,강릉 산호펜션,5,1300000,2025-01-29,
U0526,10060041,강릉 열시반펜션,2,1700000,2025-02-08,
U0527,10060041,강릉 열시반펜션,2,500000,2025-03-14,40-60만원
U0528,10058072,강릉 하이오션618호,2,300000,2025-07-01,20-40만원
U0530,1000108328,강릉 게스트하우스 중앙점,4,900000,2025-01-24,60만원 이상
U0532,10060041,강릉 열시반펜션,2,500000,2025-09-17,40-60만원
U0533,1000108328,강릉 게스트하우스 중앙점,2,300000,2025-11-29,20-40만원
U0534,10046257,강릉 하쿠나마타타풀빌라,2,1000000,2025-03-05,60만원 이상
U0535,10060041,강릉 열시반펜션,3,500000,2025-10-10,40-60만원
U0536,10058151,강릉 미라벨펜션,3,2800000,2025-12-25,
U0537,10057347,강릉 해중공원펜션,2,1900000,2025-04-06,
U0539,1000108328,강릉 게스트하우스 중앙점,2,200000,2025-01-03,20만원 이하
U0540,10044704,강릉 라온펜션,2,1400000,2025-08-27,
U0542,1000108328,강릉 게스트하우스 중앙점,2,200000,2025-09-30,20만원 이하
U0543,3014292,강릉 휠,2,200000,2025-12-13,20만원 이하
U0544,1000108328,강릉 게스트하우스 중앙점,5,500000,2025-04-18,40-60만원
U0545,10058072,강릉 하이오션618호,5,600000,2025-09-02,40-60만원
U0546,1000108328,강릉 게스트하우스 중앙점,2,400000,2025-04-28,20-40만원
U0547,10063337,강릉 스테이안다미로독채스파펜션,5,2200000,2025-10-29,
U0549,10044900,강릉 산호펜션,3,500000,2025-05-13,40-60만원
U0550,1000145,강릉 더뷰티호텔,4,800000,2025-07-15,60만원 이상
U0551,10056273,강릉 머물구자펜션,2,1800000,2025-09-14,
U0552,1000108328,강릉 게스트하우스 중앙점,2,200000,2025-11-22,20만원 이하
U0553,10060411,강릉 더스테이 은파,3,1200000,2025-09-30,
U0554,10058151,강릉 미라벨펜션,2,700000,2025-03-31,60만원 이상
U0555,10048130,강릉 라임비치스파펜션,4,500000,2025-10-14,40-60만원
U0557,10060041,강릉 열시반펜션,2,1300000,2025-02-21,
U0558,1000108328,강릉 게스트하우스 중앙점,2,300000,2025-05-23,20-40만원
U0559,1000109710,강릉 라라,5,600000,2025-05-22,40-60만원
U0560,10057607,강릉 나비잠,2,800000,2025-06-23,60만원 이상
U0561,10064399,강릉 더이스트펜션,4,900000,2025-10-10,60만원 이상
U0562,10040659,강릉 아카펠라 게스트하우스,4,900000,2025-09-05,60만원 이상
U0563,10060041,강릉 열시반펜션,2,800000,2025-07-02,60만원 이상
U0564,1000108328,강릉 게스트하우스 중앙점,2,400000,2025-08-05,20-40만원
U0565,1000110878,강릉 진하우스펜션,2,1600000,2025-11-24,
U0566,1000145,강릉 더뷰티호텔,3,800000,2025-04-18,60만원 이상
U0567,10058072,강릉 하이오션618호,3,1200000,2025-06-03,
U0568,10046137,강릉(정동진) 해맞이,2,1700000,2025-09-09,
U0569,1000236,강릉 경포대 스완,2,900000,2025-07-23,60만원 이상
U0571,10040659,강릉 아카펠라 게스트하우스,4,400000,2025-05-21,20-40만원
U0572,10047953,강릉 1012독채펜션,3,700000,2025-03-30,60만원 이상
U0573,10058072,강릉 하이오션618호,2,300000,2025-09-25,20-40만원
U0574,10060041,강릉 열시반펜션,3,700000,2025-02-18,60만원 이상
U0575,10064533,강릉 경포블루비치펜션,2,200000,2025-07-14,20만원 이하
U0576,1000108328,강릉 게스트하우스 중앙점,2,600000,2025-04-15,40-60만원
U0577,10060041,강릉 열시반펜션,3,1200000,2025-01-02,
U0579,1000108328,강릉 게스트하우스 중앙점,4,500000,2025-07-23,40-60만원
U0580,1000108328,강릉 게스트하우스 중앙점,3,2000000,2025-03-09,
U0581,10046257,강릉 하쿠나마타타풀빌라,2,1500000,2025-06-30,
U0582,10065274,강릉 호텔 감재,2,900000,2025-05-12,60만원 이상
U0583,10060848,강릉 나이아드펜션,5,600000,2025-02-22,40-60만원
U0584,10060041,강릉 열시반펜션,4,2700000,2025-08-09,
U0586,1000109710,강릉 라라,2,300000,2025-07-07,20-40만원
U0587,10058072,강릉 하이오션618호,2,300000,2025-11-28,20-40만원
U0588,10063700,신라모노그램 강릉 레지던스,3,2700000,2025-08-06,
U0589,1000108328,강릉 게스트하우스 중앙점,3,300000,2025-12-29,20-40만원
U0591,27857,강릉 미성장모텔,4,400000,2025-10-18,20-40만원
U0592,1000108328,강릉 게스트하우스 중앙점,4,400000,2025-08-05,20-40만원
U0593,10060041,강릉 열시반펜션,2,400000,2025-11-23,20-40만원
U0594,10057607,강릉 나비잠,2,800000,2025-01-07,60만원 이상
U0595,10040659,강릉 아카펠라 게스트하우스,5,2300000,2025-12-14,
U0596,10040659,강릉 아카펠라 게스트하우스,4,700000,2025-06-18,60만원 이상
U0597,10062450,강릉 유림스테이,2,400000,2025-03-10,20-40만원
U0599,10040360,강릉 까사클라라펜션,2,400000,2025-06-22,20-40만원
U0600,10060041,강릉 열시반펜션,2,500000,2025-02-11,40-60만원
U0601,1000108328,강릉 게스트하우스 중앙점,5,600000,2025-08-01,40-60만원
U0602,10046257,강릉 하쿠나마타타풀빌라,2,900000,2025-04-06,60만원 이상
U0603,10057625,강릉 스테이에덴,2,1500000,2025-10-24,
U0604,1000108328,강릉 게스트하우스 중앙점,4,2000000,2025-03-08,
U0605,10040659,강릉 아카펠라 게스트하우스,4,900000,2025-12-01,60만원 이상
U0606,10058072,강릉 하이오션618호,3,2700000,2025-03-24,
U0607,1000108328,강릉 게스트하우스 중앙점,2,200000,2025-01-01,20만원 이하
U0608,10044704,강릉 라온펜션,2,200000,2025-01-19,20만원 이하
U0609,10057607,강릉 나비잠,2,1800000,2025-03-05,
U0610,1000090928,강릉 경포솔향기펜션,2,1900000,2025-03-04,
U0611,10059251,강릉 송이펜션,2,1400000,2025-06-23,
U0612,3000446,강릉 라벨르호텔 프리미어 강릉역점,3,900000,2025-09-10,60만원 이상
U0613,10064533,강릉 경포블루비치펜션,3,500000,2025-07-30,40-60만원
U0614,10057607,강릉 나비잠,3,2500000,2025-03-05,
U0616,1000108328,강릉 게스트하우스 중앙점,5,3500000,2025-09-19,
U0617,10060041,강릉 열시반펜션,2,700000,2025-05-25,60만원 이상
U0619,3004405,강릉 휴가펜션,5,2500000,2025-07-23,
U0621,1000109710,강릉 라라,2,800000,2025-12-28,60만원 이상
U0622,10046257,강릉 하쿠나마타타풀빌라,3,2900000,2025-01-06,
U0623,1000108328,강릉 게스트하우스 중앙점,2,200000,2025-12-02,20만원 이하
U0624,10052283,강릉 씨카라반,2,400000,2025-05-24,20-40만원
U0625,10060041,강릉 열시반펜션,3,800000,2025-09-20,60만원 이상
U0626,10040659,강릉 아카펠라 게스트하우스,5,500000,2025-06-15,40-60만원
U0627,10060041,강릉 열시반펜션,2,300000,2025-06-21,20-40만원
U0628,10052744,강릉 리멤버독채펜션,2,900000,2025-07-16,60만원 이상
U0629,10058151,강릉 미라벨펜션,2,400000,2025-01-23,20-40만원
U0630,10060041,강릉 열시반펜션,2,200000,2025-09-04,20만원 이하
U0633,10060041,강릉 열시반펜션,3,700000,2025-08-31,60만원 이상
U0634,10040659,강릉 아카펠라 게스트하우스,2,1400000,2025-11-05,
U0635,10060041,강릉 열시반펜션,3,700000,2025-05-01,60만원 이상
U0636,3009363,강릉 루이스호텔,2,700000,2025-09-08,60만원 이상
U0637,1000108328,강릉 게스트하우스 중앙점,2,200000,2025-09-19,20만원 이하
U0638,10064423,강릉 진스테이,3,1300000,2025-12-05,
U0639,1000108328,강릉 게스트하우스 중앙점,3,600000,2025-11-07,40-60만원
U0640,10058072,강릉 하이오션618호,4,1700000,2025-02-28,
U0642,10058151,강릉 미라벨펜션,3,900000,2025-02-11,60만원 이상
U0643,1000109710,강릉 라라,3,500000,2025-12-22,40-60만원
U0644,1000236,강릉 경포대 스완,3,600000,2025-08-23,40-60만원
U0645,10058072,강릉 하이오션618호,2,1800000,2025-06-19,
U0646,10057347,강릉 해중공원펜션,2,400000,2025-06-19,20-40만원
U0647,10058072,강릉 하이오션618호,3,500000,2025-02-23,40-60만원
U0648,10064836,강릉 도원펜션,3,1100000,2025-07-24,
U0650,10065181,강릉 호텔 인,5,1900000,2025-07-03,
U0651,1000108328,강릉 게스트하우스 중앙점,3,500000,2025-01-18,40-60만원
U0652,10060848,강릉 나이아드펜션,4,500000,2025-07-13,40-60만원
U0653,10064399,강릉 더이스트펜션,3,1400000,2025-04-21,
U0654,10046137,강릉(정동진) 해맞이,2,300000,2025-08-09,20-40만원
U0655,1000108328,강릉 게스트하우스 중앙점,2,300000,2025-01-15,20-40만원
U0656,10061418,강릉 강문스테이,3,400000,2025-07-21,20-40만원
U0657,1000108328,강릉 게스트하우스 중앙점,3,400000,2025-06-09,20-40만원
U0659,1000108328,강릉 게스트하우스 중앙점,3,300000,2025-12-09,20-40만원
U0660,10044704,강릉 라온펜션,2,400000,2025-10-20,20-40만원
U0661,10062031,강릉 스테이경포55,2,300000,2025-12-30,20-40만원
U0663,10060041,강릉 열시반펜션,2,900000,2025-08-07,60만원 이상
U0664,10060551,강릉 니나랑스파펜션,2,500000,2025-05-19,40-60만원
U0665,1000108328,강릉 게스트하우스 중앙점,2,300000,2025-12-06,20-40만원
U0666,10048130,강릉 라임비치스파펜션,5,600000,2025-03-03,40-60만원
U0668,10060041,강릉 열시반펜션,2,700000,2025-01-18,60만원 이상
U0670,1000108328,강릉 게스트하우스 중앙점,4,1500000,2025-09-04,
U0671,1000108328,강릉 게스트하우스 중앙점,3,1200000,2025-05-18,
U0672,10060626,강릉 코미치바다펜션,3,500000,2025-12-09,40-60만원
U0673,10060041,강릉 열시반펜션,4,1600000,2025-07-29,
U0674,1000108328,강릉 게스트하우스 중앙점,3,400000,2025-04-04,20-40만원
U0675,10048130,강릉 라임비치스파펜션,2,600000,2025-02-14,40-60만원
U0677,1000114471,강릉 마운틴,4,400000,2025-07-12,20-40만원
U0678,10058072,강릉 하이오션618호,4,800000,2025-06-12,60만원 이상
U0679,1000108328,강릉 게스트하우스 중앙점,2,400000,2025-09-20,20-40만원
U0680,10040360,강릉 까사클라라펜션,2,1600000,2025-05-10,
U0681,10060041,강릉 열시반펜션,2,400000,2025-06-27,20-40만원
U0682,10060041,강릉 열시반펜션,3,700000,2025-01-31,60만원 이상
U0683,10060041,강릉 열시반펜션,2,300000,2025-08-29,20-40만원
U0684,1000108328,강릉 게스트하우스 중앙점,2,400000,2025-11-14,20-40만원
U0685,10044704,강릉 라온펜션,2,1600000,2025-12-19,
U0686,10056273,강릉 머물구자펜션,3,1400000,2025-09-01,
U0687,10058072,강릉 하이오션618호,2,400000,2025-09-12,20-40만원
U0688,10064423,강릉 진스테이,2,700000,2025-02-11,60만원 이상
U0689,10048841,강릉 브라운도트 강릉역점,5,1200000,2025-10-27,
U0690,1000236,강릉 경포대 스완,2,400000,2025-05-21,20-40만원
U0691,10058072,강릉 하이오션618호,3,600000,2025-08-17,40-60만원
U0692,10060041,강릉 열시반펜션,5,1400000,2025-08-01,
U0694,1000108328,강릉 게스트하우스 중앙점,2,800000,2025-07-03,60만원 이상
U0696,10046137,강릉(정동진) 해맞이,2,400000,2025-09-10,20-40만원
U0697,10064533,강릉 경포블루비치펜션,2,300000,2025-11-06,20-40만원
U0699,10057607,강릉 나비잠,3,900000,2025-03-13,60만원 이상
U0700,10060041,강릉 열시반펜션,2,800000,2025-02-28,60만원 이상
U0701,10064399,강릉 더이스트펜션,2,1300000,2025-09-01,
U0702,10065274,강릉 호텔 감재,5,1300000,2025-07-14,
U0703,10064533,강릉 경포블루비치펜션,4,3600000,2025-03-05,
U0704,10057607,강릉 나비잠,5,3800000,2025-08-05,
U0705,10052744,강릉 리멤버독채펜션,2,1000000,2025-04-03,60만원 이상
U0707,1000108328,강릉 게스트하우스 중앙점,2,200000,2025-12-05,20만원 이하
U0711,10062294,강릉 노빌레펜션,3,500000,2025-09-09,40-60만원
U0712,10060041,강릉 열시반펜션,5,2500000,2025-10-12,
U0713,1000108403,강릉 경포대 료칸스테이,2,400000,2025-08-22,20-40만원
U0714,1000145,강릉 더뷰티호텔,2,300000,2025-10-17,20-40만원
U0715,3004405,강릉 휴가펜션,2,500000,2025-09-10,40-60만원
U0718,10065274,강릉 호텔 감재,2,800000,2025-06-19,60만원 이상
U0719,10044704,강릉 라온펜션,2,300000,2025-06-02,20-40만원
U0720,3016454,호텔하운드 강릉경포,2,1400000,2025-03-14,
U0721,1000108328,강릉 게스트하우스 중앙점,2,400000,2025-03-07,20-40만원
U0722,10044704,강릉 라온펜션,2,200000,2025-02-02,20만원 이하
U0723,1000108328,강릉 게스트하우스 중앙점,3,500000,2025-09-08,40-60만원
U0724,1000108328,강릉 게스트하우스 중앙점,3,300000,2025-05-24,20-40만원
U0725,1000236,강릉 경포대 스완,2,300000,2025-07-27,20-40만원
U0726,10060041,강릉 열시반펜션,4,900000,2025-10-19,60만원 이상
U0727,10058151,강릉 미라벨펜션,2,500000,2025-12-22,40-60만원
U0729,10058151,강릉 미라벨펜션,2,200000,2025-04-27,20만원 이하
U0730,10060041,강릉 열시반펜션,4,700000,2025-09-03,60만원 이상
U0731,10060041,강릉 열시반펜션,2,400000,2025-01-14,20-40만원
U0732,1000109710,강릉 라라,2,200000,2025-06-27,20만원 이하
U0734,10062547,강릉 강문스토리,3,400000,2025-01-17,20-40만원
U0735,10061418,강릉 강문스테이,3,300000,2025-04-08,20-40만원
U0736,10062547,강릉 강문스토리,4,500000,2025-08-02,40-60만원
U0737,3003230,강릉 S202 스파펜션,2,300000,2025-04-29,20-40만원
U0738,10046137,강릉(정동진) 해맞이,2,200000,2025-02-12,20만원 이하
U0739,10057607,강릉 나비잠,3,2400000,2025-02-05,
U0740,1000108328,강릉 게스트하우스 중앙점,3,900000,2025-07-09,60만원 이상
U0742,3010970,강릉 어뮤즈스파펜션,3,600000,2025-03-09,40-60만원
U0743,10060041,강릉 열시반펜션,3,1500000,2025-12-21,
U0744,1000109710,강릉 라라,2,400000,2025-08-26,20-40만원
U0745,10058072,강릉 하이오션618호,2,700000,2025-11-28,60만원 이상
U0746,10060041,강릉 열시반펜션,2,600000,2025-04-03,40-60만원
U0747,10061610,강릉 헤이펜션,2,500000,2025-11-01,40-60만원
U0748,1000108328,강릉 게스트하우스 중앙점,2,300000,2025-08-26,20-40만원
U0749,10042157,강릉 베이스캠프카라반,4,1500000,2025-11-01,
U0750,10058072,강릉 하이오션618호,3,500000,2025-06-29,40-60만원
U0751,10040006,강릉 학동 한옥스테이,2,1300000,2025-11-12,
U0752,10057607,강릉 나비잠,3,900000,2025-12-06,60만원 이상
U0753,1000108328,강릉 게스트하우스 중앙점,2,300000,2025-06-09,20-40만원
U0754,3013306,강릉 더샾호텔,3,500000,2025-06-27,40-60만원
U0756,10060041,강릉 열시반펜션,2,200000,2025-06-19,20만원 이하
U0758,10057607,강릉 나비잠,4,1500000,2025-05-22,
U0759,3000446,강릉 라벨르호텔 프리미어 강릉역점,2,200000,2025-04-08,20만원 이하
U0760,3013306,강릉 더샾호텔,3,1100000,2025-08-05,
U0761,1000108328,강릉 게스트하우스 중앙점,5,600000,2025-05-18,40-60만원
U0762,1000109710,강릉 라라,2,300000,2025-10-14,20-40만원
U0763,10048130,강릉 라임비치스파펜션,2,900000,2025-09-15,60만원 이상
U0764,10060041,강릉 열시반펜션,5,1000000,2025-06-27,60만원 이상
U0765,1000108328,강릉 게스트하우스 중앙점,5,500000,2025-01-11,40-60만원
U0766,1000236,강릉 경포대 스완,4,1100000,2025-03-29,
U0767,10058072,강릉 하이오션618호,3,1300000,2025-04-04,
U0770,10058072,강릉 하이오션618호,2,200000,2025-03-11,20만원 이하
U0772,10061418,강릉 강문스테이,3,400000,2025-06-02,20-40만원
U0773,1000108374,강릉 세인트린느 카라반 게스트하우스,2,200000,2025-10-24,20만원 이하
U0774,10058151,강릉 미라벨펜션,2,700000,2025-09-22,60만원 이상
U0775,10062828,강릉 소나무숲펜션,2,1400000,2025-12-07,
U0776,1000108328,강릉 게스트하우스 중앙점,5,1000000,2025-10-20,60만원 이상
U0777,10040659,강릉 아카펠라 게스트하우스,3,1000000,2025-01-26,60만원 이상
U0778,10048130,강릉 라임비치스파펜션,5,3500000,2025-10-28,
U0779,1000108328,강릉 게스트하우스 중앙점,2,600000,2025-02-28,40-60만원
U0780,10060041,강릉 열시반펜션,2,500000,2025-05-23,40-60만원
U0781,1019925,강릉 HOTEL Vv,2,900000,2025-01-27,60만원 이상
U0783,10057347,강릉 해중공원펜션,2,300000,2025-05-23,20-40만원
U0784,10045118,강릉 글래드펜션,2,200000,2025-11-24,20만원 이하
U0785,10040659,강릉 아카펠라 게스트하우스,2,400000,2025-05-24,20-40만원
U0787,10057607,강릉 나비잠,5,3800000,2025-04-12,
U0788,10058072,강릉 하이오션618호,3,800000,2025-03-26,60만원 이상
U0790,1000108328,강릉 게스트하우스 중앙점,3,300000,2025-10-03,20-40만원
U0791,10046257,강릉 하쿠나마타타풀빌라,5,4400000,2025-02-05,
U0792,10060041,강릉 열시반펜션,2,700000,2025-03-28,60만원 이상
U0793,10062450,강릉 유림스테이,3,1400000,2025-03-09,
U0794,1000108328,강릉 게스트하우스 중앙점,4,400000,2025-01-17,20-40만원
U0795,10060041,강릉 열시반펜션,2,800000,2025-12-26,60만원 이상
U0796,10063337,강릉 스테이안다미로독채스파펜션,2,500000,2025-02-25,40-60만원
U0797,1000108328,강릉 게스트하우스 중앙점,4,700000,2025-11-09,60만원 이상
U0798,1000108328,강릉 게스트하우스 중앙점,5,800000,2025-10-04,60만원 이상
U0801,10061418,강릉 강문스테이,3,300000,2025-10-27,20-40만원
U0803,1000108328,강릉 게스트하우스 중앙점,2,600000,2025-11-01,40-60만원
U0804,10044704,강릉 라온펜션,3,500000,2025-09-10,40-60만원
U0805,10040659,강릉 아카펠라 게스트하우스,3,300000,2025-05-03,20-40만원
U0806,10058072,강릉 하이오션618호,3,600000,2025-10-30,40-60만원
U0807,1000108328,강릉 게스트하우스 중앙점,2,1500000,2025-11-06,
U0808,1000108328,강릉 게스트하우스 중앙점,2,200000,2025-07-12,20만원 이하
U0809,1000108328,강릉 게스트하우스 중앙점,3,1100000,2025-08-05,
U0810,10058072,강릉 하이오션618호,3,900000,2025-04-05,60만원 이상
U0813,10064423,강릉 진스테이,4,500000,2025-05-11,40-60만원
U0814,10046257,강릉 하쿠나마타타풀빌라,4,2800000,2025-11-09,
U0815,1000059,강릉 경포대 코모도,3,400000,2025-03-01,20-40만원
U0816,1000108403,강릉 경포대 료칸스테이,2,500000,2025-12-27,40-60만원
U0817,3016454,호텔하운드 강릉경포,3,2700000,2025-02-12,
U0818,10064399,강릉 더이스트펜션,2,400000,2025-10-16,20-40만원
U0819,1000108328,강릉 게스트하우스 중앙점,3,800000,2025-12-01,60만원 이상
U0820,10046137,강릉(정동진) 해맞이,3,900000,2025-09-16,60만원 이상
U0821,10058072,강릉 하이오션618호,2,1000000,2025-06-09,60만원 이상
U0822,3016454,호텔하운드 강릉경포,2,500000,2025-04-17,40-60만원
U0823,1000108328,강릉 게스트하우스 중앙점,3,800000,2025-05-30,60만원 이상
U0824,10040659,강릉 아카펠라 게스트하우스,5,1900000,2025-03-26,
U0825,3003230,강릉 S202 스파펜션,2,200000,2025-02-03,20만원 이하
U0828,10060041,강릉 열시반펜션,2,400000,2025-01-22,20-40만원
U0829,1000108328,강릉 게스트하우스 중앙점,2,900000,2025-11-04,60만원 이상
U0830,10057249,강릉 연곡펜션,3,400000,2025-08-02,20-40만원
U0831,1000108328,강릉 게스트하우스 중앙점,3,1100000,2025-10-23,
U0832,1000108328,강릉 게스트하우스 중앙점,4,1100000,2025-06-13,
U0833,1000109710,강릉 라라,5,600000,2025-04-14,40-60만원
U0834,10064392,강릉 파라다이스펜션,2,400000,2025-02-18,20-40만원
U0835,1000108328,강릉 게스트하우스 중앙점,3,700000,2025-05-07,60만원 이상
U0836,10063103,강릉 사천의밤,2,200000,2025-03-27,20만원 이하
U0837,1000100071,강릉 경포대 아이리스 스테이,2,200000,2025-07-04,20만원 이하
U0839,10058072,강릉 하이오션618호,4,400000,2025-11-26,20-40만원
U0840,10060041,강릉 열시반펜션,3,700000,2025-03-04,60만원 이상
U0842,10058072,강릉 하이오션618호,4,1200000,2025-04-22,
U0843,10046257,강릉 하쿠나마타타풀빌라,2,1600000,2025-07-15,
U0844,10060041,강릉 열시반펜션,5,1000000,2025-10-07,60만원 이상
U0845,10048130,강릉 라임비치스파펜션,2,900000,2025-05-09,60만원 이상
U0847,10056273,강릉 머물구자펜션,3,900000,2025-03-15,60만원 이상
U0848,10060041,강릉 열시반펜션,3,700000,2025-11-27,60만원 이상
U0849,10057607,강릉 나비잠,3,2300000,2025-09-08,
U0850,1000108328,강릉 게스트하우스 중앙점,5,1300000,2025-09-05,
U0851,3017781,강릉 아스라,4,900000,2025-11-02,60만원 이상
U0852,1000108328,강릉 게스트하우스 중앙점,2,400000,2025-08-03,20-40만원
U0853,1000108328,강릉 게스트하우스 중앙점,2,900000,2025-09-12,60만원 이상
U0855,10060041,강릉 열시반펜션,2,300000,2025-07-28,20-40만원
U0856,10058151,강릉 미라벨펜션,2,1300000,2025-05-13,
U0857,1000108328,강릉 게스트하우스 중앙점,3,300000,2025-10-26,20-40만원
U0858,1000108328,강릉 게스트하우스 중앙점,4,500000,2025-01-16,40-60만원
U0859,1000108328,강릉 게스트하우스 중앙점,3,400000,2025-08-28,20-40만원
U0860,1000109710,강릉 라라,2,1700000,2025-12-27,
U0861,10044704,강릉 라온펜션,2,700000,2025-10-28,60만원 이상
U0862,10058072,강릉 하이오션618호,2,1500000,2025-02-15,
U0863,10060041,강릉 열시반펜션,3,1400000,2025-02-28,
U0864,1000108328,강릉 게스트하우스 중앙점,4,500000,2025-02-14,40-60만원
U0865,1000108328,강릉 게스트하우스 중앙점,2,300000,2025-08-29,20-40만원
U0866,1000111929,강릉 산타비치펜션(경포해변인근),3,900000,2025-10-05,60만원 이상
U0869,10048410,강릉 지지(GG)펜션,2,300000,2025-06-20,20-40만원
U0871,1000108328,강릉 게스트하우스 중앙점,2,200000,2025-01-20,20만원 이하
U0872,1000108328,강릉 게스트하우스 중앙점,3,400000,2025-12-30,20-40만원
U0874,10044704,강릉 라온펜션,2,200000,2025-08-11,20만원 이하
U0875,10044704,강릉 라온펜션,2,200000,2025-11-11,20만원 이하
U0876,3017781,강릉 아스라,5,500000,2025-11-23,40-60만원
U0877,10046137,강릉(정동진) 해맞이,2,300000,2025-08-16,20-40만원
U0880,3008141,강릉관광호텔,2,500000,2025-11-16,40-60만원
U0881,1000109710,강릉 라라,2,600000,2025-12-13,40-60만원
U0882,10045118,강릉 글래드펜션,2,300000,2025-07-09,20-40만원
U0883,10058072,강릉 하이오션618호,2,500000,2025-03-04,40-60만원
U0884,10064392,강릉 파라다이스펜션,4,900000,2025-05-09,60만원 이상
U0886,10058072,강릉 하이오션618호,3,700000,2025-08-01,60만원 이상
U0887,3014465,강릉 타워모텔,2,200000,2025-11-09,20만원 이하
U0888,10064446,강릉 경포 블루비치펜션,5,700000,2025-01-16,60만원 이상
U0889,10060041,강릉 열시반펜션,2,300000,2025-12-18,20-40만원
U0890,10060041,강릉 열시반펜션,3,600000,2025-01-06,40-60만원
U0891,1000108328,강릉 게스트하우스 중앙점,2,1300000,2025-08-14,
U0892,10046257,강릉 하쿠나마타타풀빌라,2,1600000,2025-04-17,
U0894,1000108328,강릉 게스트하우스 중앙점,4,700000,2025-08-20,60만원 이상
U0895,10040659,강릉 아카펠라 게스트하우스,3,300000,2025-09-20,20-40만원
U0896,10048130,강릉 라임비치스파펜션,3,400000,2025-05-13,20-40만원
U0897,1000236,강릉 경포대 스완,2,1600000,2025-01-17,
U0898,10047953,강릉 1012독채펜션,2,200000,2025-06-25,20만원 이하
U0900,10060041,강릉 열시반펜션,2,900000,2025-11-24,60만원 이상
U0901,1000108328,강릉 게스트하우스 중앙점,5,1100000,2025-07-05,
U0902,10048130,강릉 라임비치스파펜션,2,1000000,2025-05-25,60만원 이상
U0904,3003230,강릉 S202 스파펜션,2,1300000,2025-05-16,
U0906,1000108328,강릉 게스트하우스 중앙점,5,600000,2025-07-07,40-60만원
U0907,10064335,강릉 안목다락,3,1100000,2025-05-16,
U0908,10060041,강릉 열시반펜션,3,600000,2025-04-11,40-60만원
U0909,10057607,강릉 나비잠,2,400000,2025-05-03,20-40만원
U0910,27857,강릉 미성장모텔,3,300000,2025-01-24,20-40만원
U0911,3016454,호텔하운드 강릉경포,3,1000000,2025-09-22,60만원 이상
U0913,3000446,강릉 라벨르호텔 프리미어 강릉역점,3,500000,2025-03-31,40-60만원
U0914,3012679,강릉 경포대 산토리니,5,900000,2025-07-15,60만원 이상
U0915,10060041,강릉 열시반펜션,2,400000,2025-07-31,20-40만원
U0916,1000109710,강릉 라라,2,300000,2025-08-07,20-40만원
U0917,10058072,강릉 하이오션618호,4,900000,2025-09-24,60만원 이상
U0918,1000109262,강릉 숨어있는집펜션,3,700000,2025-12-20,60만원 이상
U0919,10061418,강릉 강문스테이,2,300000,2025-10-14,20-40만원
U0920,1000108328,강릉 게스트하우스 중앙점,4,1300000,2025-11-01,
U0921,1000108328,강릉 게스트하우스 중앙점,4,700000,2025-06-25,60만원 이상
U0922,10057347,강릉 해중공원펜션,4,500000,2025-05-28,40-60만원
U0924,10060041,강릉 열시반펜션,2,500000,2025-06-07,40-60만원
U0925,1000236,강릉 경포대 스완,2,800000,2025-10-10,60만원 이상
U0926,3000446,강릉 라벨르호텔 프리미어 강릉역점,2,200000,2025-05-15,20만원 이하
U0927,3017781,강릉 아스라,4,1000000,2025-11-22,60만원 이상
U0928,1000108328,강릉 게스트하우스 중앙점,4,400000,2025-02-02,20-40만원
U0929,1000108328,강릉 게스트하우스 중앙점,3,1400000,2025-07-15,
U0930,10065298,강릉 머뭄풀빌라,2,1600000,2025-10-31,
U0931,10058072,강릉 하이오션618호,2,200000,2025-03-16,20만원 이하
U0933,1000102592,강릉 경포대 인터파크,3,1000000,2025-01-03,60만원 이상
U0934,10046137,강릉(정동진) 해맞이,2,300000,2025-07-05,20-40만원
U0935,10056273,강릉 머물구자펜션,2,300000,2025-11-30,20-40만원
U0937,10060041,강릉 열시반펜션,2,400000,2025-04-20,20-40만원
U0938,10061418,강릉 강문스테이,2,700000,2025-06-08,60만원 이상
U0939,1000108328,강릉 게스트하우스 중앙점,5,1300000,2025-08-29,
U0940,10062414,강릉 스테이인터뷰,2,600000,2025-02-11,40-60만원
U0941,27240,강릉 부띠크 루소호텔,5,1400000,2025-05-27,
U0942,10040659,강릉 아카펠라 게스트하우스,5,4200000,2025-03-14,
U0943,10058072,강릉 하이오션618호,3,600000,2025-03-31,40-60만원
U0944,10048155,강릉 경포의휴일펜션,3,400000,2025-06-16,20-40만원
U0945,10062450,강릉 유림스테이,2,1800000,2025-03-09,
U0947,1000108328,강릉 게스트하우스 중앙점,2,200000,2025-04-14,20만원 이하
U0948,1000108328,강릉 게스트하우스 중앙점,3,400000,2025-09-06,20-40만원
U0949,10047953,강릉 1012독채펜션,2,1500000,2025-02-11,
U0950,3017781,강릉 아스라,2,200000,2025-08-09,20만원 이하
U0951,10064423,강릉 진스테이,2,500000,2025-06-12,40-60만원
U0953,10058072,강릉 하이오션618호,3,1900000,2025-02-23,
U0954,10048130,강릉 라임비치스파펜션,5,600000,2025-03-24,40-60만원
U0955,10060041,강릉 열시반펜션,3,400000,2025-04-28,20-40만원
U0956,10060041,강릉 열시반펜션,3,600000,2025-08-26,40-60만원
U0957,10065274,강릉 호텔 감재,2,400000,2025-08-16,20-40만원
U0959,10062294,강릉 노빌레펜션,2,500000,2025-06-06,40-60만원
U0960,3017781,강릉 아스라,3,400000,2025-08-21,20-40만원
U0961,10047953,강릉 1012독채펜션,2,300000,2025-02-24,20-40만원
U0962,3008141,강릉관광호텔,2,400000,2025-08-26,20-40만원
U0963,10058072,강릉 하이오션618호,4,800000,2025-02-09,60만원 이상
U0964,3017781,강릉 아스라,5,1000000,2025-08-21,60만원 이상
U0965,10062414,강릉 스테이인터뷰,2,400000,2025-06-05,20-40만원
U0966,10058072,강릉 하이오션618호,3,400000,2025-09-14,20-40만원
U0967,10044704,강릉 라온펜션,3,1300000,2025-04-14,
U0968,10040659,강릉 아카펠라 게스트하우스,2,200000,2025-06-20,20만원 이하
U0969,3000446,강릉 라벨르호텔 프리미어 강릉역점,3,2200000,2025-01-28,
U0970,10059419,강릉 치즈바다,2,500000,2025-03-11,40-60만원
U0971,10040005,강릉 이팝게스트하우스,2,300000,2025-11-13,20-40만원
U0972,10064423,강릉 진스테이,3,1300000,2025-07-24,
U0973,10058072,강릉 하이오션618호,2,300000,2025-05-06,20-40만원
U0974,1000109710,강릉 라라,3,300000,2025-05-02,20-40만원
U0975,1000108328,강릉 게스트하우스 중앙점,5,1600000,2025-10-12,
U0976,1000090928,강릉 경포솔향기펜션,2,700000,2025-08-11,60만원 이상
U0977,10044704,강릉 라온펜션,5,900000,2025-08-26,60만원 이상
U0978,10061720,강릉 스테이 이플,2,1000000,2025-03-13,60만원 이상
U0979,10044704,강릉 라온펜션,2,800000,2025-09-30,60만원 이상
U0980,10062547,강릉 강문스토리,4,500000,2025-07-19,40-60만원
U0981,10057607,강릉 나비잠,4,1600000,2025-04-20,
U0982,10057607,강릉 나비잠,3,700000,2025-06-26,60만원 이상
U0983,10058072,강릉 하이오션618호,5,2000000,2025-05-26,
U0984,10062450,강릉 유림스테이,2,500000,2025-11-16,40-60만원
U0986,1000145,강릉 더뷰티호텔,5,2200000,2025-05-11,
U0987,10058072,강릉 하이오션618호,4,1400000,2025-04-20,
U0988,10044704,강릉 라온펜션,5,4700000,2025-01-24,
U0989,10062547,강릉 강문스토리,3,600000,2025-01-16,40-60만원
U0990,1000108328,강릉 게스트하우스 중앙점,3,600000,2025-05-31,40-60만원
U0991,10060041,강릉 열시반펜션,2,400000,2025-12-10,20-40만원
U0992,1000108328,강릉 게스트하우스 중앙점,2,400000,2025-05-31,20-40만원
U0993,10060041,강릉 열시반펜션,5,1300000,2025-07-07,
U0995,3003230,강릉 S202 스파펜션,2,300000,2025-10-20,20-40만원
U0996,1000109710,강릉 라라,3,300000,2025-06-29,20-40만원
U0998,10062294,강릉 노빌레펜션,2,1600000,2025-04-08,
U0999,10057607,강릉 나비잠,2,400000,2025-12-09,20-40만원
U1000,1000110189,강릉 신나는펜션,2,600000,2025-10-25,40-60만원
